date,weather_code,temperature_2m_max,temperature_2m_min,temperature_2m_mean,apparent_temperature_max,apparent_temperature_min,apparent_temperature_mean,sunrise,sunset,daylight_duration,sunshine_duration,precipitation_sum,rain_sum,snowfall_sum,precipitation_hours,wind_speed_10m_max,wind_gusts_10m_max,wind_direction_10m_dominant,shortwave_radiation_sum,et0_fao_evapotranspiration,city
2022-11-15,0.0,27.7,14.4,21.1,27.0,14.2,21.1,2022-11-15 00:55:00,2022-11-15 11:45:00,38988.76,34175.98,0.0,0.0,0.0,0.0,12.7,25.2,281.0,14.49,3.38,Lucknow
2023-12-12,1.0,31.4,19.9,25.2,33.3,20.4,25.9,2023-12-12 01:32:00,2023-12-12 12:32:00,39598.71,36000.0,0.0,0.0,0.0,0.0,18.8,38.5,347.0,16.65,4.56,Mumbai
2016-04-07,2.0,35.7,20.9,28.1,35.1,19.8,26.8,2016-04-07 00:31:00,2016-04-07 13:08:00,45409.73,40765.0,0.0,0.0,0.0,0.0,13.0,29.9,298.0,20.7,6.44,Agra
2017-08-26,61.0,31.3,25.8,27.6,36.9,31.8,33.7,2017-08-26 00:13:00,2017-08-26 13:03:00,46173.91,7597.66,8.3,8.3,0.0,10.0,13.1,28.1,88.0,10.41,2.34,Lucknow
2021-10-22,3.0,31.2,20.9,25.9,32.5,22.4,27.1,2021-10-22 00:41:00,2021-10-22 12:20:00,41924.78,39359.86,0.0,0.0,0.0,0.0,9.4,24.5,344.0,21.7,4.87,Hyderabad
2017-10-28,0.0,30.5,17.8,23.8,32.1,19.3,25.3,2017-10-28 00:43:00,2017-10-28 11:56:00,40373.71,36221.86,0.0,0.0,0.0,0.0,9.1,15.8,46.0,16.26,3.54,Lucknow
2022-08-05,63.0,27.8,22.4,23.8,32.1,25.7,27.8,2022-08-05 00:43:00,2022-08-05 13:37:00,46444.89,8760.05,20.9,20.9,0.0,19.0,11.8,26.3,241.0,10.71,2.21,Pune
2019-07-16,51.0,32.4,24.7,28.4,35.4,27.5,31.2,2019-07-16 00:20:00,2019-07-16 13:24:00,47017.08,43200.0,0.3,0.3,0.0,3.0,18.5,39.2,279.0,21.75,5.6,Hyderabad
2023-04-14,1.0,38.4,22.6,30.5,39.1,21.8,29.6,2023-04-14 00:25:00,2023-04-14 13:11:00,45998.62,40376.69,0.0,0.0,0.0,0.0,13.3,24.8,301.0,23.54,6.88,Agra
2021-05-11,51.0,34.7,27.7,30.8,39.3,33.6,35.8,2021-05-10 23:56:00,2021-05-11 12:50:00,46497.33,37908.33,0.4,0.4,0.0,1.0,24.6,51.8,220.0,21.39,5.5,Visakhapatnam
2017-01-23,1.0,33.0,19.9,25.6,34.8,21.2,26.3,2017-01-23 01:44:00,2017-01-23 12:56:00,40308.62,37584.45,0.0,0.0,0.0,0.0,16.4,31.3,356.0,19.52,4.99,Mumbai
2016-03-04,51.0,35.2,21.8,27.9,36.8,20.7,28.3,2016-03-04 01:28:00,2016-03-04 13:14:00,42374.79,39144.83,0.2,0.2,0.0,1.0,10.1,25.6,186.0,21.24,5.47,Ahmedabad
2022-05-27,1.0,33.8,22.4,27.2,34.6,24.1,27.9,2022-05-27 00:25:00,2022-05-27 13:38:00,47584.08,43200.0,0.0,0.0,0.0,0.0,24.1,48.6,256.0,24.74,6.81,Nashik
2019-10-25,63.0,24.8,21.4,23.2,28.9,23.6,26.7,2019-10-25 00:07:00,2019-10-25 11:34:00,41188.71,0.0,50.6,50.6,0.0,21.0,17.7,43.9,159.0,2.4,0.6,Howrah
2023-01-02,3.0,18.3,6.4,12.6,17.3,4.6,11.6,2023-01-02 01:44:00,2023-01-02 12:05:00,37318.09,33813.4,0.0,0.0,0.0,0.0,7.0,15.8,331.0,12.59,1.98,Delhi
2016-06-15,2.0,32.4,24.4,28.3,33.1,25.0,29.0,2016-06-15 00:11:00,2016-06-15 13:21:00,47372.29,43115.09,0.0,0.0,0.0,0.0,27.7,53.6,268.0,23.5,6.79,Hyderabad
2016-07-06,53.0,30.4,25.6,27.9,35.2,30.2,32.7,2016-07-05 23:51:00,2016-07-06 13:35:00,49436.39,5159.35,3.9,3.9,0.0,11.0,15.6,32.0,33.0,7.7,2.19,Kanpur
2022-02-22,3.0,30.2,16.6,23.1,30.6,17.8,24.9,2022-02-22 00:33:00,2022-02-22 12:06:00,41599.75,38588.78,0.0,0.0,0.0,0.0,10.0,21.2,172.0,18.23,3.83,Kolkata
2023-03-09,61.0,30.0,16.0,21.8,30.7,16.0,22.0,2023-03-09 00:52:00,2023-03-09 12:41:00,42557.22,31391.2,2.6,2.6,0.0,2.0,20.1,39.6,293.0,17.81,3.99,Lucknow
2022-09-25,61.0,27.5,24.0,25.9,33.7,28.4,30.8,2022-09-25 00:58:00,2022-09-25 13:02:00,43466.29,37596.34,4.9,4.9,0.0,13.0,12.1,26.3,243.0,19.23,3.62,Mumbai
2020-08-19,65.0,29.6,25.8,27.0,34.5,28.9,30.8,2020-08-18 23:44:00,2020-08-19 12:34:00,46191.46,17106.32,62.6,62.6,0.0,23.0,29.3,51.8,97.0,10.3,2.33,Kolkata
2017-01-26,61.0,25.8,11.8,19.0,26.1,11.2,19.1,2017-01-26 01:24:00,2017-01-26 12:13:00,38983.79,35461.63,2.4,2.4,0.0,3.0,13.0,28.1,96.0,16.87,3.24,Lucknow
2018-01-23,0.0,25.3,10.8,18.2,25.2,9.5,18.0,2018-01-23 00:48:00,2018-01-23 11:48:00,39621.52,35594.68,0.0,0.0,0.0,0.0,9.7,14.8,203.0,15.96,2.99,Howrah
2022-09-17,63.0,30.4,24.0,26.5,35.8,29.1,31.7,2022-09-17 00:25:00,2022-09-17 12:41:00,44159.41,16585.76,8.0,8.0,0.0,10.0,13.0,31.7,283.0,13.1,2.86,Kanpur
2022-11-22,1.0,28.5,16.4,22.7,29.2,15.8,23.1,2022-11-22 01:14:00,2022-11-22 12:26:00,40259.48,36594.76,0.0,0.0,0.0,0.0,9.4,24.8,67.0,18.28,3.88,Pune
2022-11-10,51.0,27.0,16.5,21.4,27.7,16.6,21.8,2022-11-10 00:46:00,2022-11-10 12:20:00,41666.42,39085.61,0.4,0.4,0.0,3.0,17.7,32.4,53.0,20.81,4.36,Bengaluru
2022-07-13,63.0,23.6,21.7,22.5,26.6,22.3,23.8,2022-07-13 00:33:00,2022-07-13 13:47:00,47676.69,0.0,77.6,77.6,0.0,24.0,26.9,54.7,250.0,3.69,1.02,Nashik
2022-05-16,3.0,42.8,26.5,33.4,47.1,29.1,37.2,2022-05-15 23:48:00,2022-05-16 13:17:00,48540.49,37633.43,0.0,0.0,0.0,0.0,18.6,31.0,110.0,19.94,6.16,Lucknow
2022-05-27,2.0,40.3,27.5,32.6,41.4,29.9,34.5,2022-05-27 00:24:00,2022-05-27 13:48:00,48258.41,41605.93,0.0,0.0,0.0,0.0,25.3,46.1,233.0,24.02,8.12,Ahmedabad
2022-09-18,51.0,27.0,18.3,22.5,29.5,20.2,24.3,2022-09-18 00:38:00,2022-09-18 12:49:00,43805.1,35291.34,0.4,0.4,0.0,4.0,14.8,30.6,275.0,21.23,4.27,Bengaluru
2016-05-18,51.0,35.1,26.3,30.1,37.3,30.0,32.9,2016-05-18 00:13:00,2016-05-18 13:11:00,46725.82,16264.67,0.2,0.2,0.0,1.0,14.0,32.0,122.0,15.1,4.73,Hyderabad
2021-05-02,2.0,33.7,26.9,30.1,39.9,34.0,36.5,2021-05-02 00:39:00,2021-05-02 13:31:00,46291.39,43078.69,0.0,0.0,0.0,0.0,15.9,32.0,282.0,22.65,5.18,Mumbai
2017-04-09,0.0,39.0,21.3,30.2,39.5,19.9,28.6,2017-04-09 00:52:00,2017-04-09 13:20:00,44881.0,42308.33,0.0,0.0,0.0,0.0,14.4,34.2,299.0,27.35,7.7,Pune
2017-07-03,61.0,26.1,22.7,24.1,27.1,24.3,25.9,2017-07-03 00:29:00,2017-07-03 13:48:00,47914.89,35641.32,5.2,5.2,0.0,14.0,28.1,60.5,250.0,15.38,3.04,Nashik
2018-08-19,63.0,31.3,26.0,27.9,39.6,30.9,33.9,2018-08-18 23:44:00,2018-08-19 12:35:00,46230.21,15875.35,15.2,15.2,0.0,20.0,15.5,30.2,101.0,12.79,2.8,Kolkata
2017-05-10,63.0,30.8,22.6,26.1,36.5,26.9,30.7,2017-05-09 23:09:00,2017-05-10 12:29:00,48018.11,33119.43,9.7,9.7,0.0,5.0,9.4,24.5,78.0,20.14,4.2,Guwahati
2023-02-17,3.0,29.1,20.7,24.5,32.4,22.8,27.1,2023-02-17 01:00:00,2023-02-17 12:45:00,42260.82,38090.99,0.0,0.0,0.0,0.0,13.9,32.0,122.0,23.02,4.71,Chennai
2021-01-22,0.0,26.0,12.8,19.0,25.5,12.1,18.3,2021-01-22 00:48:00,2021-01-22 11:48:00,39585.85,35592.32,0.0,0.0,0.0,0.0,10.1,22.0,15.0,16.11,3.44,Howrah
2015-08-01,51.0,29.9,25.5,27.7,34.3,29.8,32.0,2015-08-01 00:11:00,2015-08-01 13:36:00,48291.02,24952.63,0.2,0.2,0.0,2.0,12.4,30.2,236.0,13.21,3.22,Agra
2016-07-06,63.0,25.6,20.0,21.8,26.8,21.2,23.1,2016-07-06 00:28:00,2016-07-06 13:20:00,46287.52,24207.93,16.4,16.4,0.0,14.0,21.5,48.6,259.0,12.93,2.59,Bengaluru
2016-06-27,63.0,36.2,26.5,31.4,42.0,32.7,37.2,2016-06-26 23:55:00,2016-06-27 13:46:00,49828.41,42374.57,12.9,12.9,0.0,10.0,12.5,26.3,107.0,20.31,5.14,Agra
2016-07-29,63.0,32.1,26.3,28.7,40.4,33.0,35.4,2016-07-28 23:37:00,2016-07-29 12:49:00,47519.04,26748.45,4.9,4.9,0.0,6.0,7.6,20.2,173.0,16.16,3.49,Howrah
2021-11-11,1.0,29.9,17.3,23.2,28.3,16.5,21.7,2021-11-11 01:09:00,2021-11-11 12:28:00,40726.27,36630.05,0.0,0.0,0.0,0.0,15.7,34.2,79.0,18.54,5.01,Pune
2023-12-22,3.0,28.3,13.5,21.1,28.1,14.0,21.0,2023-12-22 01:11:00,2023-12-22 12:17:00,39929.11,36238.41,0.0,0.0,0.0,0.0,9.5,20.2,117.0,17.66,3.81,Hyderabad
2020-11-10,0.0,32.5,20.3,25.7,33.0,20.6,26.4,2020-11-10 01:13:00,2020-11-10 12:31:00,40669.57,36798.03,0.0,0.0,0.0,0.0,14.3,28.4,49.0,19.73,4.91,Mumbai
2016-09-08,1.0,32.9,26.5,29.5,36.7,30.8,33.5,2016-09-08 00:27:00,2016-09-08 12:45:00,44219.43,39753.74,0.0,0.0,0.0,0.0,15.1,29.5,209.0,20.52,5.08,Chennai
2016-04-23,0.0,39.8,28.0,33.4,45.9,33.3,38.2,2016-04-22 23:39:00,2016-04-23 12:30:00,46245.36,43070.73,0.0,0.0,0.0,0.0,19.1,36.0,194.0,25.86,7.52,Howrah
2018-12-24,0.0,28.4,12.6,19.9,26.5,10.3,17.5,2018-12-24 01:47:00,2018-12-24 12:30:00,38594.91,35300.89,0.0,0.0,0.0,0.0,13.4,23.0,3.0,15.51,4.38,Ahmedabad
2018-06-21,51.0,30.5,27.4,28.9,34.0,32.0,32.8,2018-06-21 00:31:00,2018-06-21 13:48:00,47805.77,33073.32,2.1,2.1,0.0,11.0,24.7,46.4,288.0,17.23,4.3,Mumbai
2015-04-24,63.0,30.5,20.1,24.3,36.0,22.8,27.7,2015-04-24 00:32:00,2015-04-24 13:03:00,45068.32,41373.16,4.3,4.3,0.0,4.0,10.3,22.3,356.0,23.62,4.95,Bengaluru
2018-04-04,61.0,36.9,22.8,29.5,38.2,23.0,29.1,2018-04-04 00:24:00,2018-04-04 12:54:00,45059.08,34431.0,1.8,1.8,0.0,3.0,18.1,37.8,108.0,19.61,6.41,Lucknow
2021-01-19,0.0,28.2,18.1,23.1,31.1,19.8,25.4,2021-01-19 01:01:00,2021-01-19 12:14:00,40414.72,37699.82,0.0,0.0,0.0,0.0,14.2,33.5,186.0,18.94,3.75,Visakhapatnam
2019-11-05,1.0,29.4,17.8,23.2,28.8,18.2,23.3,2019-11-05 00:48:00,2019-11-05 11:51:00,39756.55,35495.26,0.0,0.0,0.0,0.0,18.7,35.3,272.0,15.61,4.05,Lucknow
2019-11-11,3.0,29.5,19.8,24.1,31.0,21.5,26.0,2019-11-11 00:48:00,2019-11-11 12:11:00,40943.72,38299.95,0.0,0.0,0.0,0.0,11.9,28.4,74.0,17.47,3.85,Hyderabad
2017-11-14,3.0,30.5,19.3,24.7,32.8,20.5,25.9,2017-11-14 00:50:00,2017-11-14 12:10:00,40794.29,27549.77,0.0,0.0,0.0,0.0,10.8,24.1,9.0,14.68,3.74,Hyderabad
2018-05-30,1.0,38.5,27.4,32.5,42.7,29.1,35.5,2018-05-29 23:43:00,2018-05-30 13:24:00,49290.52,39928.45,0.0,0.0,0.0,0.0,19.1,38.9,88.0,23.44,7.04,Lucknow
2023-11-30,1.0,28.2,17.1,22.5,29.7,17.3,23.6,2023-11-30 01:32:00,2023-11-30 12:23:00,39012.66,35965.54,0.0,0.0,0.0,0.0,12.1,23.8,31.0,15.38,3.33,Ahmedabad
2015-03-30,53.0,26.7,18.5,22.1,29.8,19.7,23.9,2015-03-30 00:29:00,2015-03-30 12:52:00,44560.22,32782.34,2.9,2.9,0.0,8.0,16.1,29.2,65.0,15.49,3.17,Lucknow
2017-08-19,63.0,30.5,26.3,28.1,35.3,31.3,32.9,2017-08-19 00:22:00,2017-08-19 13:26:00,47034.02,18262.5,6.3,6.3,0.0,6.0,16.5,32.0,107.0,11.56,2.9,Delhi
2018-08-24,63.0,30.9,25.6,27.8,37.1,31.3,33.7,2018-08-23 23:46:00,2018-08-24 12:31:00,45873.32,15908.24,10.8,10.8,0.0,18.0,13.6,27.7,149.0,12.62,2.74,Kolkata
2021-10-31,0.0,29.0,16.3,22.5,27.8,14.9,21.4,2021-10-31 01:02:00,2021-10-31 12:07:00,39849.13,35334.83,0.0,0.0,0.0,0.0,15.2,29.5,266.0,15.74,4.07,Delhi
2018-03-02,1.0,30.8,16.7,22.8,31.1,16.3,22.7,2018-03-02 01:15:00,2018-03-02 12:51:00,41791.02,36413.43,0.0,0.0,0.0,0.0,13.0,36.4,318.0,18.46,4.55,Delhi
2020-01-13,3.0,20.9,7.9,13.7,21.4,7.0,13.5,2020-01-13 01:26:00,2020-01-13 12:02:00,38172.73,29856.49,0.0,0.0,0.0,0.0,9.0,15.1,90.0,12.7,2.06,Lucknow
2017-04-20,63.0,33.3,27.2,29.9,35.4,30.2,33.1,2017-04-19 23:42:00,2017-04-20 12:28:00,46011.93,33638.57,4.7,4.7,0.0,2.0,31.3,61.9,191.0,18.71,5.43,Howrah
2021-10-12,51.0,28.6,20.4,24.2,33.2,23.7,28.0,2021-10-12 00:58:00,2021-10-12 12:43:00,42294.29,37160.38,0.5,0.5,0.0,4.0,8.0,19.8,51.0,18.48,3.75,Nashik
2016-05-30,2.0,34.7,29.2,31.3,42.3,34.6,38.0,2016-05-29 23:51:00,2016-05-30 12:57:00,47185.9,43282.57,0.0,0.0,0.0,0.0,20.4,35.3,218.0,25.03,5.75,Visakhapatnam
2017-01-21,1.0,26.1,12.6,19.0,24.6,10.9,17.6,2017-01-21 00:48:00,2017-01-21 11:46:00,39533.0,36528.0,0.0,0.0,0.0,0.0,14.9,31.3,343.0,18.62,4.11,Kolkata
2021-04-23,1.0,36.8,22.3,28.7,37.4,20.7,27.5,2021-04-23 00:42:00,2021-04-23 13:23:00,45710.47,42970.38,0.0,0.0,0.0,0.0,20.7,43.2,283.0,25.73,7.26,Pune
2016-01-18,3.0,26.4,16.3,21.5,28.0,16.9,22.4,2016-01-18 00:48:00,2016-01-18 11:44:00,39346.36,31887.24,0.0,0.0,0.0,0.0,7.1,20.5,67.0,15.2,2.93,Kolkata
2023-02-17,1.0,26.4,13.0,19.8,28.5,12.9,20.6,2023-02-17 01:23:00,2023-02-17 12:40:00,40661.38,36000.0,0.0,0.0,0.0,0.0,9.5,14.4,333.0,18.38,3.45,Agra
2019-02-07,2.0,28.9,21.2,25.8,32.4,24.7,29.3,2019-02-07 01:04:00,2019-02-07 12:41:00,41872.55,37282.88,0.0,0.0,0.0,0.0,13.6,32.8,124.0,20.66,4.33,Chennai
2021-01-21,0.0,26.6,13.0,19.6,25.9,12.5,18.9,2021-01-21 00:48:00,2021-01-21 11:47:00,39534.32,35584.76,0.0,0.0,0.0,0.0,10.2,25.2,2.0,16.17,3.59,Howrah
2015-03-31,51.0,30.7,23.3,26.7,36.3,27.7,31.3,2015-03-31 00:00:00,2015-03-31 12:21:00,44463.09,39178.46,0.3,0.3,0.0,1.0,13.2,32.8,272.0,20.66,4.23,Howrah
2019-02-15,63.0,23.9,13.9,17.7,23.8,14.1,17.7,2019-02-15 01:12:00,2019-02-15 12:27:00,40524.88,24264.95,8.2,8.2,0.0,9.0,23.8,40.0,127.0,11.03,2.2,Lucknow
2022-03-21,3.0,30.6,23.5,27.5,35.3,26.8,30.0,2022-03-21 01:11:00,2022-03-21 13:19:00,43680.89,38401.64,0.0,0.0,0.0,0.0,24.2,42.8,327.0,19.62,5.2,Mumbai
2023-05-19,1.0,34.1,21.0,27.5,36.3,23.7,28.9,2023-05-19 00:23:00,2023-05-19 13:08:00,45916.98,42422.12,0.0,0.0,0.0,0.0,19.3,32.0,263.0,24.66,6.06,Bengaluru
2023-11-02,63.0,30.8,20.4,25.0,34.5,23.4,28.1,2023-11-02 00:44:00,2023-11-02 12:14:00,41373.54,38183.33,7.1,7.1,0.0,9.0,18.5,31.7,90.0,18.82,4.08,Hyderabad
2016-02-06,1.0,23.9,10.3,17.8,24.2,9.3,17.6,2016-02-06 01:00:00,2016-02-06 12:06:00,39942.23,35530.8,0.0,0.0,0.0,0.0,8.4,18.0,104.0,17.69,3.15,Patna
2017-04-11,3.0,36.7,24.7,29.9,37.7,27.2,32.5,2017-04-10 23:49:00,2017-04-11 12:25:00,45350.04,39600.0,0.0,0.0,0.0,0.0,13.8,24.8,236.0,25.85,6.51,Kolkata
2022-03-01,0.0,25.8,12.3,18.5,26.3,11.5,17.9,2022-03-01 01:02:00,2022-03-01 12:39:00,41853.14,37214.27,0.0,0.0,0.0,0.0,10.0,17.6,311.0,20.22,4.05,Kanpur
2019-05-15,63.0,35.5,27.6,30.6,41.9,32.9,35.7,2019-05-14 23:26:00,2019-05-15 12:39:00,47589.89,39588.81,10.1,10.1,0.0,3.0,20.9,41.8,189.0,22.61,5.67,Howrah
2023-11-16,1.0,28.7,17.8,23.4,30.9,18.5,25.0,2023-11-16 00:37:00,2023-11-16 11:30:00,39183.05,35479.77,0.0,0.0,0.0,0.0,9.1,15.8,25.0,13.5,2.88,Patna
2016-01-01,1.0,25.6,13.3,18.7,24.0,11.8,17.6,2016-01-01 01:11:00,2016-01-01 12:34:00,40952.99,37318.44,0.0,0.0,0.0,0.0,19.8,41.8,74.0,20.78,4.31,Bengaluru
2021-11-07,1.0,28.4,16.9,22.3,29.8,18.2,23.6,2021-11-07 00:05:00,2021-11-07 11:07:00,39673.09,36012.86,0.0,0.0,0.0,0.0,12.6,26.3,90.0,16.24,3.43,Guwahati
2018-02-19,3.0,30.4,18.2,23.5,31.5,20.1,25.1,2018-02-19 00:35:00,2018-02-19 12:05:00,41372.18,34352.64,0.0,0.0,0.0,0.0,15.9,30.6,199.0,17.22,4.01,Howrah
2017-02-09,1.0,24.5,10.1,17.6,23.8,8.5,16.4,2017-02-09 01:16:00,2017-02-09 12:24:00,40057.43,36406.12,0.0,0.0,0.0,0.0,16.8,27.7,312.0,17.95,3.76,Lucknow
2018-07-08,63.0,31.8,26.8,29.0,37.5,31.8,33.9,2018-07-07 23:27:00,2018-07-08 12:54:00,48429.02,37595.02,4.6,4.6,0.0,9.0,21.8,40.0,146.0,18.97,4.33,Kolkata
2023-07-29,51.0,25.4,22.6,23.5,26.3,24.5,25.2,2023-07-29 00:41:00,2023-07-29 13:40:00,46779.82,4716.3,1.6,1.6,0.0,11.0,26.4,49.3,261.0,10.26,2.25,Pune
2019-04-12,1.0,35.8,24.8,30.0,39.4,28.4,32.8,2019-04-12 00:00:00,2019-04-12 12:40:00,45662.7,40100.08,0.0,0.0,0.0,0.0,13.3,29.2,77.0,20.73,5.7,Patna
2016-04-17,1.0,35.7,20.6,27.7,34.6,21.3,28.2,2016-04-17 00:44:00,2016-04-17 13:23:00,45533.66,42792.91,0.0,0.0,0.0,0.0,15.1,34.2,285.0,27.41,7.09,Nashik
2017-06-03,63.0,29.4,23.6,26.1,35.4,27.7,31.3,2017-06-02 23:00:00,2017-06-03 12:41:00,49293.84,34321.24,13.3,13.3,0.0,15.0,14.0,38.5,227.0,14.97,3.02,Guwahati
2023-11-08,63.0,28.8,23.5,25.9,34.2,27.8,30.7,2023-11-08 00:35:00,2023-11-08 12:10:00,41720.11,34775.41,12.8,12.8,0.0,17.0,17.2,35.6,36.0,14.5,2.88,Chennai
2020-04-06,1.0,35.0,25.4,29.8,38.7,30.8,34.3,2020-04-06 00:17:00,2020-04-06 12:41:00,44656.7,39600.0,0.0,0.0,0.0,0.0,18.6,41.4,212.0,22.84,5.72,Visakhapatnam
2017-05-04,1.0,39.9,25.4,32.7,39.1,24.3,31.2,2017-05-03 23:58:00,2017-05-04 13:12:00,47639.06,44315.12,0.0,0.0,0.0,0.0,24.4,46.4,289.0,26.07,8.92,Kanpur
2021-05-08,2.0,33.1,21.2,26.7,34.4,24.1,28.1,2021-05-08 00:26:00,2021-05-08 13:06:00,45596.16,42233.07,0.0,0.0,0.0,0.0,20.1,35.3,123.0,23.83,6.13,Bengaluru
2018-08-31,63.0,30.1,24.6,27.0,36.8,29.8,33.3,2018-08-31 00:15:00,2018-08-31 12:58:00,45747.7,13633.62,20.7,20.7,0.0,20.0,8.3,16.9,110.0,10.88,2.33,Lucknow
2018-02-06,3.0,29.3,16.1,22.7,30.6,16.1,23.1,2018-02-06 01:14:00,2018-02-06 12:52:00,41865.3,38034.89,0.0,0.0,0.0,0.0,15.5,28.8,119.0,21.82,4.99,Bengaluru
2021-09-05,63.0,32.2,26.8,29.4,40.2,33.5,36.8,2021-09-04 23:34:00,2021-09-05 12:08:00,45221.53,42355.24,6.7,6.7,0.0,11.0,7.7,21.6,73.0,18.86,3.97,Guwahati
2022-10-09,53.0,31.8,25.5,28.2,38.7,31.1,34.3,2022-10-09 00:00:00,2022-10-09 11:46:00,42358.61,36527.6,1.4,1.4,0.0,8.0,9.7,23.0,182.0,17.85,3.74,Kolkata
2023-05-31,53.0,36.9,28.5,31.8,44.5,36.2,38.8,2023-05-30 23:21:00,2023-05-31 12:46:00,48302.71,38392.72,1.5,1.5,0.0,2.0,12.4,26.6,202.0,21.66,5.16,Kolkata
2016-04-26,1.0,35.4,22.0,29.3,36.6,24.1,30.0,2016-04-26 00:31:00,2016-04-26 13:03:00,45172.18,42168.17,0.0,0.0,0.0,0.0,13.8,28.8,121.0,23.17,6.37,Bengaluru
2020-07-05,61.0,32.7,26.5,29.6,40.0,31.7,35.4,2020-07-04 23:33:00,2020-07-05 13:14:00,49246.98,40695.83,5.8,5.8,0.0,12.0,16.8,33.5,84.0,20.08,4.53,Patna
2022-06-26,51.0,35.0,27.5,30.3,40.0,30.4,34.3,2022-06-26 00:15:00,2022-06-26 13:08:00,46418.48,38635.27,0.6,0.6,0.0,2.0,18.6,39.2,216.0,21.79,5.77,Chennai
2023-06-22,63.0,32.6,25.7,28.4,36.8,31.3,33.8,2023-06-21 23:46:00,2023-06-22 13:34:00,49680.62,24128.71,10.1,10.1,0.0,8.0,18.5,36.4,115.0,13.94,3.3,Kanpur
2020-02-22,1.0,33.4,19.2,26.0,34.2,19.1,25.6,2020-02-22 01:28:00,2020-02-22 13:07:00,41956.48,38771.27,0.0,0.0,0.0,0.0,12.2,25.6,21.0,21.87,5.46,Pune
2022-05-13,0.0,43.8,27.9,35.1,43.9,29.1,36.0,2022-05-13 00:01:00,2022-05-13 13:33:00,48713.85,41561.02,0.0,0.0,0.0,0.0,27.0,50.0,299.0,23.21,8.5,Delhi
2022-11-08,1.0,28.6,19.1,23.9,31.8,21.4,26.9,2022-11-08 00:06:00,2022-11-08 11:06:00,39613.35,35983.61,0.0,0.0,0.0,0.0,8.7,19.1,100.0,15.4,3.07,Guwahati
2015-02-17,0.0,33.2,17.2,25.8,34.2,17.1,25.1,2015-02-17 01:11:00,2015-02-17 12:48:00,41803.47,38528.5,0.0,0.0,0.0,0.0,10.9,22.3,169.0,23.1,5.51,Hyderabad
2018-09-03,3.0,27.0,17.4,22.4,28.1,18.8,23.1,2018-09-03 00:38:00,2018-09-03 12:59:00,44445.2,40452.14,0.0,0.0,0.0,0.0,17.4,32.8,299.0,22.15,4.72,Bengaluru
2020-06-14,61.0,29.2,23.6,25.5,33.5,27.7,29.6,2020-06-14 00:27:00,2020-06-14 13:41:00,47644.8,34725.15,5.8,5.8,0.0,13.0,18.7,37.8,245.0,16.51,3.44,Pune
2020-05-19,51.0,37.5,29.9,33.4,36.1,31.7,33.4,2020-05-18 23:53:00,2020-05-19 12:53:00,46832.89,1572.22,0.1,0.1,0.0,1.0,24.7,49.7,342.0,8.07,6.27,Visakhapatnam
2023-02-26,0.0,34.9,21.3,27.3,35.1,20.1,26.5,2023-02-26 01:30:00,2023-02-26 13:12:00,42170.29,39085.3,0.0,0.0,0.0,0.0,22.6,39.6,345.0,22.68,6.81,Mumbai
2022-04-29,65.0,31.2,22.1,25.8,36.1,24.4,30.0,2022-04-28 23:17:00,2022-04-29 12:23:00,47186.68,27808.7,21.4,21.4,0.0,13.0,16.0,31.0,47.0,15.78,3.45,Guwahati
2019-03-13,1.0,30.0,16.5,22.8,29.0,14.7,21.6,2019-03-13 00:50:00,2019-03-13 12:46:00,42948.88,38801.4,0.0,0.0,0.0,0.0,12.2,27.0,5.0,20.94,5.31,Kanpur
2019-01-05,1.0,24.1,10.7,16.9,22.0,9.3,15.7,2019-01-05 00:47:00,2019-01-05 11:35:00,38884.89,35315.95,0.0,0.0,0.0,0.0,13.1,27.4,352.0,14.57,3.02,Kolkata
2022-02-22,1.0,25.5,12.7,19.6,21.9,10.2,16.3,2022-02-22 01:23:00,2022-02-22 12:46:00,40991.77,36000.0,0.0,0.0,0.0,0.0,30.2,52.6,123.0,18.24,5.39,Delhi
2015-03-09,1.0,30.8,22.7,26.9,34.7,26.9,30.7,2015-03-09 00:50:00,2015-03-09 12:48:00,43105.68,40109.55,0.0,0.0,0.0,0.0,16.2,29.9,84.0,22.58,4.98,Chennai
2023-12-18,0.0,21.6,9.2,14.5,17.7,7.1,11.8,2023-12-18 01:37:00,2023-12-18 11:57:00,37172.17,33145.95,0.0,0.0,0.0,0.0,20.1,37.8,290.0,12.25,2.89,Delhi
2019-09-02,63.0,28.2,19.9,22.2,30.9,20.8,23.5,2019-09-02 00:38:00,2019-09-02 13:00:00,44496.81,20664.73,8.5,8.5,0.0,14.0,23.3,56.5,252.0,15.28,3.09,Bengaluru
2020-05-21,2.0,32.9,28.1,29.9,38.5,33.2,35.0,2020-05-21 00:32:00,2020-05-21 13:38:00,47190.12,43200.0,0.0,0.0,0.0,0.0,18.6,39.6,269.0,25.24,5.77,Mumbai
2018-09-16,55.0,28.2,19.8,23.4,33.2,22.1,26.6,2018-09-16 00:52:00,2018-09-16 13:07:00,44070.08,40859.71,1.6,1.6,0.0,5.0,13.3,30.6,300.0,19.59,3.89,Nashik
2021-10-26,51.0,33.3,22.2,27.5,35.3,23.4,28.8,2021-10-26 01:11:00,2021-10-26 12:35:00,41027.39,36493.84,0.1,0.1,0.0,1.0,13.7,24.5,25.0,17.59,4.58,Ahmedabad
2020-01-24,3.0,29.9,15.2,22.1,28.6,14.9,20.6,2020-01-24 01:16:00,2020-01-24 12:46:00,41420.69,37505.18,0.0,0.0,0.0,0.0,16.3,35.3,87.0,22.63,5.61,Bengaluru
2018-10-17,1.0,35.3,23.2,28.7,38.2,23.8,30.3,2018-10-17 01:07:00,2018-10-17 12:42:00,41721.23,37164.2,0.0,0.0,0.0,0.0,9.5,15.8,295.0,19.04,4.76,Ahmedabad
2016-01-12,1.0,28.3,17.0,21.7,28.1,17.3,21.7,2016-01-12 01:42:00,2016-01-12 12:43:00,39670.11,36346.98,0.0,0.0,0.0,0.0,10.8,22.0,281.0,18.3,3.98,Nashik
2021-06-09,3.0,38.9,28.9,33.2,42.1,33.0,36.5,2021-06-09 00:23:00,2021-06-09 13:54:00,48660.31,43200.0,0.0,0.0,0.0,0.0,21.0,40.0,244.0,21.2,6.99,Ahmedabad
2023-12-17,1.0,24.6,11.6,17.8,24.3,10.6,17.5,2023-12-17 00:40:00,2023-12-17 11:25:00,38710.82,35755.72,0.0,0.0,0.0,0.0,9.6,20.5,331.0,14.69,2.82,Howrah
2015-02-14,0.0,26.5,11.4,18.7,27.2,10.0,18.5,2015-02-14 01:30:00,2015-02-14 12:40:00,40190.75,36309.91,0.0,0.0,0.0,0.0,9.4,17.6,350.0,18.45,3.57,Delhi
2020-03-21,53.0,35.9,21.6,26.6,36.1,25.2,28.9,2020-03-21 00:09:00,2020-03-21 12:18:00,43737.41,35621.79,0.8,0.8,0.0,1.0,18.9,48.2,185.0,19.65,4.91,Howrah
2016-04-21,1.0,39.4,24.7,32.0,37.1,23.2,29.8,2016-04-21 00:17:00,2016-04-21 13:15:00,46698.08,42985.45,0.0,0.0,0.0,0.0,21.3,42.5,309.0,27.35,9.34,Agra
2023-03-06,1.0,31.4,16.9,24.0,28.9,15.4,22.2,2023-03-06 00:55:00,2023-03-06 12:39:00,42269.7,38318.73,0.0,0.0,0.0,0.0,21.9,41.4,295.0,20.66,6.08,Lucknow
2022-07-05,55.0,27.2,22.8,24.6,29.8,24.9,26.9,2022-07-05 00:16:00,2022-07-05 13:24:00,47269.18,3006.06,8.4,8.4,0.0,19.0,23.1,41.8,263.0,8.16,2.14,Hyderabad
2021-12-13,1.0,19.4,8.3,14.5,18.0,6.9,13.3,2021-12-13 01:35:00,2021-12-13 11:55:00,37235.13,23314.88,0.0,0.0,0.0,0.0,9.4,15.1,100.0,8.8,1.66,Delhi
2017-08-24,61.0,25.5,20.0,22.2,27.0,21.7,23.9,2017-08-24 00:38:00,2017-08-24 13:05:00,44843.6,6093.14,7.0,7.0,0.0,17.0,17.6,33.8,291.0,11.79,2.53,Bengaluru
2022-08-17,63.0,28.4,24.7,26.1,31.1,27.9,29.3,2022-08-17 00:46:00,2022-08-17 13:40:00,46424.68,745.46,13.3,13.3,0.0,16.0,25.3,50.8,206.0,8.87,2.16,Ahmedabad
2015-11-26,1.0,27.3,13.2,20.0,26.1,12.3,19.1,2015-11-26 01:03:00,2015-11-26 11:43:00,38340.18,34299.73,0.0,0.0,0.0,0.0,9.8,21.2,314.0,15.45,3.45,Lucknow
2015-10-07,1.0,31.7,24.9,28.6,39.4,29.6,34.7,2015-10-07 01:00:00,2015-10-07 12:52:00,42712.27,39310.59,0.0,0.0,0.0,0.0,11.8,22.0,252.0,21.55,4.54,Mumbai
2015-02-10,0.0,23.1,9.5,15.8,22.4,7.8,14.7,2015-02-10 01:28:00,2015-02-10 12:35:00,40040.61,36083.12,0.0,0.0,0.0,0.0,10.0,23.8,340.0,18.81,3.46,Agra
2017-06-19,51.0,39.1,27.8,33.3,43.4,32.3,37.6,2017-06-18 23:46:00,2017-06-19 13:34:00,49678.74,44022.67,0.9,0.9,0.0,3.0,17.4,41.0,271.0,23.0,6.58,Kanpur
2020-04-26,61.0,33.6,24.1,27.3,36.4,25.6,29.0,2020-04-26 00:04:00,2020-04-26 13:08:00,47020.91,35498.18,2.8,2.8,0.0,6.0,22.8,44.6,71.0,19.92,5.47,Kanpur
2016-06-16,63.0,32.9,25.9,28.2,38.6,31.0,33.8,2016-06-15 23:28:00,2016-06-16 13:12:00,49433.76,21221.2,15.5,15.5,0.0,14.0,15.3,27.0,82.0,11.82,2.75,Patna
2017-08-14,53.0,28.4,19.4,23.8,31.0,21.6,26.0,2017-08-14 00:37:00,2017-08-14 13:11:00,45228.01,36069.17,1.3,1.3,0.0,6.0,11.0,26.6,282.0,19.93,4.29,Bengaluru
2018-04-13,63.0,33.4,24.4,28.4,38.1,29.2,33.0,2018-04-12 23:48:00,2018-04-13 12:26:00,45481.46,40956.65,4.5,4.5,0.0,5.0,15.3,31.7,197.0,21.4,4.87,Howrah
2015-02-12,2.0,27.7,15.2,22.0,28.8,15.3,22.7,2015-02-12 00:40:00,2015-02-12 12:01:00,40848.44,36893.06,0.0,0.0,0.0,0.0,8.4,20.9,250.0,17.82,3.73,Howrah
2016-07-17,53.0,28.9,25.6,27.4,33.7,30.2,32.1,2016-07-17 00:34:00,2016-07-17 13:57:00,48196.45,7156.59,2.7,2.7,0.0,11.0,13.5,35.6,197.0,7.93,2.11,Ahmedabad
2021-12-20,0.0,30.0,18.4,23.6,31.8,19.8,24.9,2021-12-20 01:36:00,2021-12-20 12:35:00,39528.43,35996.89,0.0,0.0,0.0,0.0,14.7,26.6,9.0,16.83,3.73,Mumbai
2017-04-21,2.0,41.0,26.2,33.9,43.1,26.8,35.4,2017-04-21 00:19:00,2017-04-21 13:20:00,46862.37,41512.04,0.0,0.0,0.0,0.0,18.7,36.7,179.0,25.28,7.64,Delhi
2022-12-25,2.0,21.6,8.7,14.6,19.8,6.6,12.6,2022-12-25 01:24:00,2022-12-25 11:53:00,37730.89,32962.46,0.0,0.0,0.0,0.0,10.2,20.5,315.0,13.24,2.62,Kanpur
2021-07-06,1.0,40.0,29.7,35.4,43.0,33.2,38.2,2021-07-05 23:59:00,2021-07-06 13:52:00,50008.18,40898.53,0.0,0.0,0.0,0.0,15.3,33.1,292.0,20.73,6.95,Delhi
2019-12-31,0.0,27.4,16.4,21.9,28.0,16.5,22.0,2019-12-31 01:41:00,2019-12-31 12:41:00,39593.04,35947.62,0.0,0.0,0.0,0.0,19.1,37.4,354.0,17.15,3.92,Mumbai
2023-04-26,1.0,35.5,24.7,30.2,36.5,25.0,30.7,2023-04-25 23:47:00,2023-04-26 12:47:00,46841.01,39600.0,0.0,0.0,0.0,0.0,18.1,33.8,302.0,21.93,6.47,Patna
2018-03-11,0.0,31.4,16.7,23.5,32.1,16.4,23.6,2018-03-11 01:02:00,2018-03-11 12:54:00,42753.66,37678.45,0.0,0.0,0.0,0.0,10.8,19.8,341.0,20.99,4.88,Agra
2017-06-09,53.0,35.5,27.0,31.1,40.8,32.6,35.9,2017-06-08 23:53:00,2017-06-09 13:41:00,49729.35,44930.67,0.5,0.5,0.0,1.0,11.8,28.4,281.0,24.53,5.73,Agra
2021-10-15,63.0,33.7,25.8,29.3,41.8,31.2,36.5,2021-10-15 00:02:00,2021-10-15 11:41:00,41886.56,37432.89,7.9,7.9,0.0,6.0,8.8,16.9,54.0,19.14,4.07,Kolkata
2023-11-08,1.0,30.9,19.6,25.0,33.2,18.1,25.5,2023-11-08 01:09:00,2023-11-08 12:27:00,40659.28,36712.87,0.0,0.0,0.0,0.0,10.8,25.2,60.0,17.89,4.39,Nashik
2015-03-02,61.0,21.2,16.3,18.5,21.4,16.9,19.3,2015-03-02 00:42:00,2015-03-02 12:21:00,41973.7,0.0,9.7,9.7,0.0,14.0,18.6,37.1,79.0,4.5,1.16,Patna
2020-07-16,51.0,32.0,26.5,29.0,37.9,32.1,34.3,2020-07-15 23:31:00,2020-07-16 12:54:00,48141.12,43576.5,0.7,0.7,0.0,7.0,19.3,38.2,176.0,21.36,4.74,Howrah
2023-02-01,3.0,24.5,16.8,21.0,26.8,14.5,21.0,2023-02-01 00:45:00,2023-02-01 11:54:00,40129.12,5460.32,0.0,0.0,0.0,0.0,16.6,28.4,1.0,4.91,1.97,Howrah
2018-06-24,51.0,31.5,23.6,27.2,32.2,25.5,28.8,2018-06-24 00:13:00,2018-06-24 13:23:00,47384.68,38597.44,0.9,0.9,0.0,5.0,22.4,45.0,262.0,18.78,5.21,Hyderabad
2021-06-04,1.0,38.5,28.6,33.1,42.3,33.1,36.9,2021-06-04 00:23:00,2021-06-04 13:52:00,48539.5,43200.0,0.0,0.0,0.0,0.0,17.3,32.0,210.0,24.89,7.11,Ahmedabad
2022-09-03,65.0,31.4,27.1,29.1,38.0,33.3,35.3,2022-09-02 23:49:00,2022-09-03 12:22:00,45137.61,29011.46,14.9,14.9,0.0,8.0,15.8,27.0,210.0,14.71,3.24,Kolkata
2023-01-29,3.0,22.0,7.5,15.0,22.8,6.1,14.6,2023-01-29 01:25:00,2023-01-29 12:18:00,39228.68,33636.45,0.0,0.0,0.0,0.0,10.2,18.0,82.0,15.73,2.64,Kanpur
2015-09-04,51.0,33.5,26.2,29.7,39.4,30.8,35.0,2015-09-04 00:00:00,2015-09-04 12:36:00,45315.53,40920.08,0.1,0.1,0.0,1.0,12.4,28.1,260.0,21.29,4.97,Patna
2021-01-09,1.0,27.8,17.0,21.9,27.9,17.6,22.4,2021-01-09 01:18:00,2021-01-09 12:27:00,40173.3,36133.52,0.0,0.0,0.0,0.0,13.2,30.6,126.0,18.27,3.97,Hyderabad
2022-12-23,0.0,30.1,15.6,22.3,29.8,15.1,22.4,2022-12-23 01:12:00,2022-12-23 12:17:00,39932.34,36826.5,0.0,0.0,0.0,0.0,12.1,26.3,93.0,18.71,4.24,Hyderabad
2022-12-17,2.0,33.2,20.9,26.7,34.1,19.6,26.5,2022-12-17 01:43:00,2022-12-17 12:27:00,38607.54,35523.76,0.0,0.0,0.0,0.0,11.0,23.4,39.0,14.56,4.39,Ahmedabad
2020-06-30,53.0,36.7,28.0,31.4,42.4,32.6,36.7,2020-06-30 00:27:00,2020-06-30 13:59:00,48697.2,37406.28,1.5,1.5,0.0,5.0,10.4,26.3,202.0,17.18,4.39,Ahmedabad
2017-12-20,1.0,21.9,10.6,16.2,22.2,9.9,16.3,2017-12-20 01:20:00,2017-12-20 11:47:00,37628.34,23146.99,0.0,0.0,0.0,0.0,7.9,15.1,12.0,9.32,1.7,Lucknow
2019-02-16,0.0,29.7,14.4,21.4,28.4,13.3,20.1,2019-02-16 01:31:00,2019-02-16 13:05:00,41615.09,38620.73,0.0,0.0,0.0,0.0,11.4,24.8,272.0,22.21,4.96,Pune
2017-07-03,63.0,32.0,26.6,29.0,38.6,32.3,35.1,2017-07-02 23:58:00,2017-07-03 13:46:00,49713.67,26380.78,7.4,7.4,0.0,11.0,13.0,23.0,241.0,14.23,3.3,Agra
2016-05-16,2.0,34.8,28.0,30.7,40.4,33.6,36.2,2016-05-15 23:54:00,2016-05-16 12:52:00,46716.09,42251.32,0.0,0.0,0.0,0.0,20.2,38.5,193.0,25.51,6.02,Visakhapatnam
2022-01-15,51.0,25.4,17.0,20.8,26.4,18.2,22.0,2022-01-15 01:19:00,2022-01-15 12:31:00,40339.64,32400.0,0.7,0.7,0.0,7.0,11.2,27.4,77.0,14.99,2.96,Hyderabad
2020-05-07,51.0,33.3,22.1,27.2,37.5,24.5,29.9,2020-05-06 23:53:00,2020-05-07 13:12:00,47950.37,40197.21,0.1,0.1,0.0,1.0,17.8,41.0,72.0,21.85,5.21,Lucknow
2020-05-20,2.0,41.6,30.5,33.7,44.5,31.6,37.0,2020-05-20 00:12:00,2020-05-20 12:58:00,45988.99,40260.08,0.0,0.0,0.0,0.0,23.8,47.9,216.0,21.64,7.47,Chennai
2021-09-16,63.0,30.7,25.2,27.3,37.1,30.4,33.5,2021-09-15 23:53:00,2021-09-16 12:09:00,44121.86,34100.5,7.7,7.7,0.0,12.0,13.2,29.2,158.0,14.63,2.98,Howrah
2017-12-19,1.0,26.1,13.9,19.2,23.3,12.4,17.2,2017-12-19 01:34:00,2017-12-19 12:29:00,39317.8,30466.05,0.0,0.0,0.0,0.0,17.0,37.1,85.0,14.43,3.82,Nashik
2023-10-24,0.0,30.6,17.6,23.5,30.7,18.2,23.8,2023-10-24 00:57:00,2023-10-24 12:13:00,40542.43,36320.2,0.0,0.0,0.0,0.0,11.0,24.8,306.0,16.18,4.01,Delhi
2015-09-19,63.0,28.6,25.8,26.8,34.7,31.3,32.8,2015-09-19 00:15:00,2015-09-19 12:26:00,43850.39,19935.96,22.2,22.2,0.0,21.0,13.4,29.2,153.0,11.2,2.28,Visakhapatnam
2019-11-26,53.0,25.1,15.3,19.9,24.9,14.5,19.7,2019-11-26 01:22:00,2019-11-26 11:54:00,37926.93,27248.97,0.7,0.7,0.0,1.0,17.6,29.9,19.0,9.78,2.51,Delhi
2020-03-29,0.0,34.5,24.5,28.9,35.6,26.9,30.0,2020-03-29 01:04:00,2020-03-29 13:21:00,44236.59,40731.73,0.0,0.0,0.0,0.0,24.5,50.0,335.0,24.35,6.9,Mumbai
2023-06-14,55.0,36.6,26.4,31.4,39.2,29.6,33.8,2023-06-14 00:23:00,2023-06-14 13:55:00,48732.18,41078.7,1.7,1.7,0.0,6.0,31.0,58.3,186.0,22.53,7.35,Ahmedabad
2019-03-09,0.0,29.1,18.1,23.4,30.5,19.4,25.2,2019-03-09 00:21:00,2019-03-09 12:12:00,42732.71,39077.04,0.0,0.0,0.0,0.0,9.8,16.6,197.0,21.25,4.32,Kolkata
2018-06-02,65.0,27.2,20.7,23.8,31.2,23.7,27.4,2018-06-02 00:22:00,2018-06-02 13:12:00,46235.0,29266.97,14.1,14.1,0.0,12.0,10.8,23.4,281.0,15.67,3.17,Bengaluru
2021-01-21,0.0,21.7,10.7,15.5,20.3,9.4,14.5,2021-01-21 01:06:00,2021-01-21 11:54:00,38912.54,34427.41,0.0,0.0,0.0,0.0,13.3,28.8,280.0,15.49,2.68,Patna
2019-08-29,55.0,32.0,25.8,28.4,38.8,32.3,34.4,2019-08-28 23:47:00,2019-08-29 12:27:00,45530.57,40868.28,3.0,3.0,0.0,10.0,20.0,37.1,140.0,19.58,4.1,Kolkata
2019-05-10,1.0,40.3,26.5,33.9,39.2,24.9,32.0,2019-05-10 00:03:00,2019-05-10 13:25:00,48181.94,39004.54,0.0,0.0,0.0,0.0,18.4,36.4,268.0,22.11,8.86,Agra
2016-04-02,1.0,33.4,26.6,29.3,37.1,30.9,33.0,2016-04-02 00:20:00,2016-04-02 12:40:00,44421.01,39617.47,0.0,0.0,0.0,0.0,25.5,42.5,213.0,24.04,5.88,Visakhapatnam
2020-07-14,63.0,31.2,26.2,27.8,37.7,31.6,33.8,2020-07-13 23:30:00,2020-07-14 12:54:00,48218.21,33613.06,9.6,9.6,0.0,19.0,15.0,31.3,141.0,14.61,3.03,Howrah
2016-08-05,61.0,25.2,21.8,22.8,26.9,22.9,24.3,2016-08-05 00:41:00,2016-08-05 13:39:00,46672.34,10800.0,12.9,12.9,0.0,24.0,26.9,51.1,249.0,8.85,1.73,Nashik
2020-09-13,1.0,33.7,26.6,30.2,39.2,32.7,36.0,2020-09-13 00:35:00,2020-09-13 12:58:00,44578.08,40434.39,0.0,0.0,0.0,0.0,10.1,22.7,27.0,19.35,4.47,Delhi
2018-07-08,61.0,31.9,26.8,29.0,37.5,31.8,34.0,2018-07-07 23:28:00,2018-07-08 12:55:00,48429.02,37617.34,5.5,5.5,0.0,13.0,19.5,39.6,143.0,19.05,4.33,Howrah
2016-01-29,0.0,33.0,17.8,24.9,33.1,16.3,23.9,2016-01-29 01:38:00,2016-01-29 12:56:00,40648.27,37957.19,0.0,0.0,0.0,0.0,9.3,22.7,59.0,20.64,4.91,Pune
2020-07-13,63.0,28.0,25.9,26.7,33.7,30.7,31.7,2020-07-13 00:38:00,2020-07-13 13:49:00,47462.57,26047.49,41.2,41.2,0.0,24.0,18.2,35.3,234.0,14.66,2.83,Mumbai
2020-02-21,3.0,31.0,15.4,22.9,29.5,15.1,21.8,2020-02-21 01:09:00,2020-02-21 12:56:00,42427.49,39904.81,0.0,0.0,0.0,0.0,19.8,35.3,100.0,25.16,6.14,Bengaluru
2019-12-12,63.0,22.4,13.3,18.0,21.7,12.9,17.7,2019-12-12 01:17:00,2019-12-12 11:47:00,37823.66,12010.82,13.8,13.8,0.0,9.0,18.0,32.0,107.0,6.57,1.65,Kanpur
2022-06-22,0.0,38.0,27.4,32.8,42.4,31.3,36.0,2022-06-21 23:54:00,2022-06-22 13:45:00,49870.79,41000.88,0.0,0.0,0.0,0.0,11.4,25.6,31.0,22.09,6.13,Agra
2023-12-31,3.0,19.4,6.8,12.2,19.3,5.3,11.6,2023-12-31 01:24:00,2023-12-31 11:53:00,37724.58,27655.85,0.0,0.0,0.0,0.0,9.0,13.3,359.0,12.05,1.9,Lucknow
2019-04-27,2.0,34.5,26.4,30.4,39.7,32.4,35.2,2019-04-27 00:20:00,2019-04-27 12:53:00,45202.53,39380.36,0.0,0.0,0.0,0.0,23.3,47.2,162.0,24.85,6.11,Chennai
2019-11-29,61.0,22.7,15.2,18.5,24.3,15.7,19.8,2019-11-29 01:18:00,2019-11-29 11:53:00,38101.02,28111.97,4.3,4.3,0.0,7.0,8.4,24.8,343.0,9.79,1.75,Agra
2019-10-14,0.0,31.1,23.7,27.2,36.3,27.7,31.9,2019-10-14 00:02:00,2019-10-14 11:42:00,42001.19,37921.55,0.0,0.0,0.0,0.0,7.6,18.4,12.0,19.45,4.11,Kolkata
2022-12-01,3.0,29.6,18.8,23.7,30.8,19.9,24.9,2022-12-01 01:00:00,2022-12-01 12:10:00,40207.2,36607.08,0.0,0.0,0.0,0.0,10.0,23.8,107.0,17.31,3.87,Hyderabad
2018-11-06,53.0,30.0,20.7,24.9,33.9,23.4,28.2,2018-11-06 01:06:00,2018-11-06 12:29:00,40989.03,36703.54,0.8,0.8,0.0,2.0,10.0,30.2,102.0,16.18,3.44,Pune
2019-02-26,2.0,30.6,22.0,26.3,32.7,25.5,29.0,2019-02-26 00:47:00,2019-02-26 12:32:00,42281.19,38545.45,0.0,0.0,0.0,0.0,21.8,45.0,203.0,19.6,4.7,Visakhapatnam
2017-02-25,0.0,32.2,14.9,23.0,31.2,12.5,20.8,2017-02-25 01:27:00,2017-02-25 13:08:00,42058.82,38800.64,0.0,0.0,0.0,0.0,14.0,32.4,59.0,23.45,6.2,Nashik
2019-10-17,1.0,32.2,22.2,27.1,34.5,25.1,29.2,2019-10-17 00:53:00,2019-10-17 12:20:00,41220.22,37018.95,0.0,0.0,0.0,0.0,10.2,23.0,150.0,15.75,4.01,Delhi
2023-02-11,3.0,30.0,19.7,24.6,33.1,22.2,27.6,2023-02-11 01:03:00,2023-02-11 12:43:00,42022.0,37032.71,0.0,0.0,0.0,0.0,12.8,28.4,126.0,20.61,4.27,Chennai
2020-08-23,63.0,26.1,25.0,25.4,29.8,27.6,28.8,2020-08-23 00:49:00,2020-08-23 13:35:00,45960.44,0.0,82.1,82.1,0.0,24.0,24.2,42.1,211.0,1.99,0.74,Ahmedabad
2019-09-19,61.0,28.4,22.3,24.6,33.2,26.2,28.9,2019-09-19 00:34:00,2019-09-19 12:45:00,43843.48,29564.81,9.8,9.8,0.0,15.0,11.6,26.3,134.0,14.29,2.88,Hyderabad
2019-07-31,63.0,27.2,25.5,26.3,30.2,28.4,29.3,2019-07-31 00:44:00,2019-07-31 13:45:00,46794.01,0.0,31.1,31.1,0.0,24.0,26.5,52.9,256.0,4.22,1.53,Mumbai
2016-10-03,63.0,31.8,24.6,27.7,40.7,30.4,34.3,2016-10-03 01:01:00,2016-10-03 12:55:00,42772.4,30609.04,24.9,24.9,0.0,17.0,8.9,21.2,157.0,16.44,3.47,Ahmedabad
2022-11-23,1.0,25.9,11.9,18.1,23.7,10.1,16.5,2022-11-23 01:01:00,2022-11-23 11:43:00,38491.15,33449.29,0.0,0.0,0.0,0.0,14.5,27.0,280.0,14.19,3.36,Lucknow
2019-09-21,63.0,29.6,25.0,27.1,36.0,30.6,33.0,2019-09-21 00:57:00,2019-09-21 13:07:00,43781.52,14135.05,5.6,5.6,0.0,10.0,9.1,19.1,115.0,10.16,2.2,Ahmedabad
2015-01-16,3.0,21.9,11.0,16.3,22.2,10.5,16.1,2015-01-16 01:07:00,2015-01-16 11:50:00,38609.91,35412.95,0.0,0.0,0.0,0.0,10.2,22.7,304.0,15.94,2.72,Patna
2022-02-09,61.0,18.7,8.1,14.0,17.3,6.6,13.2,2022-02-09 01:34:00,2022-02-09 12:36:00,39766.28,23378.93,3.6,3.6,0.0,3.0,13.9,28.8,55.0,11.55,1.98,Delhi
2022-04-21,2.0,41.3,25.9,33.5,41.9,25.1,32.2,2022-04-21 00:44:00,2022-04-21 13:32:00,46121.89,38321.19,0.0,0.0,0.0,0.0,16.4,29.5,310.0,24.57,8.09,Ahmedabad
2018-03-13,1.0,35.1,21.8,28.4,35.1,20.5,27.2,2018-03-13 00:55:00,2018-03-13 12:55:00,43193.44,40068.33,0.0,0.0,0.0,0.0,16.3,33.5,122.0,23.35,7.01,Hyderabad
2017-12-07,3.0,28.2,19.4,24.0,27.2,19.8,23.3,2017-12-07 00:45:00,2017-12-07 11:51:00,39989.92,29044.45,0.0,0.0,0.0,0.0,20.6,41.8,42.0,12.93,4.35,Visakhapatnam
2017-07-09,2.0,36.5,28.6,32.5,42.7,31.4,36.9,2017-07-09 00:00:00,2017-07-09 13:52:00,49901.32,43715.23,0.0,0.0,0.0,0.0,22.0,41.4,272.0,22.41,6.31,Delhi
2019-06-12,3.0,34.0,27.5,30.8,40.3,34.7,37.5,2019-06-11 23:21:00,2019-06-12 12:51:00,48598.4,37634.36,0.0,0.0,0.0,0.0,18.0,33.1,154.0,17.05,4.15,Kolkata
2021-10-18,61.0,30.7,25.3,27.9,37.5,31.0,33.9,2021-10-18 00:21:00,2021-10-18 12:03:00,42114.0,28640.64,2.0,2.0,0.0,7.0,15.0,32.4,216.0,16.65,3.37,Visakhapatnam
2017-06-02,0.0,40.0,27.8,34.2,41.0,29.9,35.5,2017-06-01 23:45:00,2017-06-02 13:27:00,49330.46,46182.21,0.0,0.0,0.0,0.0,16.6,31.7,293.0,27.77,8.55,Kanpur
2018-12-09,0.0,30.1,18.6,23.7,30.2,18.5,24.0,2018-12-09 01:30:00,2018-12-09 12:31:00,39642.26,36000.0,0.0,0.0,0.0,0.0,19.6,37.8,342.0,17.17,4.36,Mumbai
2021-08-24,63.0,31.6,25.8,28.2,37.5,31.0,34.2,2021-08-24 00:12:00,2021-08-24 13:05:00,46348.01,19934.38,13.5,13.5,0.0,16.0,15.8,32.0,247.0,13.18,2.86,Lucknow
2015-05-23,1.0,35.9,23.8,28.5,36.6,25.8,29.7,2015-05-23 00:26:00,2015-05-23 13:36:00,47425.3,43200.0,0.0,0.0,0.0,0.0,21.3,47.5,258.0,26.39,7.28,Nashik
2015-08-04,51.0,30.9,24.8,27.7,33.9,28.5,30.8,2015-08-04 00:41:00,2015-08-04 13:49:00,47295.25,29478.32,0.5,0.5,0.0,3.0,18.7,33.8,275.0,14.8,4.0,Ahmedabad
2015-02-01,2.0,27.0,20.9,23.7,29.4,23.5,26.0,2015-02-01 00:59:00,2015-02-01 12:21:00,40940.28,36921.49,0.0,0.0,0.0,0.0,19.0,33.8,80.0,16.14,3.29,Visakhapatnam
2015-08-06,51.0,31.9,26.1,29.1,38.3,32.0,35.3,2015-08-05 23:40:00,2015-08-06 12:45:00,47099.47,38061.56,0.8,0.8,0.0,5.0,8.0,18.7,205.0,19.27,4.17,Howrah
2017-02-03,0.0,25.7,14.5,19.6,25.5,14.9,19.5,2017-02-03 00:44:00,2017-02-03 11:56:00,40278.76,37524.53,0.0,0.0,0.0,0.0,14.5,32.0,347.0,19.38,3.86,Howrah
2023-03-21,61.0,29.0,22.3,25.8,33.4,25.7,30.0,2023-03-21 00:30:00,2023-03-21 12:38:00,43654.8,39071.0,6.1,6.1,0.0,9.0,21.7,42.5,214.0,19.71,3.95,Visakhapatnam
2019-06-09,51.0,31.1,21.1,25.3,35.5,22.5,27.8,2019-06-09 00:22:00,2019-06-09 13:14:00,46331.39,42763.31,0.3,0.3,0.0,1.0,17.8,36.0,224.0,25.28,5.58,Bengaluru
2021-10-02,61.0,32.1,25.2,28.0,38.2,30.9,33.9,2021-10-02 00:31:00,2021-10-02 12:24:00,42747.3,37905.57,2.6,2.6,0.0,6.0,13.1,29.5,280.0,17.02,3.65,Kanpur
2019-12-13,2.0,26.9,14.2,20.5,27.5,14.3,20.9,2019-12-13 01:30:00,2019-12-13 12:26:00,39375.38,36000.0,0.0,0.0,0.0,0.0,13.0,23.8,307.0,15.81,3.47,Nashik
2022-01-28,0.0,30.7,17.3,23.5,31.5,16.7,22.2,2022-01-28 01:43:00,2022-01-28 12:59:00,40523.75,37819.06,0.0,0.0,0.0,0.0,17.8,32.8,20.0,19.29,5.46,Mumbai
2020-06-30,61.0,30.7,23.6,26.8,36.0,28.0,31.3,2020-06-30 00:15:00,2020-06-30 13:24:00,47333.63,34391.96,4.8,4.8,0.0,9.0,11.8,21.2,203.0,16.68,3.67,Hyderabad
2021-03-01,0.0,30.1,16.0,22.4,29.6,13.4,20.9,2021-03-01 01:02:00,2021-03-01 12:39:00,41874.7,37214.84,0.0,0.0,0.0,0.0,14.9,27.7,311.0,19.82,5.4,Kanpur
2015-08-20,63.0,33.5,26.5,29.5,38.9,30.6,34.4,2015-08-20 00:27:00,2015-08-20 12:57:00,45035.64,40846.43,11.4,11.4,0.0,6.0,22.1,34.2,197.0,22.66,5.39,Chennai
2017-01-22,0.0,24.0,11.1,17.5,23.2,9.9,16.7,2017-01-22 01:06:00,2017-01-22 11:55:00,38970.85,36079.12,0.0,0.0,0.0,0.0,13.7,27.7,276.0,17.34,3.31,Patna
2021-02-05,0.0,27.5,12.7,20.2,28.2,11.7,20.1,2021-02-05 00:43:00,2021-02-05 11:56:00,40411.86,36957.71,0.0,0.0,0.0,0.0,11.3,16.2,35.0,17.81,3.63,Kolkata
2019-04-02,51.0,26.8,18.5,22.0,29.8,19.8,23.7,2019-04-01 23:43:00,2019-04-02 12:09:00,44815.38,32871.01,0.6,0.6,0.0,3.0,26.9,53.3,105.0,14.6,3.16,Guwahati
2019-05-22,2.0,36.9,28.4,31.8,43.4,33.9,37.1,2019-05-21 23:24:00,2019-05-22 12:42:00,47936.7,43070.19,0.0,0.0,0.0,0.0,21.2,41.8,189.0,23.86,6.36,Howrah
2016-01-18,2.0,21.1,8.0,15.1,21.2,6.6,14.4,2016-01-18 01:28:00,2016-01-18 12:09:00,38507.13,35127.91,0.0,0.0,0.0,0.0,8.0,15.5,17.0,15.22,2.61,Kanpur
2015-08-02,2.0,32.8,26.9,29.8,38.6,31.3,34.1,2015-08-02 00:06:00,2015-08-02 13:00:00,46455.4,37201.5,0.0,0.0,0.0,0.0,16.8,32.4,234.0,20.49,5.26,Visakhapatnam
2015-07-03,51.0,29.3,22.1,25.1,31.1,25.3,27.5,2015-07-03 00:32:00,2015-07-03 13:45:00,47580.0,41080.4,0.7,0.7,0.0,4.0,17.5,42.1,257.0,19.31,4.32,Pune
2015-12-20,1.0,28.8,17.4,22.6,29.3,18.1,23.2,2015-12-20 01:34:00,2015-12-20 12:29:00,39316.14,36000.0,0.0,0.0,0.0,0.0,13.2,28.4,306.0,17.33,3.82,Nashik
2015-12-08,3.0,24.1,15.9,19.7,24.9,15.4,19.8,2015-12-08 00:59:00,2015-12-08 12:22:00,40993.31,37739.7,0.0,0.0,0.0,0.0,12.0,30.6,76.0,15.6,3.21,Bengaluru
2021-06-26,63.0,32.7,25.8,29.6,38.6,31.2,35.4,2021-06-25 23:54:00,2021-06-26 13:05:00,47455.01,40920.62,11.0,11.0,0.0,17.0,14.2,33.8,220.0,21.12,4.7,Visakhapatnam
2018-09-06,51.0,27.9,18.0,22.4,27.3,19.1,23.1,2018-09-06 00:38:00,2018-09-06 12:57:00,44319.62,38340.97,0.4,0.4,0.0,4.0,21.7,42.5,273.0,19.74,4.35,Bengaluru
2022-04-21,51.0,35.0,24.6,29.9,39.6,26.6,33.4,2022-04-20 23:51:00,2022-04-21 12:45:00,46451.34,40650.16,0.1,0.1,0.0,1.0,21.6,38.9,94.0,22.19,5.8,Patna
2023-01-29,2.0,29.3,15.5,23.1,28.9,14.4,22.8,2023-01-29 01:18:00,2023-01-29 12:39:00,40863.1,36385.22,0.0,0.0,0.0,0.0,16.4,34.9,128.0,20.37,5.06,Hyderabad
2020-08-25,63.0,33.3,27.2,30.1,41.1,34.0,37.6,2020-08-24 23:30:00,2020-08-25 12:19:00,46167.51,41494.26,4.0,4.0,0.0,8.0,10.3,26.3,67.0,21.28,4.59,Guwahati
2021-08-04,3.0,32.3,25.9,28.8,36.2,31.0,33.7,2021-08-04 00:14:00,2021-08-04 13:40:00,48314.93,42869.77,0.0,0.0,0.0,0.0,18.7,36.4,79.0,19.75,4.48,Delhi
2023-02-19,0.0,33.6,14.1,23.8,31.9,12.0,21.4,2023-02-19 01:31:00,2023-02-19 13:05:00,41639.6,38625.4,0.0,0.0,0.0,0.0,15.1,33.8,71.0,22.93,6.06,Nashik
2023-06-28,63.0,25.4,22.6,23.5,29.0,25.0,26.2,2023-06-28 00:28:00,2023-06-28 13:47:00,47993.76,1796.88,14.3,14.3,0.0,22.0,19.5,40.0,242.0,10.43,2.02,Nashik
2023-09-19,61.0,28.5,25.5,26.6,32.3,29.0,30.4,2023-09-19 00:56:00,2023-09-19 13:08:00,43869.81,31902.23,10.7,10.7,0.0,24.0,22.3,45.4,202.0,16.75,3.31,Mumbai
2016-03-05,61.0,30.4,17.4,23.3,31.1,16.9,23.6,2016-03-05 01:07:00,2016-03-05 12:51:00,42224.3,38237.09,2.2,2.2,0.0,2.0,15.4,46.4,34.0,20.36,4.64,Agra
2020-08-10,61.0,27.2,25.5,26.3,32.2,28.9,30.7,2020-08-10 00:48:00,2020-08-10 13:39:00,46255.23,10673.0,18.0,18.0,0.0,24.0,19.9,36.7,228.0,9.75,2.05,Mumbai
2015-11-08,63.0,26.0,24.6,25.1,29.1,25.4,26.8,2015-11-08 00:35:00,2015-11-08 12:10:00,41723.05,5477.14,75.0,75.0,0.0,24.0,38.5,64.1,27.0,4.54,1.29,Chennai
2023-09-30,53.0,30.5,22.9,25.8,35.0,25.6,29.7,2023-09-30 00:36:00,2023-09-30 12:36:00,43196.9,38981.51,1.5,1.5,0.0,6.0,16.0,29.5,254.0,20.82,4.3,Hyderabad
2020-07-11,61.0,30.1,25.5,27.9,35.4,29.3,32.8,2020-07-11 00:19:00,2020-07-11 13:09:00,46236.75,32485.83,4.8,4.8,0.0,9.0,15.5,30.2,206.0,13.8,3.22,Chennai
2023-05-27,51.0,35.3,22.5,28.4,38.9,26.6,31.8,2023-05-26 23:43:00,2023-05-27 13:22:00,49145.97,34510.62,0.1,0.1,0.0,1.0,12.8,25.2,194.0,21.19,5.02,Lucknow
2015-03-15,3.0,30.4,17.7,23.8,32.4,20.0,25.9,2015-03-15 01:12:00,2015-03-15 13:14:00,43277.48,38636.77,0.0,0.0,0.0,0.0,15.2,38.2,279.0,23.48,5.1,Pune
2018-12-14,0.0,22.8,10.6,16.2,20.7,8.4,14.5,2018-12-14 01:18:00,2018-12-14 11:48:00,37780.23,32430.02,0.0,0.0,0.0,0.0,12.1,26.6,314.0,12.47,2.74,Kanpur
2018-02-08,1.0,24.7,14.3,19.1,22.2,12.8,17.2,2018-02-08 00:59:00,2018-02-08 12:08:00,40142.78,36756.93,0.0,0.0,0.0,0.0,18.4,34.9,270.0,16.95,4.13,Patna
2023-12-20,1.0,26.5,17.5,21.6,27.7,18.5,22.4,2023-12-20 00:52:00,2023-12-20 11:56:00,39851.3,36806.89,0.0,0.0,0.0,0.0,14.5,29.2,43.0,17.29,3.6,Visakhapatnam
2016-03-31,1.0,33.6,20.4,27.0,35.3,22.4,27.6,2016-03-31 00:46:00,2016-03-31 13:01:00,44103.99,41299.11,0.0,0.0,0.0,0.0,11.4,24.1,134.0,25.61,6.46,Bengaluru
2023-04-05,0.0,32.3,17.6,24.5,31.7,16.1,23.6,2023-04-05 00:34:00,2023-04-05 13:07:00,45159.78,41502.42,0.0,0.0,0.0,0.0,15.3,31.0,326.0,23.41,6.19,Agra
2017-12-01,1.0,25.8,14.5,19.6,26.7,14.6,20.4,2017-12-01 00:30:00,2017-12-01 11:21:00,39059.88,35851.31,0.0,0.0,0.0,0.0,10.8,24.8,349.0,14.93,2.89,Howrah
2023-12-25,0.0,25.9,14.6,20.6,26.8,14.7,21.7,2023-12-25 00:44:00,2023-12-25 11:28:00,38699.23,35514.3,0.0,0.0,0.0,0.0,8.6,19.4,359.0,13.96,2.73,Howrah
2020-11-15,63.0,27.0,25.2,25.9,30.8,29.3,29.9,2020-11-15 00:38:00,2020-11-15 12:09:00,41470.26,0.0,26.1,26.1,0.0,24.0,19.3,38.5,82.0,5.76,1.41,Chennai
2018-09-03,61.0,31.1,25.5,27.9,40.1,31.8,34.3,2018-09-02 23:49:00,2018-09-03 12:22:00,45140.18,30795.59,7.6,7.6,0.0,15.0,12.3,26.6,182.0,15.42,3.24,Howrah
2017-07-07,55.0,32.7,26.6,29.4,39.2,31.6,34.8,2017-07-06 23:57:00,2017-07-07 13:06:00,47305.59,30912.57,1.9,1.9,0.0,5.0,14.4,31.3,244.0,15.56,3.78,Visakhapatnam
2016-04-25,1.0,37.4,24.1,31.3,37.9,26.8,32.6,2016-04-25 00:40:00,2016-04-25 13:34:00,46441.58,39394.3,0.0,0.0,0.0,0.0,12.7,25.2,237.0,24.73,6.81,Ahmedabad
2022-04-06,3.0,34.4,24.7,28.9,39.6,29.5,32.9,2022-04-05 23:54:00,2022-04-06 12:23:00,44953.82,39600.0,0.0,0.0,0.0,0.0,21.5,40.3,191.0,22.77,5.66,Howrah
2022-11-20,1.0,26.2,13.0,19.6,25.2,11.5,18.3,2022-11-20 01:13:00,2022-11-20 12:26:00,40337.32,37001.89,0.0,0.0,0.0,0.0,13.8,31.0,93.0,19.75,4.29,Pune
2017-08-17,63.0,32.8,26.1,29.0,40.6,32.4,36.3,2017-08-16 23:26:00,2017-08-17 12:27:00,46857.18,39600.0,7.5,7.5,0.0,14.0,8.9,24.5,98.0,19.12,4.05,Guwahati
2023-02-10,0.0,26.1,13.5,19.3,25.9,12.7,19.3,2023-02-10 00:58:00,2023-02-10 12:09:00,40275.43,36521.43,0.0,0.0,0.0,0.0,10.9,20.9,269.0,16.51,3.32,Patna
2018-10-22,1.0,31.0,17.1,23.5,29.7,16.3,22.8,2018-10-22 00:51:00,2018-10-22 12:13:00,40877.21,37527.41,0.0,0.0,0.0,0.0,13.0,27.4,324.0,17.62,4.61,Agra
2021-10-13,63.0,31.7,24.8,27.6,38.5,30.1,33.7,2021-10-13 00:02:00,2021-10-13 11:43:00,42034.92,23138.85,9.3,9.3,0.0,7.0,11.4,27.7,11.0,13.03,2.8,Howrah
2017-11-05,0.0,28.7,17.5,23.0,30.5,18.9,24.5,2017-11-05 01:01:00,2017-11-05 12:02:00,39659.54,34315.41,0.0,0.0,0.0,0.0,8.3,18.0,29.0,15.17,3.19,Agra
2020-02-19,1.0,25.9,11.3,19.3,26.3,10.0,19.0,2020-02-19 00:51:00,2020-02-19 12:14:00,41001.93,38244.31,0.0,0.0,0.0,0.0,11.1,16.9,42.0,18.73,3.67,Patna
2019-12-01,3.0,29.2,23.2,26.0,31.8,27.1,29.4,2019-12-01 00:41:00,2019-12-01 11:50:00,40139.33,35172.53,0.0,0.0,0.0,0.0,16.6,35.3,62.0,14.49,3.26,Visakhapatnam
2020-11-21,3.0,30.6,18.3,24.3,32.1,19.1,25.5,2020-11-21 00:54:00,2020-11-21 12:09:00,40506.25,37511.19,0.0,0.0,0.0,0.0,9.2,20.9,38.0,17.8,3.97,Hyderabad
2017-10-19,61.0,26.8,25.6,26.2,32.7,30.4,31.6,2017-10-19 00:21:00,2017-10-19 12:02:00,42059.41,0.0,19.3,19.3,0.0,15.0,13.9,26.6,260.0,3.38,0.86,Visakhapatnam
2018-06-12,1.0,41.8,30.5,36.1,43.1,34.5,38.5,2018-06-11 23:42:00,2018-06-12 13:30:00,49695.81,41116.51,0.0,0.0,0.0,0.0,21.7,41.8,278.0,23.29,8.55,Lucknow
2019-02-28,1.0,32.2,19.8,25.4,32.7,19.2,24.8,2019-02-28 01:06:00,2019-02-28 12:58:00,42727.37,39952.34,0.0,0.0,0.0,0.0,14.4,28.4,316.0,24.64,6.0,Bengaluru
2022-10-09,53.0,32.1,25.7,28.6,39.0,31.1,35.2,2022-10-09 00:15:00,2022-10-09 11:58:00,42174.55,36000.0,2.0,2.0,0.0,6.0,9.4,16.6,92.0,16.42,3.51,Patna
2023-09-04,0.0,35.9,25.3,30.4,39.3,28.7,33.8,2023-09-04 00:28:00,2023-09-04 13:06:00,45431.61,41498.39,0.0,0.0,0.0,0.0,15.3,31.0,332.0,23.32,6.15,Agra
2019-12-29,3.0,13.2,3.4,7.3,11.4,0.7,5.2,2019-12-29 01:42:00,2019-12-29 12:03:00,37221.23,29707.12,0.0,0.0,0.0,0.0,10.2,17.3,347.0,11.82,1.57,Delhi
2021-12-16,2.0,26.0,15.7,20.5,27.2,16.6,21.6,2021-12-16 01:32:00,2021-12-16 12:28:00,39334.09,36000.0,0.0,0.0,0.0,0.0,11.2,21.2,30.0,14.5,2.87,Nashik
2018-10-14,51.0,29.8,21.5,25.8,34.8,25.2,30.4,2018-10-14 00:02:00,2018-10-14 11:42:00,41984.64,37574.69,0.2,0.2,0.0,2.0,8.9,23.4,250.0,17.19,3.46,Howrah
2017-09-01,51.0,26.8,21.3,23.5,29.5,23.7,25.7,2017-09-01 00:49:00,2017-09-01 13:20:00,45054.57,39818.51,0.9,0.9,0.0,8.0,19.1,45.0,227.0,18.6,3.65,Nashik
2021-09-02,51.0,26.9,22.0,23.7,29.1,24.3,25.8,2021-09-02 00:49:00,2021-09-02 13:19:00,44987.58,37846.92,1.0,1.0,0.0,8.0,23.7,49.3,221.0,18.77,3.55,Nashik
2015-05-27,51.0,30.8,21.1,25.4,33.1,23.3,27.4,2015-05-27 00:22:00,2015-05-27 13:11:00,46112.38,42545.93,0.8,0.8,0.0,2.0,16.6,34.9,262.0,21.8,4.96,Bengaluru
2021-08-28,61.0,31.4,26.1,28.1,38.0,30.8,33.4,2021-08-27 23:48:00,2021-08-28 12:27:00,45562.57,33979.17,6.2,6.2,0.0,19.0,14.8,36.4,113.0,18.22,3.87,Howrah
2017-01-05,0.0,22.3,12.6,16.7,22.3,12.2,16.6,2017-01-05 01:06:00,2017-01-05 11:43:00,38177.49,34699.97,0.0,0.0,0.0,0.0,10.9,23.4,275.0,15.47,2.6,Patna
2023-04-23,1.0,35.1,19.8,27.3,35.9,20.9,27.6,2023-04-23 00:42:00,2023-04-23 13:23:00,45687.0,42957.2,0.0,0.0,0.0,0.0,18.4,40.7,282.0,24.58,6.65,Pune
2015-05-28,51.0,40.0,28.2,33.5,41.8,28.2,34.3,2015-05-28 00:11:00,2015-05-28 13:15:00,47032.44,43185.43,0.3,0.3,0.0,2.0,19.4,40.7,289.0,25.3,8.29,Hyderabad
2019-06-16,51.0,30.8,23.5,26.2,32.2,25.8,28.2,2019-06-16 00:25:00,2019-06-16 13:45:00,48006.04,41225.14,2.1,2.1,0.0,13.0,29.4,60.8,231.0,21.61,4.9,Nashik
2019-07-31,3.0,30.6,26.0,28.4,33.9,29.3,31.7,2019-07-31 00:05:00,2019-07-31 13:01:00,46541.23,37476.16,0.0,0.0,0.0,0.0,26.9,51.8,228.0,16.11,4.18,Visakhapatnam
2015-07-29,3.0,32.4,25.9,28.8,36.4,29.2,32.7,2015-07-28 23:59:00,2015-07-29 13:26:00,48423.54,37440.75,0.0,0.0,0.0,0.0,17.4,35.3,238.0,21.84,5.27,Lucknow
2016-01-20,3.0,18.0,7.4,13.4,16.0,5.7,11.8,2016-01-20 01:27:00,2016-01-20 12:11:00,38621.26,30830.51,0.0,0.0,0.0,0.0,10.4,24.5,302.0,13.83,2.39,Kanpur
2023-01-25,3.0,27.7,15.5,20.5,26.4,15.3,19.6,2023-01-25 01:16:00,2023-01-25 12:47:00,41456.43,37524.4,0.0,0.0,0.0,0.0,16.7,30.2,102.0,22.31,4.92,Bengaluru
2016-10-08,63.0,29.0,26.0,27.1,33.9,30.3,32.1,2016-10-08 00:18:00,2016-10-08 12:10:00,42678.25,5730.32,9.0,9.0,0.0,11.0,17.2,32.4,230.0,9.69,2.22,Visakhapatnam
2021-12-07,0.0,25.0,11.7,17.9,23.7,10.5,16.8,2021-12-07 01:14:00,2021-12-07 11:46:00,37936.86,32541.06,0.0,0.0,0.0,0.0,11.5,24.5,302.0,13.41,2.92,Kanpur
2022-01-07,3.0,27.8,17.3,22.2,27.8,18.3,22.4,2022-01-07 01:17:00,2022-01-07 12:26:00,40120.3,35431.78,0.0,0.0,0.0,0.0,15.9,30.2,129.0,17.93,3.99,Hyderabad
2023-08-09,51.0,31.9,25.2,28.4,35.8,29.3,32.5,2023-08-09 00:43:00,2023-08-09 13:46:00,46982.18,37212.27,0.7,0.7,0.0,5.0,21.4,38.2,232.0,18.66,4.43,Ahmedabad
2017-10-19,2.0,27.9,16.8,22.2,29.7,17.0,23.2,2017-10-19 00:40:00,2017-10-19 12:28:00,42484.84,39510.51,0.0,0.0,0.0,0.0,14.1,27.7,322.0,20.65,4.42,Bengaluru
2017-03-24,0.0,31.5,22.7,27.1,35.4,26.6,30.4,2017-03-24 01:09:00,2017-03-24 13:20:00,43891.71,40893.6,0.0,0.0,0.0,0.0,23.8,46.1,319.0,24.85,5.52,Mumbai
2023-06-04,61.0,36.3,25.2,29.6,38.4,27.2,31.9,2023-06-03 23:53:00,2023-06-04 13:45:00,49946.14,34079.84,1.6,1.6,0.0,1.0,13.5,29.5,286.0,20.33,5.79,Delhi
2016-12-13,1.0,30.0,14.0,23.0,28.3,12.8,21.3,2016-12-13 01:27:00,2016-12-13 12:29:00,39703.7,36000.0,0.0,0.0,0.0,0.0,17.3,41.8,83.0,18.69,4.99,Pune
2018-07-18,61.0,32.7,26.7,29.0,40.7,32.5,35.8,2018-07-17 23:31:00,2018-07-18 12:53:00,48076.39,39348.36,4.5,4.5,0.0,10.0,16.3,32.8,125.0,19.83,4.12,Kolkata
2021-09-22,63.0,29.1,24.4,26.1,33.7,28.5,30.8,2021-09-21 23:55:00,2021-09-22 12:03:00,43655.05,8439.35,17.6,17.6,0.0,18.0,17.4,36.0,129.0,10.18,2.06,Howrah
2022-09-08,53.0,29.1,25.0,26.9,33.9,28.9,31.6,2022-09-08 00:28:00,2022-09-08 12:45:00,44240.18,2480.5,2.2,2.2,0.0,10.0,13.9,24.8,252.0,8.86,2.19,Chennai
2020-02-16,0.0,33.2,18.3,25.7,33.0,16.7,24.0,2020-02-16 01:41:00,2020-02-16 13:05:00,41071.93,38366.89,0.0,0.0,0.0,0.0,15.0,32.4,60.0,19.85,6.11,Ahmedabad
2016-12-04,3.0,27.1,18.6,22.0,27.0,20.6,23.0,2016-12-04 00:57:00,2016-12-04 12:22:00,41042.3,32260.24,0.0,0.0,0.0,0.0,14.8,33.5,101.0,14.75,3.27,Bengaluru
2018-10-17,1.0,28.3,20.1,24.1,32.5,22.9,27.5,2018-10-16 23:52:00,2018-10-17 11:23:00,41430.34,38669.59,0.0,0.0,0.0,0.0,6.5,16.2,205.0,19.05,3.7,Guwahati
2018-11-03,0.0,34.4,20.0,27.7,35.5,21.3,28.7,2018-11-03 01:15:00,2018-11-03 12:30:00,40489.56,36303.64,0.0,0.0,0.0,0.0,9.9,20.5,16.0,18.44,4.68,Ahmedabad
2023-09-09,61.0,30.7,26.0,27.5,36.3,30.4,32.5,2023-09-09 00:02:00,2023-09-09 12:31:00,44868.54,23108.06,4.8,4.8,0.0,13.0,19.6,36.0,98.0,13.32,2.79,Patna
2019-12-13,1.0,28.9,20.9,24.7,31.4,22.4,26.9,2019-12-13 01:32:00,2019-12-13 12:32:00,39585.64,36000.0,0.0,0.0,0.0,0.0,20.8,40.0,348.0,16.46,3.71,Mumbai
2023-01-28,1.0,30.9,17.1,24.6,31.9,16.5,26.0,2023-01-28 01:00:00,2023-01-28 12:19:00,40758.64,38077.52,0.0,0.0,0.0,0.0,15.1,32.0,63.0,19.46,4.51,Visakhapatnam
2022-08-10,3.0,34.3,28.1,30.7,38.1,30.9,34.1,2022-08-10 00:16:00,2022-08-10 13:30:00,47593.84,43200.0,0.0,0.0,0.0,0.0,25.1,44.3,81.0,22.13,6.38,Agra
2015-03-02,3.0,28.8,19.2,23.9,31.4,19.4,24.7,2015-03-02 00:15:00,2015-03-02 11:54:00,41933.48,25400.23,0.0,0.0,0.0,0.0,19.3,38.9,245.0,14.54,4.11,Guwahati
2020-04-19,1.0,39.1,27.4,33.2,39.3,27.4,32.5,2020-04-19 00:45:00,2020-04-19 13:31:00,46013.9,39238.73,0.0,0.0,0.0,0.0,17.9,35.3,292.0,24.42,8.7,Ahmedabad
2016-12-09,1.0,24.4,10.4,17.4,25.1,9.6,17.6,2016-12-09 01:26:00,2016-12-09 11:54:00,37698.51,34176.51,0.0,0.0,0.0,0.0,9.3,15.1,201.0,14.65,2.52,Agra
2016-08-09,61.0,30.5,25.9,27.7,36.6,30.1,32.9,2016-08-09 00:17:00,2016-08-09 13:35:00,47891.2,27160.13,6.3,6.3,0.0,7.0,18.4,33.5,95.0,13.47,3.02,Delhi
2021-12-05,2.0,24.3,12.6,18.7,25.0,12.0,19.3,2021-12-05 01:23:00,2021-12-05 11:54:00,37828.67,23867.96,0.0,0.0,0.0,0.0,11.7,20.2,28.0,9.71,1.92,Agra
2023-10-20,1.0,29.6,21.1,25.1,33.8,24.5,29.0,2023-10-19 23:54:00,2023-10-20 11:21:00,41179.14,38458.83,0.0,0.0,0.0,0.0,10.2,23.0,89.0,17.85,3.58,Guwahati
2022-01-29,0.0,26.7,10.9,17.7,25.7,8.4,16.0,2022-01-29 01:50:00,2022-01-29 12:54:00,39880.82,36896.81,0.0,0.0,0.0,0.0,12.5,22.3,56.0,18.49,3.84,Ahmedabad
2020-11-19,1.0,30.2,17.2,23.0,28.9,17.2,21.9,2020-11-19 01:25:00,2020-11-19 12:24:00,39483.61,36000.0,0.0,0.0,0.0,0.0,12.7,25.9,349.0,17.24,4.71,Ahmedabad
2018-01-07,3.0,20.3,11.2,15.1,20.2,10.7,14.6,2018-01-07 00:41:00,2018-01-07 11:16:00,38094.43,34736.94,0.0,0.0,0.0,0.0,9.2,22.0,237.0,13.98,2.32,Guwahati
2018-03-04,0.0,33.9,20.7,27.5,33.3,22.5,28.3,2018-03-04 00:43:00,2018-03-04 12:34:00,42647.32,39304.38,0.0,0.0,0.0,0.0,24.9,51.1,215.0,22.85,6.5,Visakhapatnam
2016-08-05,51.0,28.8,22.9,25.0,30.7,23.3,25.7,2016-08-05 00:26:00,2016-08-05 13:17:00,46231.41,37456.54,0.5,0.5,0.0,2.0,32.5,68.0,259.0,18.24,4.3,Hyderabad
2020-04-28,3.0,34.8,25.0,29.6,38.0,28.2,32.5,2020-04-28 00:21:00,2020-04-28 13:05:00,45835.57,37658.06,0.0,0.0,0.0,0.0,16.8,33.1,120.0,21.43,5.5,Hyderabad
2020-01-12,2.0,18.0,8.8,13.0,16.7,7.5,11.8,2020-01-12 01:07:00,2020-01-12 11:47:00,38410.33,33289.67,0.0,0.0,0.0,0.0,11.9,25.6,281.0,13.53,2.05,Patna
2023-10-16,1.0,33.1,24.8,29.0,40.2,27.7,33.2,2023-10-16 01:02:00,2023-10-16 12:45:00,42138.42,37184.45,0.0,0.0,0.0,0.0,15.5,32.0,352.0,20.49,4.93,Mumbai
2023-04-23,3.0,35.4,23.2,29.0,37.1,24.2,30.7,2023-04-23 00:25:00,2023-04-23 13:03:00,45542.46,41805.55,0.0,0.0,0.0,0.0,18.1,33.1,112.0,24.74,6.28,Hyderabad
2015-12-18,1.0,30.7,20.3,25.1,31.1,19.9,25.6,2015-12-18 01:35:00,2015-12-18 12:34:00,39538.35,36000.0,0.0,0.0,0.0,0.0,15.0,24.5,359.0,17.64,4.51,Mumbai
2023-05-08,51.0,32.7,21.9,26.8,37.5,24.7,30.2,2023-05-07 23:10:00,2023-05-08 12:28:00,47847.57,42913.71,0.2,0.2,0.0,2.0,16.9,34.9,70.0,22.93,5.2,Guwahati
2019-03-04,0.0,29.1,17.6,22.8,28.4,15.7,21.3,2019-03-04 01:28:00,2019-03-04 13:13:00,42314.62,39125.95,0.0,0.0,0.0,0.0,18.1,36.4,312.0,21.87,5.74,Ahmedabad
2015-12-05,0.0,28.7,16.1,22.1,30.0,16.1,22.3,2015-12-05 01:25:00,2015-12-05 12:24:00,39532.26,36025.3,0.0,0.0,0.0,0.0,10.0,26.6,86.0,18.06,3.97,Nashik
2023-04-15,2.0,39.2,22.1,31.3,37.5,20.4,29.4,2023-04-15 00:26:00,2023-04-15 13:16:00,46246.61,42472.59,0.0,0.0,0.0,0.0,14.5,31.0,249.0,24.27,7.28,Delhi
2019-08-12,51.0,33.3,27.4,30.3,39.3,33.2,36.3,2019-08-12 00:06:00,2019-08-12 13:16:00,47399.82,41510.98,0.2,0.2,0.0,2.0,15.3,30.2,290.0,19.34,4.49,Lucknow
2021-03-25,3.0,31.6,23.5,27.5,37.2,28.6,32.5,2021-03-25 00:39:00,2021-03-25 12:50:00,43837.07,40331.96,0.0,0.0,0.0,0.0,13.9,33.8,127.0,25.44,5.34,Chennai
2016-02-29,53.0,28.8,21.6,25.1,33.9,25.4,29.6,2016-02-29 00:28:00,2016-02-29 12:09:00,42087.69,38856.03,0.9,0.9,0.0,2.0,6.0,15.5,262.0,18.57,3.68,Kolkata
2019-06-21,1.0,37.7,25.9,32.8,41.4,30.0,36.6,2019-06-20 23:54:00,2019-06-21 13:45:00,49872.02,40896.66,0.0,0.0,0.0,0.0,9.3,19.4,297.0,22.58,5.87,Agra
2015-12-10,51.0,23.7,15.9,19.7,25.2,16.8,21.2,2015-12-10 00:29:00,2015-12-10 11:01:00,37942.11,33614.67,0.2,0.2,0.0,1.0,5.9,14.4,105.0,12.73,2.28,Guwahati
2020-04-26,1.0,32.4,25.8,28.7,38.0,31.4,33.9,2020-04-26 00:43:00,2020-04-26 13:29:00,45967.62,42879.09,0.0,0.0,0.0,0.0,23.1,45.4,302.0,25.8,5.69,Mumbai
2016-07-12,61.0,30.4,25.8,27.9,37.5,31.5,34.5,2016-07-11 23:08:00,2016-07-12 12:48:00,49152.53,17936.98,7.7,7.7,0.0,10.0,9.8,18.7,282.0,12.19,2.6,Guwahati
2017-09-14,63.0,32.5,26.8,29.2,39.9,33.0,35.7,2017-09-14 00:21:00,2017-09-14 12:42:00,44434.14,39600.0,4.2,4.2,0.0,5.0,9.4,19.4,98.0,17.88,3.88,Lucknow
2018-07-06,51.0,35.6,26.9,30.6,39.1,31.1,34.6,2018-07-06 00:29:00,2018-07-06 13:59:00,48584.92,38020.03,0.5,0.5,0.0,4.0,18.4,36.7,249.0,18.86,5.29,Ahmedabad
2023-12-08,0.0,23.7,12.3,17.5,24.0,11.5,17.7,2023-12-08 01:25:00,2023-12-08 11:54:00,37746.4,32963.13,0.0,0.0,0.0,0.0,8.7,17.3,290.0,13.01,2.35,Agra
2020-11-02,1.0,32.1,23.7,27.8,37.4,28.0,31.9,2020-11-02 01:09:00,2020-11-02 12:34:00,41088.38,36258.0,0.0,0.0,0.0,0.0,10.7,22.3,9.0,18.52,4.2,Mumbai
2016-11-08,1.0,28.1,19.9,23.7,32.2,22.6,27.1,2016-11-08 00:06:00,2016-11-08 11:06:00,39577.01,35490.72,0.0,0.0,0.0,0.0,7.7,23.0,79.0,12.4,2.48,Guwahati
2021-01-14,1.0,29.9,18.2,23.6,31.3,18.4,24.4,2021-01-14 01:39:00,2021-01-14 12:47:00,40069.11,36352.28,0.0,0.0,0.0,0.0,10.7,22.3,254.0,17.83,4.04,Pune
2018-11-21,0.0,28.4,14.0,19.9,27.6,12.9,19.4,2018-11-21 01:00:00,2018-11-21 11:43:00,38608.9,33318.42,0.0,0.0,0.0,0.0,11.3,23.0,298.0,13.68,3.2,Lucknow
2022-03-28,2.0,39.0,22.4,30.4,38.9,23.0,30.8,2022-03-28 01:02:00,2022-03-28 13:17:00,44117.69,35707.65,0.0,0.0,0.0,0.0,15.1,35.3,326.0,21.02,5.97,Pune
2017-11-13,51.0,26.1,17.2,21.4,27.6,18.3,22.2,2017-11-13 00:47:00,2017-11-13 12:20:00,41563.72,34416.58,0.6,0.6,0.0,4.0,15.0,31.3,11.0,16.25,3.57,Bengaluru
2020-02-23,61.0,23.3,12.8,17.5,24.8,12.7,18.0,2020-02-23 01:22:00,2020-02-23 12:46:00,41038.97,35171.59,2.6,2.6,0.0,2.0,17.8,36.4,358.0,15.54,2.77,Delhi
2017-04-07,51.0,32.0,22.7,27.6,36.6,24.1,28.7,2017-04-07 00:42:00,2017-04-07 13:01:00,44391.53,41895.62,0.3,0.3,0.0,2.0,13.3,30.6,215.0,22.44,5.8,Bengaluru
2023-09-02,65.0,31.6,23.3,26.8,35.0,26.2,30.7,2023-09-02 00:32:00,2023-09-02 12:59:00,44816.2,28515.36,28.1,28.1,0.0,15.0,15.2,27.7,286.0,17.15,3.91,Hyderabad
2020-04-30,63.0,31.8,22.5,28.0,35.7,24.9,31.4,2020-04-29 23:43:00,2020-04-30 12:50:00,47205.84,41681.32,4.2,4.2,0.0,2.0,22.8,41.8,83.0,22.35,5.16,Patna
2023-02-10,1.0,33.7,18.9,25.5,33.3,17.2,24.1,2023-02-10 01:34:00,2023-02-10 13:02:00,41274.82,38445.14,0.0,0.0,0.0,0.0,8.5,19.8,290.0,21.56,4.91,Pune
2020-05-13,1.0,38.1,23.3,30.3,39.8,24.5,32.2,2020-05-13 00:29:00,2020-05-13 13:32:00,47022.96,43200.0,0.0,0.0,0.0,0.0,18.9,44.6,279.0,23.21,6.41,Nashik
2017-05-18,1.0,41.0,26.1,33.8,42.2,29.5,34.9,2017-05-18 00:27:00,2017-05-18 13:44:00,47855.51,43408.35,0.0,0.0,0.0,0.0,22.6,43.9,259.0,25.5,8.67,Ahmedabad
2018-11-05,0.0,25.6,15.1,20.2,25.0,14.4,19.6,2018-11-05 01:06:00,2018-11-05 12:03:00,39443.05,34662.32,0.0,0.0,0.0,0.0,12.3,27.7,293.0,15.37,3.48,Delhi
2019-09-30,53.0,26.5,21.6,23.5,29.0,24.0,25.9,2019-09-30 00:55:00,2019-09-30 12:54:00,43135.66,37952.68,1.7,1.7,0.0,5.0,21.4,43.9,230.0,16.15,3.09,Nashik
2020-10-26,51.0,27.7,20.7,23.9,30.8,23.9,27.2,2020-10-26 01:02:00,2020-10-26 12:34:00,41558.18,37048.47,1.1,1.1,0.0,6.0,10.6,26.3,78.0,16.52,3.27,Pune
2020-02-15,1.0,30.7,15.0,23.2,30.2,12.9,22.1,2020-02-15 01:42:00,2020-02-15 13:05:00,40998.0,38288.66,0.0,0.0,0.0,0.0,11.6,20.2,14.0,18.66,4.63,Ahmedabad
2017-01-11,0.0,23.9,10.8,16.7,22.6,7.2,14.2,2017-01-11 01:52:00,2017-01-11 12:42:00,38993.45,35682.57,0.0,0.0,0.0,0.0,12.3,22.7,11.0,17.72,3.98,Ahmedabad
2017-01-20,1.0,31.3,19.0,24.3,32.9,19.5,24.6,2017-01-20 01:44:00,2017-01-20 12:54:00,40180.5,36512.55,0.0,0.0,0.0,0.0,16.6,33.5,4.0,18.18,4.59,Mumbai
2023-10-16,61.0,30.6,21.9,26.7,35.7,25.7,31.4,2023-10-16 00:18:00,2023-10-16 11:51:00,41583.05,36149.29,2.5,2.5,0.0,2.0,21.1,35.3,47.0,16.57,3.37,Patna
2016-11-22,0.0,32.1,19.7,25.6,34.5,20.6,26.9,2016-11-22 01:20:00,2016-11-22 12:29:00,40128.93,36302.03,0.0,0.0,0.0,0.0,12.4,20.2,44.0,19.13,4.52,Mumbai
2015-08-31,63.0,31.1,25.5,27.4,37.5,31.0,33.6,2015-08-30 23:48:00,2015-08-31 12:25:00,45384.71,7828.98,22.1,22.1,0.0,19.0,10.9,24.8,211.0,9.86,2.18,Howrah
2018-02-19,1.0,31.6,19.3,25.5,33.3,19.7,26.0,2018-02-19 01:34:00,2018-02-19 13:10:00,41745.53,38916.58,0.0,0.0,0.0,0.0,19.1,37.8,331.0,21.32,5.53,Mumbai
2020-05-25,51.0,33.0,28.1,30.2,39.1,33.9,36.0,2020-05-25 00:31:00,2020-05-25 13:40:00,47337.28,42925.51,0.2,0.2,0.0,2.0,18.9,40.3,299.0,24.07,5.44,Mumbai
2018-02-01,1.0,31.4,17.1,24.0,32.6,17.0,24.8,2018-02-01 01:42:00,2018-02-01 13:01:00,40723.91,38036.73,0.0,0.0,0.0,0.0,15.5,31.0,337.0,19.9,4.49,Mumbai
2019-07-29,51.0,32.6,26.3,29.2,37.5,30.7,33.9,2019-07-29 00:10:00,2019-07-29 13:38:00,48495.91,38985.55,1.1,1.1,0.0,8.0,20.1,43.2,89.0,20.02,4.74,Agra
2019-12-18,1.0,18.1,8.0,12.3,16.1,5.2,10.7,2019-12-18 01:37:00,2019-12-18 11:57:00,37173.79,33275.68,0.0,0.0,0.0,0.0,13.8,25.9,292.0,12.37,1.91,Delhi
2017-04-22,1.0,41.2,23.8,32.3,41.8,25.6,32.6,2017-04-22 00:17:00,2017-04-22 13:16:00,46758.68,39406.72,0.0,0.0,0.0,0.0,21.0,44.3,294.0,24.67,7.95,Agra
2021-09-28,61.0,30.3,25.7,28.0,36.0,31.4,33.7,2021-09-28 00:10:00,2021-09-28 12:09:00,43136.07,31684.31,4.8,4.8,0.0,11.0,17.0,37.4,99.0,13.62,2.92,Patna
2021-10-20,63.0,29.1,23.3,25.6,34.0,28.0,30.8,2021-10-20 00:05:00,2021-10-20 11:37:00,41516.8,23188.36,11.5,11.5,0.0,12.0,13.4,28.1,222.0,10.44,2.13,Howrah
2022-02-11,2.0,29.5,17.9,23.5,30.3,16.9,23.4,2022-02-11 01:14:00,2022-02-11 12:46:00,41501.68,36275.38,0.0,0.0,0.0,0.0,14.0,31.0,60.0,19.75,4.85,Hyderabad
2022-06-27,63.0,34.3,28.3,30.4,41.5,33.4,36.6,2022-06-26 23:30:00,2022-06-27 13:14:00,49417.31,23086.57,5.8,5.8,0.0,5.0,12.8,25.9,78.0,15.65,3.91,Patna
2023-09-30,51.0,35.6,23.7,29.1,40.2,26.4,33.3,2023-09-30 01:00:00,2023-09-30 12:58:00,43059.56,38856.18,0.3,0.3,0.0,2.0,11.4,24.5,1.0,20.96,4.96,Ahmedabad
2023-07-12,55.0,32.3,26.2,28.8,38.3,31.5,34.4,2023-07-11 23:29:00,2023-07-12 12:54:00,48310.82,40928.74,2.1,2.1,0.0,9.0,18.4,38.2,169.0,19.22,4.23,Kolkata
2015-06-09,1.0,42.6,29.5,36.6,40.5,29.0,34.9,2015-06-08 23:52:00,2015-06-09 13:47:00,50101.61,41636.14,0.0,0.0,0.0,0.0,29.3,55.1,282.0,22.98,11.27,Delhi
2015-04-17,63.0,31.2,21.4,26.5,34.1,24.2,29.3,2015-04-16 23:28:00,2015-04-17 12:17:00,46153.74,40928.83,10.0,10.0,0.0,11.0,22.1,50.4,275.0,22.01,5.07,Guwahati
2017-04-15,51.0,39.0,22.5,29.7,39.2,22.0,29.6,2017-04-15 00:47:00,2017-04-15 13:21:00,45245.71,42651.88,0.1,0.1,0.0,1.0,22.7,48.2,278.0,26.13,7.91,Pune
2018-02-13,61.0,24.0,13.2,18.1,24.8,12.5,18.3,2018-02-13 01:14:00,2018-02-13 12:26:00,40373.65,34307.64,1.5,1.5,0.0,2.0,13.7,27.0,331.0,15.56,2.86,Lucknow
2020-09-11,63.0,31.3,26.4,28.3,38.1,32.4,34.3,2020-09-10 23:52:00,2020-09-11 12:14:00,44491.64,36061.81,9.4,9.4,0.0,11.0,15.3,31.7,177.0,16.66,3.5,Howrah
2017-08-31,63.0,33.5,26.0,29.3,41.9,31.8,36.2,2017-08-30 23:59:00,2017-08-31 12:40:00,45612.46,37283.5,14.4,14.4,0.0,16.0,12.0,27.7,114.0,17.87,3.84,Patna
2018-09-08,51.0,26.5,19.3,22.3,28.2,21.3,24.0,2018-09-08 00:51:00,2018-09-08 13:13:00,44529.43,41479.07,0.7,0.7,0.0,3.0,21.9,44.6,256.0,21.22,4.11,Pune
2018-08-08,55.0,30.0,24.7,27.0,32.6,26.6,30.0,2018-08-08 00:08:00,2018-08-08 12:57:00,46165.73,18079.3,4.6,4.6,0.0,9.0,27.1,53.3,237.0,13.92,3.33,Visakhapatnam
2017-08-16,61.0,31.3,27.1,29.2,35.8,31.9,34.0,2017-08-16 00:10:00,2017-08-16 12:52:00,45753.04,17071.1,1.6,1.6,0.0,1.0,17.6,42.8,236.0,14.55,3.66,Visakhapatnam
2021-12-24,0.0,24.7,13.0,19.4,25.4,12.6,19.8,2021-12-24 00:43:00,2021-12-24 11:28:00,38699.81,35529.11,0.0,0.0,0.0,0.0,6.8,13.0,331.0,14.21,2.62,Howrah
2020-02-22,3.0,30.2,17.8,23.4,29.8,18.1,22.7,2020-02-22 01:09:00,2020-02-22 12:57:00,42467.86,38838.4,0.0,0.0,0.0,0.0,21.6,37.4,96.0,24.5,5.99,Bengaluru
2022-09-02,63.0,30.5,25.5,27.5,38.6,30.8,33.6,2022-09-02 00:53:00,2022-09-02 13:22:00,44936.07,40921.48,10.0,10.0,0.0,9.0,13.6,27.7,229.0,22.56,4.53,Mumbai
2016-05-17,0.0,42.7,26.3,35.2,42.3,25.4,33.7,2016-05-16 23:59:00,2016-05-17 13:36:00,49023.77,45262.79,0.0,0.0,0.0,0.0,18.9,34.6,313.0,28.44,9.39,Delhi
2016-05-03,63.0,34.6,25.5,29.9,40.3,30.6,35.2,2016-05-02 23:32:00,2016-05-03 12:34:00,46918.19,41587.58,7.8,7.8,0.0,2.0,16.1,32.4,163.0,20.78,5.09,Howrah
2020-01-30,0.0,30.1,17.8,23.3,32.3,18.8,24.8,2020-01-30 01:18:00,2020-01-30 12:39:00,40896.9,36339.48,0.0,0.0,0.0,0.0,10.0,25.6,26.0,19.62,4.21,Hyderabad
2021-10-24,2.0,31.2,20.3,25.3,33.4,22.1,27.0,2021-10-24 00:41:00,2021-10-24 12:18:00,41815.77,39243.79,0.0,0.0,0.0,0.0,10.8,21.6,12.0,18.51,4.21,Hyderabad
2023-05-24,63.0,32.2,25.5,28.3,39.1,30.6,33.3,2023-05-23 23:23:00,2023-05-24 12:43:00,48027.99,24231.7,6.9,6.9,0.0,5.0,25.4,47.5,101.0,16.27,3.81,Kolkata
2015-12-10,1.0,31.8,17.7,24.6,33.6,17.5,26.1,2015-12-10 01:25:00,2015-12-10 12:28:00,39758.67,36000.0,0.0,0.0,0.0,0.0,10.9,24.1,225.0,17.25,3.98,Pune
2019-02-22,51.0,22.8,10.7,17.0,21.9,7.8,15.1,2019-02-22 01:23:00,2019-02-22 12:45:00,40968.98,36111.42,0.2,0.2,0.0,2.0,20.1,38.9,314.0,17.92,3.72,Delhi
2023-07-23,53.0,27.0,22.5,23.9,29.0,24.7,26.0,2023-07-23 00:36:00,2023-07-23 13:45:00,47325.38,28304.54,5.3,5.3,0.0,19.0,29.6,57.6,241.0,16.08,2.99,Nashik
2016-03-05,1.0,31.5,23.2,27.3,35.1,26.4,30.3,2016-03-05 00:42:00,2016-03-05 12:34:00,42735.5,38532.1,0.0,0.0,0.0,0.0,15.6,30.2,211.0,20.54,4.93,Visakhapatnam
2021-10-20,63.0,31.9,25.6,28.3,40.2,31.3,35.0,2021-10-20 00:30:00,2021-10-20 12:17:00,42429.92,39311.69,9.6,9.6,0.0,9.0,10.2,28.1,185.0,19.67,4.1,Chennai
2017-05-31,1.0,40.3,28.7,33.7,43.7,33.0,36.7,2017-05-31 00:23:00,2017-05-31 13:50:00,48414.73,43488.18,0.0,0.0,0.0,0.0,25.0,49.7,190.0,26.19,8.65,Ahmedabad
2020-09-01,53.0,28.0,25.1,26.5,34.8,29.7,32.1,2020-09-01 00:53:00,2020-09-01 13:23:00,44966.12,39099.12,3.3,3.3,0.0,22.0,13.0,29.2,242.0,19.25,3.62,Mumbai
2016-02-09,2.0,29.8,17.3,23.5,30.7,18.1,23.4,2016-02-09 01:14:00,2016-02-09 12:53:00,41953.57,38500.66,0.0,0.0,0.0,0.0,13.2,27.0,104.0,23.2,5.39,Bengaluru
2016-10-26,1.0,29.0,17.5,23.4,29.7,17.9,23.7,2016-10-26 00:42:00,2016-10-26 12:17:00,41700.12,39120.41,0.0,0.0,0.0,0.0,17.6,35.3,13.0,21.19,4.93,Hyderabad
2017-12-17,0.0,21.1,8.4,14.3,16.7,4.3,10.1,2017-12-17 01:37:00,2017-12-17 11:57:00,37177.88,33296.39,0.0,0.0,0.0,0.0,20.8,39.6,288.0,12.9,3.77,Delhi
2016-06-26,51.0,34.4,26.8,30.7,40.6,32.0,36.5,2016-06-25 23:44:00,2016-06-26 13:33:00,49745.48,44633.48,0.8,0.8,0.0,4.0,19.8,36.4,92.0,20.84,4.97,Lucknow
2015-01-19,3.0,20.5,9.0,14.5,19.9,8.0,13.7,2015-01-19 01:07:00,2015-01-19 11:53:00,38765.02,35856.11,0.0,0.0,0.0,0.0,10.2,25.2,289.0,16.64,2.68,Patna
2019-06-09,63.0,35.9,28.7,31.5,41.8,33.7,37.3,2019-06-08 23:51:00,2019-06-09 13:01:00,47379.54,31546.43,7.9,7.9,0.0,7.0,28.8,58.0,222.0,20.06,5.21,Visakhapatnam
2016-10-28,0.0,30.9,16.7,23.7,30.2,15.8,23.3,2016-10-28 01:00:00,2016-10-28 12:09:00,40108.62,37281.07,0.0,0.0,0.0,0.0,11.9,26.6,282.0,18.28,4.36,Delhi
2019-10-20,51.0,31.9,24.8,28.2,38.3,30.3,34.2,2019-10-20 00:05:00,2019-10-20 11:37:00,41549.94,37061.3,0.9,0.9,0.0,6.0,8.3,20.9,16.0,17.3,3.66,Howrah
2023-07-06,63.0,33.2,25.4,29.2,39.1,29.6,34.3,2023-07-05 23:59:00,2023-07-06 13:52:00,50022.09,37250.8,7.0,7.0,0.0,11.0,14.7,25.9,97.0,19.24,4.52,Delhi
2021-03-30,1.0,36.1,19.6,27.7,33.7,17.1,25.5,2021-03-30 01:00:00,2021-03-30 13:17:00,44260.12,41704.54,0.0,0.0,0.0,0.0,23.3,50.0,277.0,25.93,8.17,Pune
2020-10-12,0.0,33.3,20.3,26.9,35.5,22.4,29.2,2020-10-12 00:50:00,2020-10-12 12:24:00,41637.55,38791.54,0.0,0.0,0.0,0.0,10.6,24.5,57.0,18.54,4.45,Delhi
2022-12-02,0.0,27.0,17.1,21.8,29.0,18.6,23.9,2022-12-02 00:23:00,2022-12-02 11:00:00,38192.11,34269.67,0.0,0.0,0.0,0.0,9.2,21.6,70.0,13.26,2.57,Guwahati
2022-07-08,51.0,35.1,28.1,31.7,41.3,32.9,36.8,2022-07-07 23:34:00,2022-07-08 13:14:00,49174.3,45066.34,0.5,0.5,0.0,4.0,16.7,31.7,104.0,23.9,6.28,Patna
2017-10-24,53.0,31.1,24.6,27.8,38.5,30.4,33.9,2017-10-24 00:23:00,2017-10-24 11:59:00,41779.77,38280.64,1.0,1.0,0.0,2.0,11.0,25.6,118.0,18.66,3.83,Visakhapatnam
2021-12-08,3.0,29.5,18.3,23.7,30.3,19.0,24.8,2021-12-08 01:04:00,2021-12-08 12:11:00,40046.91,33635.2,0.0,0.0,0.0,0.0,12.3,28.4,100.0,15.56,3.7,Hyderabad
2023-07-03,51.0,33.8,26.6,30.0,42.1,32.8,36.3,2023-07-03 00:28:00,2023-07-03 13:59:00,48657.02,42311.79,0.5,0.5,0.0,5.0,12.1,20.5,199.0,22.47,5.08,Ahmedabad
2023-05-25,0.0,35.4,23.0,28.0,36.3,25.0,29.2,2023-05-25 00:25:00,2023-05-25 13:37:00,47504.45,43200.0,0.0,0.0,0.0,0.0,22.7,46.8,259.0,25.22,6.99,Nashik
2019-04-29,0.0,41.8,24.3,32.9,39.8,23.7,31.4,2019-04-29 00:00:00,2019-04-29 13:07:00,47262.32,40451.98,0.0,0.0,0.0,0.0,18.7,36.4,296.0,24.59,8.31,Lucknow
2015-08-13,53.0,26.3,22.4,23.7,28.8,25.8,26.8,2015-08-13 00:45:00,2015-08-13 13:33:00,46055.84,11669.12,5.8,5.8,0.0,21.0,12.0,31.3,251.0,9.95,2.25,Pune
2022-10-03,51.0,28.7,24.3,26.5,34.2,29.4,31.4,2022-10-03 00:59:00,2022-10-03 12:55:00,42946.49,38401.49,0.3,0.3,0.0,2.0,18.9,35.3,337.0,20.9,4.03,Mumbai
2020-09-28,53.0,31.3,24.9,28.0,39.0,31.4,34.8,2020-09-27 23:44:00,2020-09-28 11:42:00,43098.48,39337.79,2.3,2.3,0.0,11.0,8.3,24.8,214.0,17.69,3.69,Guwahati
2021-01-05,1.0,28.2,20.2,23.9,30.0,22.1,26.0,2021-01-05 00:59:00,2021-01-05 12:05:00,40008.41,37033.75,0.0,0.0,0.0,0.0,19.1,40.0,53.0,17.1,3.6,Visakhapatnam
2018-03-18,1.0,31.3,20.3,25.8,33.1,22.6,27.1,2018-03-18 00:51:00,2018-03-18 12:56:00,43491.5,39335.0,0.0,0.0,0.0,0.0,13.3,31.7,107.0,21.13,5.26,Hyderabad
2017-09-12,55.0,30.1,23.5,26.7,35.2,28.3,31.0,2017-09-12 00:33:00,2017-09-12 12:51:00,44220.62,33388.63,2.3,2.3,0.0,6.0,10.0,24.8,130.0,19.1,4.18,Hyderabad
2016-01-18,1.0,24.7,13.0,18.8,24.5,12.4,18.6,2016-01-18 01:42:00,2016-01-18 12:47:00,39883.64,36476.04,0.0,0.0,0.0,0.0,11.8,27.4,273.0,17.2,3.5,Nashik
2023-06-15,0.0,42.3,33.4,38.2,39.7,34.0,37.5,2023-06-14 23:28:00,2023-06-15 13:11:00,49416.39,42825.7,0.0,0.0,0.0,0.0,36.9,65.2,278.0,21.22,11.52,Patna
2018-03-12,63.0,34.2,22.9,27.0,37.4,25.6,29.9,2018-03-12 00:18:00,2018-03-12 12:14:00,42985.96,39156.46,3.0,3.0,0.0,1.0,18.0,37.8,196.0,19.41,4.66,Kolkata
2018-10-04,51.0,32.3,25.3,28.4,39.3,30.5,34.2,2018-10-04 00:12:00,2018-10-04 12:03:00,42619.14,38534.85,0.1,0.1,0.0,1.0,11.3,27.4,60.0,19.26,4.09,Patna
2022-07-04,55.0,32.4,25.6,28.6,36.7,28.7,32.6,2022-07-03 23:56:00,2022-07-04 13:06:00,47365.95,13392.12,2.6,2.6,0.0,4.0,20.8,41.8,240.0,13.11,3.64,Visakhapatnam
2020-12-14,0.0,26.7,17.6,21.5,26.9,19.2,22.8,2020-12-14 00:38:00,2020-12-14 11:23:00,38733.94,35852.86,0.0,0.0,0.0,0.0,12.9,26.6,25.0,13.9,2.91,Kolkata
2017-04-04,2.0,34.0,21.9,27.5,37.7,22.8,29.1,2017-04-04 00:07:00,2017-04-04 12:37:00,45000.8,37377.85,0.0,0.0,0.0,0.0,23.1,41.0,87.0,24.15,6.21,Patna
2022-10-12,63.0,29.0,21.3,24.3,34.8,25.3,28.3,2022-10-12 00:38:00,2022-10-12 12:26:00,42495.31,36150.71,15.6,15.6,0.0,13.0,10.2,22.0,155.0,17.78,3.61,Hyderabad
2018-10-19,0.0,36.0,20.8,28.0,33.3,21.0,26.9,2018-10-19 00:40:00,2018-10-19 12:07:00,41224.43,38060.79,0.0,0.0,0.0,0.0,24.4,46.4,308.0,18.05,6.15,Kanpur
2016-02-23,1.0,31.1,22.8,26.4,34.1,25.4,28.7,2016-02-23 00:58:00,2016-02-23 12:46:00,42495.71,38708.5,0.0,0.0,0.0,0.0,18.1,32.0,161.0,22.78,5.38,Chennai
2022-08-16,61.0,23.9,21.6,22.4,24.9,22.6,23.3,2022-08-16 00:45:00,2022-08-16 13:33:00,46075.51,0.0,13.1,13.1,0.0,24.0,29.6,55.8,228.0,8.69,1.61,Nashik
2019-09-10,61.0,32.4,25.9,28.7,39.0,30.6,33.7,2019-09-10 00:27:00,2019-09-10 12:44:00,44164.81,36160.95,6.5,6.5,0.0,10.0,21.2,42.1,179.0,21.47,4.8,Chennai
2016-10-11,0.0,33.4,19.7,26.4,33.9,20.1,26.8,2016-10-11 00:49:00,2016-10-11 12:25:00,41742.09,38829.65,0.0,0.0,0.0,0.0,14.3,28.8,308.0,19.93,5.37,Delhi
2018-09-21,61.0,30.1,25.7,27.5,33.4,28.3,30.1,2018-09-21 00:07:00,2018-09-21 12:17:00,43785.73,34459.25,6.4,6.4,0.0,8.0,32.8,65.2,99.0,14.56,3.68,Patna
2018-10-22,1.0,32.3,18.0,24.9,30.8,16.7,23.9,2018-10-22 00:39:00,2018-10-22 12:01:00,40917.74,37097.5,0.0,0.0,0.0,0.0,10.9,21.2,316.0,14.91,4.48,Lucknow
2015-02-20,3.0,29.4,20.6,24.5,32.5,22.8,26.9,2015-02-20 00:59:00,2015-02-20 12:45:00,42381.48,39420.17,0.0,0.0,0.0,0.0,14.1,28.4,93.0,23.29,4.84,Chennai
2020-06-26,63.0,29.7,26.9,28.2,37.1,31.8,34.4,2020-06-26 00:33:00,2020-06-26 13:49:00,47785.61,27251.19,10.8,10.8,0.0,20.0,12.7,27.4,201.0,17.26,3.57,Mumbai
2022-10-22,0.0,30.1,17.2,23.2,32.0,18.1,24.2,2022-10-22 00:51:00,2022-10-22 12:13:00,40872.84,37814.57,0.0,0.0,0.0,0.0,10.5,20.9,321.0,17.64,4.06,Agra
2021-07-02,65.0,32.8,25.7,28.4,40.2,31.1,34.1,2021-07-02 00:16:00,2021-07-02 13:09:00,46370.4,41908.41,18.3,18.3,0.0,10.0,15.9,36.4,185.0,22.61,4.84,Chennai
2020-03-23,1.0,29.3,16.3,22.8,31.4,16.5,23.6,2020-03-23 00:51:00,2020-03-23 13:04:00,43999.82,40142.5,0.0,0.0,0.0,0.0,9.4,16.2,27.0,22.31,4.69,Delhi
2022-01-09,51.0,22.6,13.4,18.2,23.8,13.3,19.4,2022-01-09 01:07:00,2022-01-09 11:45:00,38306.61,20072.28,0.2,0.2,0.0,2.0,9.0,14.8,290.0,8.81,1.64,Patna
2021-04-22,0.0,35.0,20.5,27.8,34.7,19.2,27.0,2021-04-22 00:05:00,2021-04-22 13:03:00,46713.75,40423.41,0.0,0.0,0.0,0.0,12.2,34.6,1.0,23.41,6.57,Lucknow
2015-10-10,61.0,29.8,22.0,25.6,35.6,25.7,30.5,2015-10-09 23:49:00,2015-10-10 11:30:00,42080.52,35592.45,4.4,4.4,0.0,5.0,9.4,34.9,310.0,16.51,3.35,Guwahati
2021-08-05,61.0,31.4,25.4,28.1,39.6,30.8,34.7,2021-08-04 23:39:00,2021-08-05 12:45:00,47128.74,23822.91,6.7,6.7,0.0,19.0,11.1,23.0,243.0,14.72,3.15,Howrah
2016-02-15,0.0,28.9,13.8,21.6,29.5,11.5,20.2,2016-02-15 01:42:00,2016-02-15 13:05:00,40995.32,38285.78,0.0,0.0,0.0,0.0,11.2,24.5,4.0,20.87,4.92,Ahmedabad
2015-05-02,3.0,39.8,21.1,29.5,38.7,24.8,31.3,2015-05-02 00:36:00,2015-05-02 13:26:00,46173.48,42692.27,0.0,0.0,0.0,0.0,16.6,41.4,288.0,27.18,7.05,Pune
2016-02-22,1.0,31.9,24.5,27.6,34.7,27.8,30.6,2016-02-22 00:50:00,2016-02-22 12:30:00,42035.12,38876.04,0.0,0.0,0.0,0.0,21.6,37.8,214.0,21.43,5.18,Visakhapatnam
2019-01-11,0.0,24.6,11.0,17.5,22.8,9.8,16.4,2019-01-11 00:48:00,2019-01-11 11:39:00,39075.25,35239.74,0.0,0.0,0.0,0.0,12.0,26.6,350.0,14.89,3.12,Howrah
2016-05-09,55.0,33.8,26.6,29.8,41.2,33.2,36.1,2016-05-08 23:29:00,2016-05-09 12:37:00,47291.09,42748.56,2.8,2.8,0.0,5.0,11.7,23.0,181.0,22.78,5.11,Howrah
2020-04-22,63.0,28.3,23.1,25.5,32.6,25.6,29.6,2020-04-21 23:40:00,2020-04-22 12:29:00,46177.23,25153.33,16.1,16.1,0.0,11.0,17.4,38.5,176.0,14.04,2.92,Howrah
2020-05-17,0.0,38.1,23.3,30.8,39.1,24.4,32.3,2020-05-16 23:47:00,2020-05-17 13:17:00,48629.31,40688.61,0.0,0.0,0.0,0.0,12.9,24.8,282.0,24.04,6.67,Lucknow
2022-11-29,1.0,25.5,12.2,18.2,25.6,11.3,18.1,2022-11-29 01:08:00,2022-11-29 11:46:00,38257.73,32764.13,0.0,0.0,0.0,0.0,10.3,14.8,319.0,13.8,2.63,Kanpur
2016-12-11,0.0,25.3,12.6,18.7,25.2,12.3,18.9,2016-12-11 01:15:00,2016-12-11 11:44:00,37738.57,33538.11,0.0,0.0,0.0,0.0,12.1,25.9,267.0,14.63,2.76,Lucknow
2015-04-11,1.0,30.8,24.3,27.3,35.4,29.2,31.5,2015-04-11 00:54:00,2015-04-11 13:24:00,45015.91,39642.62,0.0,0.0,0.0,0.0,18.4,33.1,243.0,22.53,4.88,Mumbai
2019-07-11,63.0,31.9,28.0,29.5,36.4,33.1,34.4,2019-07-10 23:29:00,2019-07-11 12:55:00,48343.91,16787.83,4.8,4.8,0.0,6.0,23.4,49.7,202.0,13.09,3.4,Howrah
2020-12-20,1.0,31.1,19.4,24.7,32.0,19.4,25.2,2020-12-20 01:36:00,2020-12-20 12:35:00,39526.13,35985.89,0.0,0.0,0.0,0.0,17.9,34.2,27.0,17.28,4.42,Mumbai
2016-01-04,1.0,25.6,13.4,19.2,26.2,13.0,19.1,2016-01-04 00:47:00,2016-01-04 11:35:00,38854.99,35336.23,0.0,0.0,0.0,0.0,9.3,20.2,12.0,16.19,3.21,Howrah
2016-01-17,1.0,18.3,7.4,13.0,17.4,5.9,11.8,2016-01-17 01:38:00,2016-01-17 12:16:00,38292.48,35323.81,0.0,0.0,0.0,0.0,8.0,15.8,65.0,15.51,2.49,Agra
2022-09-07,61.0,29.5,22.1,24.4,35.8,25.9,28.8,2022-09-07 00:50:00,2022-09-07 13:15:00,44675.68,35795.81,10.0,10.0,0.0,13.0,13.6,28.4,0.0,18.87,3.77,Nashik
2018-06-18,65.0,28.2,25.4,26.8,32.6,28.6,31.4,2018-06-18 00:31:00,2018-06-18 13:47:00,47800.25,12203.16,23.1,23.1,0.0,22.0,22.3,42.8,219.0,10.78,2.33,Mumbai
2019-12-21,1.0,28.1,16.3,21.5,29.0,17.0,22.1,2019-12-21 01:35:00,2019-12-21 12:30:00,39313.04,32400.0,0.0,0.0,0.0,0.0,10.8,24.5,81.0,14.98,3.27,Nashik
2019-10-27,63.0,28.1,21.0,24.4,31.9,24.5,28.3,2019-10-27 00:42:00,2019-10-27 12:17:00,41685.24,38049.81,6.8,6.8,0.0,10.0,16.1,37.1,142.0,14.57,2.94,Hyderabad
2019-11-16,1.0,31.7,24.7,27.6,37.7,28.8,32.3,2019-11-16 01:16:00,2019-11-16 12:30:00,40418.01,36114.58,0.0,0.0,0.0,0.0,12.1,25.6,4.0,17.34,3.8,Mumbai
2020-09-09,51.0,31.6,26.0,28.7,38.7,32.3,35.0,2020-09-09 00:14:00,2020-09-09 12:34:00,44393.27,39600.0,0.1,0.1,0.0,1.0,14.9,32.4,208.0,23.04,4.77,Visakhapatnam
2020-09-22,51.0,26.8,18.3,21.9,26.2,18.4,21.6,2020-09-22 00:38:00,2020-09-22 12:45:00,43612.3,36259.29,0.4,0.4,0.0,3.0,34.6,63.4,250.0,19.07,3.99,Bengaluru
2015-12-14,1.0,32.9,20.8,26.7,34.4,22.8,27.6,2015-12-14 01:07:00,2015-12-14 12:13:00,39972.82,36756.79,0.0,0.0,0.0,0.0,14.9,27.4,130.0,16.94,4.52,Hyderabad
2019-12-06,53.0,28.0,23.7,26.0,29.6,26.2,27.6,2019-12-06 00:48:00,2019-12-06 12:11:00,40991.73,38317.14,2.1,2.1,0.0,7.0,21.4,42.8,41.0,18.65,4.62,Chennai
2020-12-05,1.0,28.3,20.8,24.0,30.0,22.0,26.0,2020-12-05 00:44:00,2020-12-05 11:51:00,40026.74,35963.45,0.0,0.0,0.0,0.0,17.7,36.0,45.0,17.66,3.69,Visakhapatnam
2018-03-24,3.0,33.4,25.2,28.6,38.6,31.2,33.6,2018-03-24 00:28:00,2018-03-24 12:38:00,43851.29,39600.0,0.0,0.0,0.0,0.0,20.2,43.6,199.0,20.35,4.68,Visakhapatnam
2017-02-19,0.0,28.9,13.0,21.3,30.3,12.3,22.3,2017-02-19 01:21:00,2017-02-19 12:42:00,40881.93,36545.46,0.0,0.0,0.0,0.0,10.2,20.5,294.0,19.58,3.94,Agra
2015-12-18,1.0,26.8,13.4,19.2,23.6,9.5,15.9,2015-12-18 01:44:00,2015-12-18 12:27:00,38602.07,35493.85,0.0,0.0,0.0,0.0,16.4,33.1,47.0,17.13,4.87,Ahmedabad
2021-11-23,0.0,25.7,12.4,18.4,22.8,10.1,16.5,2021-11-23 01:20:00,2021-11-23 11:55:00,38072.45,33079.87,0.0,0.0,0.0,0.0,15.6,31.3,275.0,13.49,3.37,Delhi
2021-10-06,51.0,32.5,23.6,28.1,37.6,27.2,32.6,2021-10-06 00:46:00,2021-10-06 12:31:00,42263.37,38116.26,0.1,0.1,0.0,1.0,11.0,23.0,304.0,17.4,4.0,Delhi
2019-03-07,0.0,31.2,17.4,24.0,31.9,16.0,23.1,2019-03-07 01:26:00,2019-03-07 13:15:00,42554.15,39207.34,0.0,0.0,0.0,0.0,11.4,24.1,331.0,22.46,5.35,Ahmedabad
2018-04-25,0.0,37.4,20.7,29.3,36.8,19.0,27.5,2018-04-25 00:39:00,2018-04-25 13:26:00,46002.17,43104.5,0.0,0.0,0.0,0.0,21.7,42.1,283.0,27.34,8.14,Nashik
2016-10-07,53.0,30.2,25.5,27.5,36.7,30.9,33.2,2016-10-07 00:00:00,2016-10-07 11:48:00,42480.11,33607.61,2.5,2.5,0.0,10.0,12.3,26.6,108.0,13.5,2.78,Kolkata
2022-05-09,51.0,35.7,24.7,30.6,38.0,27.4,32.8,2022-05-08 23:37:00,2022-05-09 12:54:00,47824.89,38031.73,0.1,0.1,0.0,1.0,23.8,43.6,91.0,19.7,6.4,Patna
2022-12-05,1.0,30.0,19.4,24.8,32.7,21.9,27.5,2022-12-05 00:44:00,2022-12-05 11:51:00,40033.62,36768.44,0.0,0.0,0.0,0.0,16.6,33.8,53.0,17.65,3.83,Visakhapatnam
2016-09-24,63.0,29.8,24.1,26.3,36.5,29.1,31.3,2016-09-24 00:25:00,2016-09-24 12:30:00,43465.71,26712.62,10.2,10.2,0.0,9.0,15.5,25.6,82.0,13.95,2.87,Lucknow
2022-04-11,2.0,39.4,22.6,30.5,40.8,23.9,30.6,2022-04-11 00:50:00,2022-04-11 13:20:00,44991.81,39238.85,0.0,0.0,0.0,0.0,21.6,40.0,270.0,23.43,6.61,Pune
2018-11-12,0.0,29.6,15.2,22.2,29.4,15.4,22.4,2018-11-12 00:55:00,2018-11-12 11:50:00,39271.2,34078.5,0.0,0.0,0.0,0.0,9.3,21.6,248.0,14.57,3.41,Kanpur
2017-11-24,0.0,24.5,10.4,17.0,22.1,9.0,15.3,2017-11-24 01:02:00,2017-11-24 11:43:00,38417.9,33065.64,0.0,0.0,0.0,0.0,14.1,27.0,278.0,13.51,3.12,Lucknow
2019-08-17,53.0,30.0,24.9,27.2,33.8,29.4,31.5,2019-08-17 00:46:00,2019-08-17 13:40:00,46441.85,25425.22,2.4,2.4,0.0,12.0,17.5,33.1,218.0,14.73,3.39,Ahmedabad
2020-11-21,51.0,25.3,17.9,20.9,27.3,19.6,23.0,2020-11-21 00:16:00,2020-11-21 11:01:00,38712.77,34686.79,1.3,1.3,0.0,6.0,10.1,23.4,74.0,13.03,2.42,Guwahati
2019-07-21,51.0,33.1,27.7,30.1,39.3,33.4,35.5,2019-07-20 23:32:00,2019-07-21 12:52:00,47960.71,43582.02,0.3,0.3,0.0,3.0,18.7,35.3,196.0,20.13,4.88,Kolkata
2021-01-09,2.0,24.0,13.3,19.0,23.7,12.9,18.8,2021-01-09 01:26:00,2021-01-09 12:00:00,38026.43,32400.0,0.0,0.0,0.0,0.0,13.2,25.6,282.0,11.03,2.43,Lucknow
2022-08-27,63.0,32.7,25.6,29.1,39.2,30.7,35.0,2022-08-27 00:13:00,2022-08-27 13:02:00,46100.45,36451.8,15.1,15.1,0.0,14.0,17.0,31.7,257.0,17.89,4.0,Lucknow
