date,weather_code,temperature_2m_max,temperature_2m_min,temperature_2m_mean,apparent_temperature_max,apparent_temperature_min,apparent_temperature_mean,sunrise,sunset,daylight_duration,sunshine_duration,precipitation_sum,rain_sum,snowfall_sum,precipitation_hours,wind_speed_10m_max,wind_gusts_10m_max,wind_direction_10m_dominant,shortwave_radiation_sum,et0_fao_evapotranspiration,city,Index Value,Air Quality,Prominent Pollutant
2019-07-15,53.0,33.9,26.4,29.3,40.7,30.4,34.5,2019-07-15 00:20:00,2019-07-15 13:09:00,46171.94,39482.94,1.7,1.7,0.0,3.0,18.6,38.5,192.0,22.27,5.08,Chennai,78,Satisfactory,PM2.5
2019-08-20,51.0,28.5,21.4,24.4,31.5,24.0,27.0,2019-08-20 00:47:00,2019-08-20 13:28:00,45667.22,37982.86,1.5,1.5,0.0,5.0,20.5,42.5,275.0,19.45,4.04,Pune,74,Satisfactory,SO2
2022-08-07,63.0,30.8,24.9,27.5,36.5,30.7,33.1,2022-08-07 00:16:00,2022-08-07 13:37:00,48089.26,16648.42,5.9,5.9,0.0,7.0,13.2,27.0,106.0,13.49,3.02,Delhi,118,Moderate,"PM10, PM2.5"
2022-12-26,2.0,24.4,14.0,18.3,24.6,13.5,18.4,2022-12-26 01:03:00,2022-12-26 11:36:00,37956.7,32454.55,0.0,0.0,0.0,0.0,8.7,14.0,318.0,11.28,2.23,Patna,352,Very Poor,"PM10, PM2.5"
2018-10-16,0.0,35.3,24.0,29.0,38.4,24.5,30.6,2018-10-16 01:06:00,2018-10-16 12:43:00,41797.93,37275.24,0.0,0.0,0.0,0.0,9.7,15.8,300.0,20.51,4.81,Ahmedabad,290,Poor,PM2.5
2023-06-17,51.0,39.4,26.4,32.9,42.4,30.7,36.5,2023-06-16 23:53:00,2023-06-17 13:50:00,50246.06,30810.98,0.3,0.3,0.0,2.0,15.2,40.3,237.0,20.8,6.17,Delhi,119,Moderate,"O3, PM10"
2019-02-18,2.0,31.8,18.6,25.0,32.3,19.9,25.3,2019-02-18 01:11:00,2019-02-18 12:56:00,42314.93,38889.05,0.0,0.0,0.0,0.0,13.7,24.1,56.0,24.07,5.52,Bengaluru,104,Moderate,"OZONE, PM10, PM2.5"
2021-09-26,65.0,27.7,25.7,26.9,34.2,27.8,31.4,2021-09-26 00:16:00,2021-09-26 12:20:00,43401.01,0.0,111.7,111.7,0.0,21.0,37.5,69.5,225.0,4.24,1.34,Visakhapatnam,101,Moderate,PM10
2017-09-12,61.0,30.7,25.7,27.9,38.0,31.7,34.3,2017-09-11 23:52:00,2017-09-12 12:13:00,44435.71,25824.92,5.7,5.7,0.0,11.0,12.4,27.4,173.0,14.04,2.95,Kolkata,64,Satisfactory,PM10
2023-11-14,1.0,34.0,22.0,27.5,36.9,24.1,30.0,2023-11-14 01:15:00,2023-11-14 12:30:00,40508.32,36395.53,0.0,0.0,0.0,0.0,14.8,30.6,341.0,18.41,4.53,Mumbai,168,Moderate,"O3, PM10, PM2.5"
2017-09-25,51.0,30.8,24.4,27.3,34.7,29.3,31.9,2017-09-25 00:26:00,2017-09-25 12:29:00,43395.66,36936.76,0.1,0.1,0.0,1.0,14.4,27.7,304.0,13.46,3.13,Lucknow,60,Satisfactory,PM2.5
2017-02-04,0.0,30.6,16.4,23.3,29.9,16.6,22.6,2017-02-04 01:17:00,2017-02-04 12:42:00,41159.16,37599.32,0.0,0.0,0.0,0.0,13.4,31.3,111.0,22.13,5.28,Hyderabad,169,Moderate,"PM10, PM2.5"
2023-01-03,3.0,19.0,6.7,11.8,17.9,4.8,10.6,2023-01-03 01:27:00,2023-01-03 11:58:00,37891.25,31850.08,0.0,0.0,0.0,0.0,9.8,18.7,344.0,13.2,2.09,Kanpur,181,Moderate,PM2.5
2018-02-04,2.0,29.8,15.7,22.1,29.9,13.1,20.7,2018-02-04 01:47:00,2018-02-04 12:58:00,40263.81,37224.95,0.0,0.0,0.0,0.0,14.7,29.9,39.0,18.57,4.7,Ahmedabad,227,Poor,PM2.5
2023-05-11,1.0,34.6,27.6,30.6,41.2,34.3,37.0,2023-05-11 00:35:00,2023-05-11 13:34:00,46726.75,43200.0,0.0,0.0,0.0,0.0,18.9,36.4,233.0,25.04,5.76,Mumbai,121,Moderate,PM10
2018-11-16,51.0,27.3,18.5,21.8,25.5,19.5,22.0,2018-11-16 00:48:00,2018-11-16 12:20:00,41476.23,27756.49,0.8,0.8,0.0,3.0,32.4,60.5,90.0,14.6,3.29,Bengaluru,62,Satisfactory,"CO, PM10"
2020-05-03,65.0,37.9,24.0,29.3,40.2,27.2,31.8,2020-05-03 00:07:00,2020-05-03 13:22:00,47706.36,32604.25,12.4,12.4,0.0,5.0,22.0,58.3,117.0,19.46,5.7,Agra,61,Satisfactory,PM2.5
2018-06-21,1.0,40.4,29.9,35.1,46.3,34.7,40.0,2018-06-20 23:29:00,2018-06-21 13:13:00,49452.41,44471.63,0.0,0.0,0.0,0.0,18.7,33.5,83.0,23.36,7.11,Patna,163,Moderate,OZONE
2022-10-25,0.0,28.0,15.2,21.9,30.1,14.7,22.9,2022-10-25 01:01:00,2022-10-25 12:35:00,41638.29,38212.28,0.0,0.0,0.0,0.0,8.9,16.2,275.0,21.97,4.32,Pune,122,Moderate,PM2.5
2020-05-23,2.0,35.4,28.6,31.2,42.2,33.8,36.8,2020-05-23 00:12:00,2020-05-23 12:59:00,46066.46,41082.75,0.0,0.0,0.0,0.0,24.4,49.7,164.0,25.36,6.04,Chennai,64,Satisfactory,"O3, PM2.5"
2022-08-03,63.0,29.0,25.5,27.3,34.8,31.3,32.8,2022-08-03 00:46:00,2022-08-03 13:43:00,46638.23,38231.61,12.3,12.3,0.0,15.0,15.2,30.2,280.0,19.57,3.9,Mumbai,89,Satisfactory,"CO, PM10, PM2.5"
2018-01-16,3.0,28.5,15.9,21.7,28.0,16.6,21.4,2018-01-16 01:15:00,2018-01-16 12:42:00,41222.28,30379.2,0.0,0.0,0.0,0.0,15.5,31.3,70.0,17.85,4.37,Bengaluru,88,Satisfactory,"O3, PM2.5"
2019-08-19,61.0,30.9,26.0,28.0,37.7,31.0,34.4,2019-08-19 00:09:00,2019-08-19 13:10:00,46819.92,26360.73,3.7,3.7,0.0,12.0,12.1,25.6,49.0,14.77,3.12,Lucknow,57,Satisfactory,CO
2021-04-18,1.0,34.3,26.7,29.9,39.9,31.5,34.7,2021-04-18 00:08:00,2021-04-18 12:44:00,45333.8,39825.07,0.0,0.0,0.0,0.0,20.2,44.3,211.0,22.7,5.56,Visakhapatnam,42,Good,NO2
2016-09-14,63.0,25.6,22.0,23.4,29.2,26.2,27.5,2016-09-14 00:52:00,2016-09-14 13:07:00,44129.17,15914.05,8.2,8.2,0.0,13.0,8.0,23.4,271.0,10.48,2.19,Pune,125,Moderate,NO2
2017-09-02,51.0,30.2,22.3,26.2,34.7,25.9,30.0,2017-09-02 00:32:00,2017-09-02 12:59:00,44788.18,39528.64,0.3,0.3,0.0,2.0,11.4,27.4,263.0,21.52,4.56,Hyderabad,83,Satisfactory,"PM10, PM2.5"
2021-01-01,0.0,19.8,5.5,12.5,18.4,3.1,10.9,2021-01-01 01:27:00,2021-01-01 11:57:00,37855.76,33466.84,0.0,0.0,0.0,0.0,8.9,15.5,23.0,13.41,2.18,Kanpur,364,Very Poor,PM2.5
2019-08-29,63.0,28.1,19.3,23.0,30.5,20.2,24.5,2019-08-29 00:38:00,2019-08-29 13:03:00,44661.65,34639.44,10.9,10.9,0.0,10.0,21.0,40.3,256.0,17.69,3.74,Bengaluru,44,Good,"CO, PM10, PM2.5"
2022-02-25,0.0,33.7,18.0,25.8,33.3,16.7,24.1,2022-02-25 01:07:00,2022-02-25 12:51:00,42267.35,39057.29,0.0,0.0,0.0,0.0,16.2,32.8,121.0,22.66,6.57,Hyderabad,86,Satisfactory,"PM10, PM2.5"
2020-06-12,55.0,29.8,22.8,25.5,34.2,27.2,29.6,2020-06-12 00:24:00,2020-06-12 13:44:00,47974.05,22299.82,3.6,3.6,0.0,9.0,12.0,25.6,265.0,14.14,3.14,Nashik,42,Good,O3
2016-07-05,63.0,29.7,26.5,27.6,35.4,31.4,33.1,2016-07-04 23:27:00,2016-07-05 12:55:00,48491.31,10494.13,25.2,25.2,0.0,21.0,18.9,37.8,202.0,9.85,2.11,Howrah,65,Satisfactory,PM10
2020-03-02,51.0,25.5,13.7,19.7,27.9,13.2,20.7,2020-03-02 01:14:00,2020-03-02 12:51:00,41838.5,36292.51,0.2,0.2,0.0,2.0,10.5,23.0,351.0,17.62,3.37,Delhi,205,Poor,"PM10, PM2.5"
2022-09-06,53.0,28.3,21.2,23.9,33.9,24.8,27.9,2022-09-06 00:50:00,2022-09-06 13:16:00,44742.53,30196.37,1.5,1.5,0.0,8.0,10.2,23.0,296.0,17.38,3.55,Nashik,45,Good,O3
2019-07-31,63.0,23.7,21.7,22.8,25.7,23.2,24.5,2019-07-31 00:41:00,2019-07-31 13:40:00,46692.34,0.0,27.3,27.3,0.0,23.0,23.7,48.2,257.0,5.43,1.32,Pune,74,Satisfactory,SO2
2018-04-07,51.0,32.2,22.2,26.1,35.4,22.1,27.6,2018-04-07 00:20:00,2018-04-07 12:56:00,45341.7,37160.83,1.1,1.1,0.0,5.0,23.8,41.4,75.0,19.6,4.96,Lucknow,138,Moderate,PM2.5
2022-12-03,0.0,27.0,16.5,21.1,28.9,17.8,23.1,2022-12-03 00:24:00,2022-12-03 11:00:00,38151.99,34272.15,0.0,0.0,0.0,0.0,8.4,19.4,76.0,13.37,2.59,Guwahati,160,Moderate,PM2.5
2017-09-23,61.0,26.5,21.7,24.0,31.4,24.3,27.6,2017-09-23 00:40:00,2017-09-23 12:46:00,43584.97,0.0,5.4,5.4,0.0,9.0,19.9,36.7,323.0,3.34,0.96,Delhi,72,Satisfactory,"CO, PM2.5"
2016-11-05,0.0,29.5,15.7,22.5,29.4,16.1,22.7,2016-11-05 01:06:00,2016-11-05 12:03:00,39393.44,36459.46,0.0,0.0,0.0,0.0,15.0,27.0,304.0,16.73,3.92,Delhi,485,Severe,"PM10, PM2.5"
2022-04-11,1.0,36.5,26.1,30.3,42.7,30.9,34.9,2022-04-10 23:50:00,2022-04-11 12:25:00,45334.92,41576.32,0.0,0.0,0.0,0.0,21.5,41.4,192.0,23.77,6.06,Howrah,48,Good,"CO, PM10"
2018-04-09,1.0,31.8,25.5,28.8,36.3,30.4,33.1,2018-04-09 00:30:00,2018-04-09 12:51:00,44477.71,40694.53,0.0,0.0,0.0,0.0,16.6,37.1,96.0,25.37,5.77,Chennai,73,Satisfactory,"OZONE, PM2.5"
2016-09-03,51.0,31.3,25.4,28.2,34.8,28.1,31.5,2016-09-03 00:30:00,2016-09-03 13:10:00,45574.92,41389.88,0.2,0.2,0.0,2.0,21.4,41.8,281.0,20.58,4.96,Delhi,232,Poor,"PM10, PM2.5"
2017-09-18,63.0,32.8,25.9,28.6,40.2,31.3,34.7,2017-09-18 00:23:00,2017-09-18 12:37:00,44055.19,24989.26,10.8,10.8,0.0,4.0,12.2,35.6,78.0,14.92,3.28,Lucknow,96,Satisfactory,PM2.5
2019-08-31,53.0,27.3,22.9,24.3,29.4,25.5,26.8,2019-08-31 00:32:00,2019-08-31 13:01:00,44930.94,6051.05,5.9,5.9,0.0,21.0,22.0,43.6,266.0,11.67,2.51,Hyderabad,30,Good,"NO2, PM10, PM2.5"
2016-08-18,1.0,35.0,27.9,30.7,40.6,29.9,34.3,2016-08-18 00:26:00,2016-08-18 12:58:00,45083.96,40350.38,0.0,0.0,0.0,0.0,19.1,37.1,219.0,22.56,6.17,Chennai,90,Satisfactory,PM2.5
2021-11-15,63.0,27.7,23.5,25.5,33.0,28.5,30.6,2021-11-15 00:37:00,2021-11-15 12:09:00,41475.7,8474.24,5.3,5.3,0.0,11.0,10.1,21.2,118.0,10.26,2.13,Chennai,52,Satisfactory,"CO, SO2"
2015-05-06,53.0,37.2,24.3,30.5,40.7,26.0,32.2,2015-05-06 00:18:00,2015-05-06 13:07:00,46186.7,42249.35,0.6,0.6,0.0,2.0,11.3,27.7,130.0,25.1,6.48,Hyderabad,82,Satisfactory,O3
2023-06-07,3.0,36.2,23.8,29.3,37.9,26.5,31.1,2023-06-07 00:27:00,2023-06-07 13:39:00,47539.99,43200.0,0.0,0.0,0.0,0.0,20.0,40.3,267.0,25.24,6.95,Pune,102,Moderate,"NO2, PM2.5"
2021-02-16,3.0,30.9,17.7,23.5,30.5,18.7,24.5,2021-02-16 00:37:00,2021-02-16 12:03:00,41176.09,37066.36,0.0,0.0,0.0,0.0,10.6,21.6,285.0,18.81,4.23,Kolkata,209,Poor,PM2.5
2017-05-22,53.0,37.1,24.1,30.4,40.3,26.5,32.2,2017-05-21 23:56:00,2017-05-22 13:32:00,48993.99,43071.58,1.2,1.2,0.0,2.0,14.0,30.2,297.0,24.46,6.49,Agra,130,Moderate,PM2.5
2020-02-22,51.0,21.6,13.6,18.0,22.4,13.5,18.2,2020-02-22 01:23:00,2020-02-22 12:45:00,40942.56,29525.71,0.7,0.7,0.0,4.0,11.9,25.9,62.0,12.32,2.29,Delhi,100,Satisfactory,"NO2, O3, PM10"
2020-01-14,51.0,21.0,11.9,16.2,22.3,11.1,16.6,2020-01-14 01:28:00,2020-01-14 12:06:00,38302.1,32054.96,1.6,1.6,0.0,7.0,9.1,30.2,38.0,10.11,1.7,Kanpur,353,Very Poor,PM2.5
2020-11-24,1.0,28.8,22.3,25.1,28.8,21.8,25.4,2020-11-24 00:37:00,2020-11-24 11:50:00,40331.09,36806.78,0.0,0.0,0.0,0.0,22.9,46.4,49.0,17.73,4.94,Visakhapatnam,114,Moderate,PM2.5
2019-10-27,63.0,28.1,21.0,24.4,31.9,24.5,28.3,2019-10-27 00:42:00,2019-10-27 12:17:00,41685.24,38049.81,6.8,6.8,0.0,10.0,16.1,37.1,142.0,14.57,2.94,Hyderabad,54,Satisfactory,"PM10, PM2.5"
2017-08-24,61.0,28.0,23.3,25.4,33.4,25.9,28.7,2017-08-24 00:30:00,2017-08-24 13:05:00,45287.69,35664.19,4.0,4.0,0.0,9.0,18.3,41.8,288.0,16.38,3.47,Hyderabad,72,Satisfactory,"O3, PM2.5"
2017-10-18,63.0,31.0,25.3,27.4,37.3,29.9,32.7,2017-10-18 00:04:00,2017-10-18 11:39:00,41666.84,21864.56,15.3,15.3,0.0,13.0,14.3,34.9,90.0,11.78,2.57,Howrah,121,Moderate,PM10
2019-11-07,1.0,28.8,17.6,22.7,30.2,19.2,24.6,2019-11-07 00:49:00,2019-11-07 11:50:00,39597.59,31829.96,0.0,0.0,0.0,0.0,7.9,14.8,37.0,12.86,2.66,Lucknow,366,Very Poor,PM2.5
2015-05-21,0.0,42.2,26.7,34.9,40.9,26.7,33.4,2015-05-20 23:46:00,2015-05-21 13:19:00,48823.32,45916.74,0.0,0.0,0.0,0.0,23.7,43.9,286.0,28.17,10.24,Lucknow,94,Satisfactory,"CO, PM2.5"
2023-12-14,0.0,32.7,20.5,26.2,33.7,22.3,27.4,2023-12-14 01:33:00,2023-12-14 12:32:00,39572.17,36000.0,0.0,0.0,0.0,0.0,11.6,25.6,36.0,16.78,4.23,Mumbai,134,Moderate,"O3, PM2.5"
2020-08-10,61.0,27.2,25.5,26.3,32.2,28.9,30.7,2020-08-10 00:48:00,2020-08-10 13:39:00,46255.23,10673.0,18.0,18.0,0.0,24.0,19.9,36.7,228.0,9.75,2.05,Mumbai,42,Good,"CO, PM10, SO2"
2019-05-30,0.0,44.2,26.5,35.5,43.7,27.5,36.0,2019-05-29 23:43:00,2019-05-30 13:24:00,49282.45,41245.5,0.0,0.0,0.0,0.0,19.8,39.6,62.0,23.93,8.51,Lucknow,222,Poor,PM2.5
2018-09-02,63.0,30.9,25.3,27.9,37.2,30.7,33.6,2018-09-02 00:00:00,2018-09-02 12:38:00,45465.67,28128.5,11.7,11.7,0.0,18.0,14.4,32.0,95.0,14.82,3.17,Patna,93,Satisfactory,PM2.5
2019-01-22,0.0,28.5,13.9,20.5,26.5,13.3,19.2,2019-01-22 01:39:00,2019-01-22 12:52:00,40346.23,37035.49,0.0,0.0,0.0,0.0,17.1,40.0,259.0,18.92,4.57,Pune,100,Satisfactory,PM10
2019-12-12,51.0,26.5,17.6,21.7,28.0,19.4,23.4,2019-12-12 00:36:00,2019-12-12 11:23:00,38779.14,35292.8,0.1,0.1,0.0,1.0,10.5,19.8,69.0,11.38,2.42,Howrah,170,Moderate,PM2.5
2021-10-06,61.0,31.1,25.9,28.0,37.0,31.4,32.9,2021-10-06 00:28:00,2021-10-06 12:25:00,43016.44,39542.65,3.1,3.1,0.0,8.0,19.7,40.7,178.0,20.26,4.3,Chennai,45,Good,"CO, O3, PM10"
2017-10-09,63.0,25.4,24.6,25.1,30.0,26.2,27.9,2017-10-09 00:00:00,2017-10-09 11:46:00,42340.96,0.0,37.1,37.1,0.0,17.0,33.7,60.1,138.0,1.21,0.61,Kolkata,27,Good,NO2
2022-06-04,51.0,35.7,28.0,31.2,40.9,32.1,36.2,2022-06-03 23:21:00,2022-06-04 12:48:00,48432.8,41692.41,0.2,0.2,0.0,2.0,24.1,44.6,194.0,22.0,5.79,Howrah,83,Satisfactory,PM10
2022-01-10,2.0,27.5,15.5,21.6,29.1,16.3,23.1,2022-01-10 00:48:00,2022-01-10 11:39:00,39045.9,35246.77,0.0,0.0,0.0,0.0,7.9,16.2,2.0,14.29,2.83,Howrah,245,Poor,PM2.5
2019-06-17,51.0,30.7,23.7,26.5,32.0,26.5,28.6,2019-06-17 00:28:00,2019-06-17 13:42:00,47660.18,43200.0,0.6,0.6,0.0,5.0,25.9,59.8,237.0,20.95,5.03,Pune,60,Satisfactory,SO2
2022-05-05,51.0,31.2,20.1,24.6,35.2,23.1,27.6,2022-05-05 00:27:00,2022-05-05 13:05:00,45484.96,32897.33,0.6,0.6,0.0,2.0,16.7,36.7,328.0,19.64,4.24,Bengaluru,68,Satisfactory,"NO2, PM10"
2018-03-06,0.0,29.2,16.7,22.3,26.3,14.7,20.0,2018-03-06 00:55:00,2018-03-06 12:39:00,42290.52,38183.15,0.0,0.0,0.0,0.0,23.0,44.3,288.0,20.74,6.02,Lucknow,184,Moderate,PM2.5
2020-03-16,1.0,33.9,19.6,25.9,32.4,16.1,23.1,2020-03-16 01:17:00,2020-03-16 13:19:00,43337.23,39452.37,0.0,0.0,0.0,0.0,19.0,38.5,47.0,23.43,7.19,Ahmedabad,94,Satisfactory,PM10
2023-01-15,0.0,29.5,16.8,22.6,30.8,16.4,22.7,2023-01-15 01:19:00,2023-01-15 12:31:00,40331.24,36387.82,0.0,0.0,0.0,0.0,10.5,24.1,129.0,19.57,4.31,Hyderabad,103,Moderate,"PM10, PM2.5"
2021-09-26,63.0,31.9,25.8,27.8,37.6,31.3,33.6,2021-09-25 23:56:00,2021-09-26 11:59:00,43347.47,37107.77,7.6,7.6,0.0,8.0,18.8,48.2,96.0,18.05,3.71,Howrah,63,Satisfactory,"O3, PM10, PM2.5"
2020-10-22,51.0,34.9,21.3,28.3,37.0,20.7,30.0,2020-10-22 01:09:00,2020-10-22 12:38:00,41306.82,36486.38,0.2,0.2,0.0,1.0,10.6,22.0,336.0,19.06,4.89,Ahmedabad,159,Moderate,O3
2022-10-12,65.0,30.8,24.2,26.7,37.4,29.6,32.3,2022-10-12 00:02:00,2022-10-12 11:44:00,42132.81,23033.01,15.2,15.2,0.0,8.0,18.8,38.5,197.0,13.45,2.74,Howrah,42,Good,"CO, PM10"
2019-04-18,0.0,35.6,24.1,29.5,35.5,22.2,28.8,2019-04-18 00:46:00,2019-04-18 13:31:00,45880.29,42493.88,0.0,0.0,0.0,0.0,14.7,32.4,328.0,25.45,7.76,Ahmedabad,188,Moderate,PM2.5
2016-03-09,0.0,33.3,21.6,27.1,33.6,21.7,27.4,2016-03-09 00:34:00,2016-03-09 12:25:00,42675.24,39600.0,0.0,0.0,0.0,0.0,20.2,40.7,272.0,22.0,6.2,Patna,186,Moderate,PM2.5
2015-11-21,63.0,29.2,22.1,24.7,32.1,24.7,27.5,2015-11-21 01:14:00,2015-11-21 12:26:00,40310.95,31428.02,14.8,14.8,0.0,16.0,16.5,40.3,102.0,10.7,2.63,Pune,152,Moderate,PM2.5
2021-10-23,0.0,31.1,23.1,26.7,35.6,27.2,30.4,2021-10-23 01:05:00,2021-10-23 12:40:00,41682.78,37317.03,0.0,0.0,0.0,0.0,18.1,34.6,345.0,20.49,4.46,Mumbai,111,Moderate,"PM10, PM2.5"
2017-11-19,2.0,29.6,20.3,24.8,31.4,21.4,26.6,2017-11-19 00:53:00,2017-11-19 12:09:00,40589.89,30881.22,0.0,0.0,0.0,0.0,12.9,29.5,79.0,14.0,3.41,Hyderabad,80,Satisfactory,"PM10, PM2.5"
2021-05-31,1.0,38.1,27.5,31.8,40.4,30.8,35.0,2021-05-31 00:23:00,2021-05-31 13:50:00,48415.99,43200.0,0.0,0.0,0.0,0.0,22.0,41.8,203.0,25.87,7.45,Ahmedabad,96,Satisfactory,O3
2019-08-17,51.0,26.8,21.7,23.8,28.9,24.1,26.1,2019-08-17 00:45:00,2019-08-17 13:32:00,46030.16,41883.33,2.1,2.1,0.0,13.0,24.1,47.5,238.0,19.83,3.78,Nashik,31,Good,OZONE
2016-05-23,2.0,33.9,23.6,27.7,35.3,25.5,29.1,2016-05-23 00:26:00,2016-05-23 13:36:00,47455.23,43200.0,0.0,0.0,0.0,0.0,24.7,52.2,257.0,23.87,6.31,Nashik,62,Satisfactory,PM10
2018-02-03,1.0,31.4,15.6,23.2,30.7,14.1,21.9,2018-02-03 01:37:00,2018-02-03 12:59:00,40917.21,38225.37,0.0,0.0,0.0,0.0,10.2,24.1,347.0,20.26,4.93,Pune,89,Satisfactory,SO2
2017-10-25,0.0,32.7,17.7,24.5,32.5,18.4,25.1,2017-10-25 00:41:00,2017-10-25 11:59:00,40634.6,36712.95,0.0,0.0,0.0,0.0,11.5,23.0,331.0,17.05,4.21,Lucknow,363,Very Poor,PM2.5
2021-12-23,0.0,23.4,11.1,16.8,24.0,10.4,17.0,2021-12-23 00:36:00,2021-12-23 11:06:00,37795.65,34798.14,0.0,0.0,0.0,0.0,7.9,13.0,163.0,12.39,2.2,Guwahati,219,Poor,PM2.5
2018-12-01,51.0,28.1,22.2,25.3,31.1,25.4,28.2,2018-12-01 00:45:00,2018-12-01 12:10:00,41074.99,38414.57,0.7,0.7,0.0,6.0,16.3,34.2,39.0,18.67,3.94,Chennai,98,Satisfactory,PM2.5
2023-08-09,51.0,28.9,19.7,23.8,32.7,22.2,26.2,2023-08-09 00:36:00,2023-08-09 13:13:00,45427.73,39746.17,1.1,1.1,0.0,6.0,15.0,31.7,285.0,21.15,4.43,Bengaluru,60,Satisfactory,PM10
2017-08-14,63.0,32.0,26.1,28.7,40.0,32.5,35.6,2017-08-14 00:09:00,2017-08-14 12:54:00,45855.39,36877.92,14.6,14.6,0.0,8.0,12.7,29.5,234.0,21.43,4.47,Visakhapatnam,107,Moderate,PM10
2019-07-14,61.0,28.8,19.8,23.9,30.6,21.4,25.4,2019-07-14 00:30:00,2019-07-14 13:20:00,46163.61,31350.27,2.8,2.8,0.0,3.0,20.6,39.2,265.0,17.56,4.07,Bengaluru,58,Satisfactory,"CO, PM10, PM2.5"
2021-12-19,0.0,24.4,12.7,17.9,25.1,12.2,18.3,2021-12-19 00:34:00,2021-12-19 11:04:00,37796.02,34775.53,0.0,0.0,0.0,0.0,9.4,16.6,201.0,12.65,2.32,Guwahati,218,Poor,PM2.5
2015-10-11,63.0,29.7,21.2,24.8,34.6,24.8,29.3,2015-10-11 00:57:00,2015-10-11 12:45:00,42495.04,34766.84,23.7,23.7,0.0,15.0,5.4,23.0,107.0,13.83,2.89,Pune,92,Satisfactory,PM10
2023-11-10,51.0,30.8,19.5,24.0,32.3,20.5,25.6,2023-11-10 00:54:00,2023-11-10 11:51:00,39428.54,34208.79,0.1,0.1,0.0,1.0,12.1,20.2,20.0,14.36,3.15,Kanpur,232,Poor,PM2.5
2022-02-08,0.0,26.0,14.1,19.8,27.7,14.0,20.8,2022-02-08 00:42:00,2022-02-08 11:59:00,40599.41,37161.88,0.0,0.0,0.0,0.0,10.0,15.5,202.0,17.31,3.29,Howrah,204,Poor,PM2.5
2022-10-04,63.0,28.5,24.6,25.4,32.1,27.8,29.2,2022-10-04 00:13:00,2022-10-04 12:03:00,42615.63,4597.1,34.8,34.8,0.0,18.0,21.6,39.6,98.0,5.09,1.2,Patna,40,Good,"NO2, O3, PM10"
2021-11-13,63.0,26.8,23.7,25.3,31.6,27.9,30.0,2021-11-13 00:31:00,2021-11-13 11:51:00,40775.75,0.0,9.5,9.5,0.0,18.0,12.1,24.1,54.0,6.92,1.48,Visakhapatnam,33,Good,CO
2023-06-24,51.0,34.0,28.3,30.7,38.5,31.1,35.1,2023-06-24 00:14:00,2023-06-24 13:08:00,46427.67,31118.76,0.2,0.2,0.0,1.0,14.8,30.6,238.0,17.4,4.81,Chennai,62,Satisfactory,NO2
2016-12-01,1.0,31.1,19.4,25.2,33.2,21.0,27.4,2016-12-01 01:25:00,2016-12-01 12:29:00,39822.71,36000.0,0.0,0.0,0.0,0.0,11.8,18.0,360.0,17.02,3.89,Mumbai,193,Moderate,PM10
2022-02-16,1.0,25.0,12.5,18.3,25.1,11.2,18.3,2022-02-16 00:27:00,2022-02-16 11:46:00,40714.55,36000.0,0.0,0.0,0.0,0.0,10.2,18.4,245.0,15.09,2.93,Guwahati,202,Poor,"PM10, PM2.5"
2021-05-12,63.0,34.2,24.9,29.6,35.7,25.8,31.4,2021-05-11 23:50:00,2021-05-12 13:14:00,48285.21,37204.68,2.5,2.5,0.0,1.0,20.4,41.4,93.0,18.13,5.51,Lucknow,116,Moderate,"PM10, PM2.5"
2021-10-26,1.0,32.1,23.2,27.2,36.6,25.7,30.7,2021-10-26 01:06:00,2021-10-26 12:38:00,41502.82,37159.98,0.0,0.0,0.0,0.0,16.3,30.6,351.0,20.04,4.61,Mumbai,96,Satisfactory,"PM10, PM2.5"
2018-12-04,1.0,24.4,11.4,17.1,23.6,10.4,16.7,2018-12-04 01:10:00,2018-12-04 11:42:00,37960.8,32516.74,0.0,0.0,0.0,0.0,8.8,16.6,311.0,12.56,2.43,Lucknow,357,Very Poor,PM2.5
2019-11-13,51.0,28.1,17.5,22.9,29.3,18.0,24.1,2019-11-13 01:09:00,2019-11-13 12:27:00,40652.84,36821.95,0.1,0.1,0.0,1.0,14.9,33.1,99.0,17.01,3.75,Pune,135,Moderate,PM2.5
2022-08-13,63.0,26.0,22.0,23.3,26.9,23.2,24.7,2022-08-13 00:44:00,2022-08-13 13:35:00,46251.63,28002.21,8.4,8.4,0.0,23.0,30.2,58.0,241.0,16.66,3.03,Nashik,45,Good,O3
2020-10-13,1.0,34.1,21.7,27.8,35.4,24.3,30.2,2020-10-13 00:51:00,2020-10-13 12:23:00,41537.72,38558.91,0.0,0.0,0.0,0.0,11.0,25.6,91.0,17.79,4.49,Delhi,300,Poor,"PM10, PM2.5"
2021-09-23,55.0,30.1,25.8,27.7,34.1,29.3,32.2,2021-09-23 00:08:00,2021-09-23 12:15:00,43579.79,32969.73,5.0,5.0,0.0,12.0,22.1,42.5,99.0,14.32,3.12,Patna,49,Good,"O3, PM10"
2016-11-12,0.0,28.7,17.2,22.3,28.4,16.0,21.4,2016-11-12 01:09:00,2016-11-12 12:27:00,40669.09,37265.7,0.0,0.0,0.0,0.0,11.2,28.4,93.0,20.37,4.76,Pune,261,Poor,PM2.5
2022-09-03,53.0,30.0,26.2,28.0,37.5,32.0,33.8,2022-09-03 00:54:00,2022-09-03 13:22:00,44873.9,41676.69,3.5,3.5,0.0,11.0,15.4,29.9,222.0,19.63,3.93,Mumbai,79,Satisfactory,"CO, PM10, PM2.5"
2023-08-04,61.0,32.3,26.4,28.6,39.9,32.2,34.8,2023-08-04 00:05:00,2023-08-04 13:24:00,47935.51,35216.75,6.3,6.3,0.0,14.0,12.0,29.2,37.0,18.18,3.91,Kanpur,103,Moderate,PM2.5
2018-10-31,0.0,33.2,21.4,26.6,33.8,19.5,26.1,2018-10-31 01:13:00,2018-10-31 12:32:00,40693.64,36497.22,0.0,0.0,0.0,0.0,15.9,31.0,62.0,18.87,5.75,Ahmedabad,169,Moderate,PM2.5
2020-05-21,51.0,29.3,23.8,25.9,32.3,24.7,28.6,2020-05-20 23:23:00,2020-05-21 12:42:00,47925.89,9008.31,0.4,0.4,0.0,4.0,27.9,51.8,248.0,10.06,2.74,Kolkata,33,Good,"CO, O3, PM10"
2023-02-19,0.0,33.6,14.1,23.8,31.9,12.0,21.4,2023-02-19 01:31:00,2023-02-19 13:05:00,41639.6,38625.4,0.0,0.0,0.0,0.0,15.1,33.8,71.0,22.93,6.06,Nashik,107,Moderate,PM2.5
2022-10-08,51.0,29.0,21.3,24.5,33.8,25.1,28.6,2022-10-08 00:37:00,2022-10-08 12:29:00,42720.86,39600.0,0.9,0.9,0.0,4.0,8.3,19.4,128.0,18.67,3.77,Hyderabad,53,Satisfactory,"CO, PM10, PM2.5"
2023-11-30,63.0,24.8,16.4,19.8,26.4,17.8,21.2,2023-11-30 01:08:00,2023-11-30 11:45:00,38218.68,25947.0,8.9,8.9,0.0,5.0,17.3,32.0,123.0,10.44,2.0,Kanpur,122,Moderate,"PM10, PM2.5"
2021-09-05,61.0,25.4,19.2,21.4,26.9,20.6,22.7,2021-09-05 00:38:00,2021-09-05 12:58:00,44349.32,16030.11,14.0,14.0,0.0,17.0,22.5,49.3,259.0,12.57,2.42,Bengaluru,46,Good,"CO, O3, PM10"
2023-07-29,63.0,32.0,25.8,28.0,40.8,32.0,35.1,2023-07-28 23:16:00,2023-07-29 12:41:00,48285.13,16479.11,14.3,14.3,0.0,15.0,6.2,16.9,69.0,15.29,3.25,Guwahati,55,Satisfactory,"CO, SO2"
2016-05-04,3.0,38.6,21.2,29.8,37.6,24.2,30.9,2016-05-04 00:35:00,2016-05-04 13:27:00,46317.66,43200.0,0.0,0.0,0.0,0.0,15.7,40.3,289.0,27.4,7.08,Pune,107,Moderate,CO
2022-05-28,2.0,39.8,27.4,33.4,42.7,30.2,36.0,2022-05-27 23:46:00,2022-05-28 13:25:00,49116.93,38688.98,0.0,0.0,0.0,0.0,25.3,54.0,237.0,21.78,6.42,Kanpur,98,Satisfactory,"PM10, PM2.5"
2020-07-20,53.0,30.1,26.3,28.4,35.9,30.3,33.1,2020-07-20 00:02:00,2020-07-20 13:04:00,46939.64,41580.55,3.0,3.0,0.0,11.0,23.5,46.4,220.0,20.76,4.28,Visakhapatnam,84,Satisfactory,PM10
2019-08-28,51.0,30.4,23.3,26.4,33.0,25.2,28.8,2019-08-28 00:31:00,2019-08-28 13:03:00,45096.34,41917.27,0.1,0.1,0.0,1.0,19.0,40.0,251.0,23.14,5.29,Hyderabad,58,Satisfactory,"PM10, PM2.5"
2023-12-29,3.0,20.6,7.8,12.9,21.0,6.2,12.4,2023-12-29 01:25:00,2023-12-29 11:55:00,37776.66,29819.84,0.0,0.0,0.0,0.0,9.0,13.7,339.0,12.5,2.03,Kanpur,181,Moderate,"PM10, PM2.5"
2015-12-20,2.0,31.5,19.4,25.3,31.3,21.2,25.5,2015-12-20 01:10:00,2015-12-20 12:16:00,39932.9,36648.31,0.0,0.0,0.0,0.0,14.4,35.3,149.0,18.35,4.64,Hyderabad,66,Satisfactory,"O3, PM10"
2016-09-30,53.0,27.9,20.9,23.5,31.1,23.2,26.0,2016-09-30 00:55:00,2016-09-30 12:53:00,43088.03,31228.53,3.0,3.0,0.0,8.0,15.3,33.8,291.0,16.59,3.46,Nashik,55,Satisfactory,O3
2021-04-22,65.0,32.9,24.6,28.4,39.0,30.2,33.8,2021-04-21 23:40:00,2021-04-22 12:29:00,46156.84,25171.13,11.8,11.8,0.0,5.0,16.9,43.6,219.0,15.31,3.61,Kolkata,76,Satisfactory,"CO, O3, PM10"
2020-08-15,63.0,33.0,26.4,29.0,40.6,33.1,35.8,2020-08-15 00:08:00,2020-08-15 13:13:00,47089.7,32955.37,10.3,10.3,0.0,18.0,13.0,28.8,105.0,18.39,3.93,Lucknow,74,Satisfactory,"O3, PM10, PM2.5"
2018-02-28,55.0,29.8,14.9,22.9,30.7,14.9,23.7,2018-02-28 01:13:00,2018-02-28 12:47:00,41703.23,33938.73,1.2,1.2,0.0,1.0,10.6,25.6,4.0,16.31,3.52,Agra,196,Moderate,PM2.5
2020-07-12,61.0,33.6,25.5,29.1,41.5,30.3,34.9,2020-07-12 00:19:00,2020-07-12 13:09:00,46218.38,41750.87,6.8,6.8,0.0,10.0,14.1,33.1,220.0,24.08,5.24,Chennai,65,Satisfactory,"CO, O3"
2019-04-12,61.0,33.7,25.6,28.9,41.4,31.7,34.7,2019-04-11 23:49:00,2019-04-12 12:25:00,45385.66,28152.87,2.3,2.3,0.0,3.0,13.3,31.3,159.0,17.61,4.12,Howrah,74,Satisfactory,PM10
2020-01-27,0.0,31.3,16.3,23.0,30.7,15.4,22.6,2020-01-27 01:39:00,2020-01-27 12:54:00,40556.65,37857.12,0.0,0.0,0.0,0.0,19.2,42.1,254.0,19.14,4.92,Pune,155,Moderate,PM2.5
2019-04-06,1.0,36.3,23.3,30.7,37.2,23.6,30.4,2019-04-06 00:37:00,2019-04-06 13:00:00,44593.67,40852.92,0.0,0.0,0.0,0.0,15.0,33.8,234.0,22.55,6.85,Hyderabad,85,Satisfactory,"OZONE, PM10, PM2.5"
2022-04-28,2.0,36.3,27.8,31.3,41.5,31.9,36.1,2022-04-28 00:42:00,2022-04-28 13:29:00,46057.89,36707.72,0.0,0.0,0.0,0.0,19.5,39.6,247.0,24.76,6.19,Mumbai,114,Moderate,"PM10, PM2.5"
2022-10-10,63.0,30.8,25.6,27.7,36.1,31.2,33.3,2022-10-10 00:00:00,2022-10-10 11:45:00,42283.46,37716.32,4.3,4.3,0.0,6.0,14.0,27.0,197.0,16.74,3.44,Kolkata,42,Good,"CO, NO2, O3"
2020-01-28,51.0,19.8,11.3,16.8,20.2,10.3,16.8,2020-01-28 01:04:00,2020-01-28 11:59:00,39305.77,18250.46,0.5,0.5,0.0,5.0,13.1,22.3,94.0,6.96,1.37,Patna,302,Very Poor,PM2.5
2022-05-02,0.0,41.7,25.9,34.0,40.8,25.2,34.1,2022-05-02 00:35:00,2022-05-02 13:37:00,46894.36,43200.0,0.0,0.0,0.0,0.0,22.1,38.9,254.0,24.94,8.77,Ahmedabad,125,Moderate,"PM10, PM2.5"
2021-02-01,1.0,28.6,22.8,25.8,31.3,26.4,28.3,2021-02-01 01:05:00,2021-02-01 12:39:00,41674.24,37994.22,0.0,0.0,0.0,0.0,20.2,42.5,47.0,20.81,4.57,Chennai,64,Satisfactory,"CO, PM10, PM2.5"
2017-03-23,1.0,33.6,19.1,26.0,33.6,19.9,25.5,2017-03-23 00:51:00,2017-03-23 13:00:00,43745.36,41265.55,0.0,0.0,0.0,0.0,17.7,29.9,107.0,27.24,6.91,Bengaluru,92,Satisfactory,"O3, PM2.5"
2021-07-16,55.0,27.0,23.1,24.8,30.3,26.3,27.6,2021-07-16 00:36:00,2021-07-16 13:44:00,47254.64,37720.47,3.9,3.9,0.0,15.0,24.2,51.5,248.0,15.84,3.23,Pune,67,Satisfactory,"CO, PM2.5"
2019-04-17,51.0,30.9,19.7,23.9,32.4,20.6,25.3,2019-04-17 00:10:00,2019-04-17 13:01:00,46230.41,26789.22,1.0,1.0,0.0,4.0,17.6,35.3,91.0,18.56,4.32,Lucknow,100,Satisfactory,PM2.5
2023-10-14,63.0,29.2,23.8,26.8,34.8,28.5,32.1,2023-10-14 00:29:00,2023-10-14 12:21:00,42697.45,26080.29,10.3,10.3,0.0,8.0,11.0,24.1,102.0,14.72,3.08,Chennai,69,Satisfactory,NO2
2020-05-27,3.0,34.1,24.7,29.1,37.1,25.9,30.9,2020-05-26 23:29:00,2020-05-27 13:04:00,48892.05,42329.31,0.0,0.0,0.0,0.0,29.8,56.5,86.0,22.11,6.47,Patna,104,Moderate,PM10
2023-10-30,63.0,30.0,24.3,26.8,34.8,29.2,31.7,2023-10-30 00:32:00,2023-10-30 12:13:00,42052.61,27662.76,8.1,8.1,0.0,9.0,16.4,32.0,30.0,16.21,3.5,Chennai,65,Satisfactory,CO
2022-02-07,3.0,21.6,6.4,14.4,22.0,4.8,14.0,2022-02-07 01:20:00,2022-02-07 12:25:00,39932.71,33013.4,0.0,0.0,0.0,0.0,8.3,15.5,153.0,16.64,2.72,Kanpur,166,Moderate,"PM10, PM2.5"
2018-09-26,51.0,31.1,20.8,25.7,36.3,24.6,29.1,2018-09-26 00:54:00,2018-09-26 12:57:00,43394.83,35070.64,0.1,0.1,0.0,1.0,11.7,25.2,340.0,21.29,4.67,Nashik,74,Satisfactory,OZONE
2020-08-01,63.0,31.7,23.3,26.1,38.1,26.9,31.0,2020-08-01 00:25:00,2020-08-01 13:19:00,46406.41,31097.41,11.2,11.2,0.0,13.0,11.1,26.6,232.0,20.46,4.25,Hyderabad,60,Satisfactory,"NO2, PM10, PM2.5"
2022-11-21,1.0,28.6,16.5,22.6,28.9,17.1,23.6,2022-11-21 00:23:00,2022-11-21 11:21:00,39493.33,35893.7,0.0,0.0,0.0,0.0,11.3,24.5,1.0,15.61,3.42,Howrah,191,Moderate,"O3, PM2.5"
2023-08-19,63.0,28.8,19.2,22.7,29.5,20.3,23.7,2023-08-19 00:37:00,2023-08-19 13:08:00,45055.68,35681.52,7.3,7.3,0.0,10.0,25.2,47.2,268.0,19.57,4.18,Bengaluru,49,Good,"CO, PM10"
2021-08-31,63.0,28.1,22.4,24.8,31.6,25.3,28.3,2021-08-31 00:32:00,2021-08-31 13:00:00,44898.59,24657.71,6.8,6.8,0.0,16.0,18.8,38.2,238.0,14.09,2.96,Hyderabad,39,Good,"NO2, PM10, PM2.5"
2023-08-13,53.0,31.7,26.4,29.0,37.1,30.6,34.0,2023-08-13 00:06:00,2023-08-13 13:15:00,47316.1,25455.44,1.2,1.2,0.0,5.0,15.7,28.1,227.0,14.32,3.52,Lucknow,91,Satisfactory,PM10
2018-11-24,1.0,30.5,17.0,23.5,31.1,16.7,23.3,2018-11-24 01:18:00,2018-11-24 12:23:00,39889.77,36222.73,0.0,0.0,0.0,0.0,9.7,24.8,21.0,17.72,4.17,Nashik,180,Moderate,OZONE
2020-01-04,3.0,28.2,19.1,23.3,29.6,21.1,24.7,2020-01-04 01:12:00,2020-01-04 12:35:00,40989.07,36602.51,0.0,0.0,0.0,0.0,13.2,23.8,159.0,18.3,3.86,Bengaluru,85,Satisfactory,"O3, PM10, PM2.5"
2020-09-26,51.0,27.5,20.1,23.3,29.1,22.5,25.3,2020-09-26 00:54:00,2020-09-26 12:57:00,43355.8,36779.11,0.3,0.3,0.0,3.0,18.9,39.6,260.0,18.14,3.74,Nashik,24,Good,PM10
2018-10-01,61.0,32.0,21.8,25.7,37.2,25.5,29.6,2018-10-01 00:55:00,2018-10-01 12:53:00,43094.64,39178.44,3.9,3.9,0.0,8.0,13.2,28.1,106.0,20.19,4.26,Pune,87,Satisfactory,PM2.5
2016-07-17,63.0,26.3,19.5,22.1,30.1,21.6,24.5,2016-07-17 00:31:00,2016-07-17 13:19:00,46085.92,28356.06,6.7,6.7,0.0,7.0,14.0,27.4,257.0,15.53,3.15,Bengaluru,34,Good,"NO2, PM10"
2019-05-08,0.0,41.7,26.1,34.0,39.5,23.8,31.2,2019-05-08 00:05:00,2019-05-08 13:30:00,48308.59,41594.38,0.0,0.0,0.0,0.0,23.8,42.5,275.0,24.72,9.92,Delhi,357,Very Poor,PM10
2021-08-29,65.0,25.0,19.3,21.3,27.0,20.3,22.6,2021-08-29 00:38:00,2021-08-29 13:02:00,44638.32,18266.44,27.7,27.7,0.0,17.0,22.5,41.4,257.0,11.61,2.28,Bengaluru,38,Good,"CO, PM10, PM2.5"
2017-10-18,0.0,33.6,20.2,26.1,33.4,22.7,27.7,2017-10-18 00:53:00,2017-10-18 12:18:00,41079.8,37132.99,0.0,0.0,0.0,0.0,16.1,32.0,356.0,17.82,4.52,Delhi,302,Very Poor,"PM10, PM2.5"
2022-02-05,0.0,27.2,10.4,18.7,27.8,8.8,17.4,2022-02-05 01:38:00,2022-02-05 12:58:00,40801.12,38114.37,0.0,0.0,0.0,0.0,15.2,27.4,28.0,20.88,4.39,Nashik,119,Moderate,PM10
2017-08-30,61.0,30.9,25.0,28.0,36.0,29.8,32.7,2017-08-30 00:28:00,2017-08-30 13:15:00,45989.27,36507.74,7.3,7.3,0.0,15.0,21.0,47.2,103.0,14.4,3.33,Delhi,76,Satisfactory,"CO, PM2.5"
2016-06-29,61.0,26.1,22.6,23.4,29.2,25.8,27.0,2016-06-29 00:31:00,2016-06-29 13:44:00,47623.3,6526.35,19.5,19.5,0.0,24.0,11.8,36.4,249.0,5.1,1.26,Pune,102,Moderate,CO
2021-03-13,0.0,33.3,19.5,26.2,34.3,18.2,25.0,2021-03-13 01:14:00,2021-03-13 13:13:00,43146.66,39517.61,0.0,0.0,0.0,0.0,17.0,39.2,55.0,23.95,6.25,Nashik,91,Satisfactory,PM2.5
2023-07-12,61.0,32.5,24.8,27.8,39.2,28.4,33.2,2023-07-12 00:19:00,2023-07-12 13:09:00,46230.59,26887.3,7.2,7.2,0.0,8.0,15.1,37.1,222.0,17.75,3.89,Chennai,76,Satisfactory,"CO, PM10"
2016-10-15,1.0,32.0,23.7,27.9,35.7,28.1,32.0,2016-10-15 00:29:00,2016-10-15 12:19:00,42625.1,39542.68,0.0,0.0,0.0,0.0,15.3,27.7,40.0,21.2,4.92,Chennai,124,Moderate,"O3, PM2.5"
2017-11-28,0.0,31.1,19.5,24.8,33.3,21.2,27.0,2017-11-28 01:23:00,2017-11-28 12:29:00,39923.78,36010.18,0.0,0.0,0.0,0.0,14.5,27.0,340.0,17.9,3.9,Mumbai,172,Moderate,PM10
2023-12-11,51.0,28.2,25.0,26.3,31.6,27.5,29.1,2023-12-11 00:50:00,2023-12-11 12:13:00,40927.14,38242.46,0.6,0.6,0.0,6.0,17.1,34.2,49.0,16.42,3.82,Chennai,82,Satisfactory,"O3, PM10"
2018-08-21,61.0,33.1,26.5,29.5,40.2,32.9,36.2,2018-08-21 00:22:00,2018-08-21 13:20:00,46678.14,36783.5,6.1,6.1,0.0,9.0,11.8,32.4,62.0,19.23,4.2,Agra,45,Good,NO2
2019-01-03,0.0,22.2,8.1,14.6,19.8,6.3,12.8,2019-01-03 01:25:00,2019-01-03 11:55:00,37801.72,33083.15,0.0,0.0,0.0,0.0,13.2,27.0,290.0,12.87,2.54,Lucknow,366,Very Poor,PM2.5
2023-05-09,51.0,38.4,27.7,32.2,43.6,33.3,37.1,2023-05-08 23:29:00,2023-05-09 12:36:00,47248.77,42209.7,0.5,0.5,0.0,2.0,15.5,27.7,199.0,22.99,6.21,Kolkata,90,Satisfactory,"O3, PM2.5"
2018-12-09,0.0,22.7,10.4,15.8,22.7,9.8,15.5,2018-12-09 01:26:00,2018-12-09 11:54:00,37707.2,32843.32,0.0,0.0,0.0,0.0,9.5,13.0,84.0,12.64,2.2,Agra,419,Severe,PM2.5
2019-10-29,3.0,29.0,21.1,24.7,31.9,24.3,28.3,2019-10-29 00:09:00,2019-10-29 11:31:00,40909.73,36693.65,0.0,0.0,0.0,0.0,10.0,22.0,327.0,15.58,3.23,Kolkata,219,Poor,PM2.5
2022-12-28,1.0,26.4,14.3,20.4,27.4,14.3,21.1,2022-12-28 00:45:00,2022-12-28 11:30:00,38729.23,34816.36,0.0,0.0,0.0,0.0,11.4,25.9,12.0,13.33,2.84,Howrah,247,Poor,PM2.5
2022-07-07,63.0,24.0,19.4,21.1,25.0,19.3,21.8,2022-07-07 00:28:00,2022-07-07 13:20:00,46281.46,9477.32,14.8,14.8,0.0,19.0,24.5,45.4,262.0,13.05,2.45,Bengaluru,53,Satisfactory,"CO, PM10"
2020-10-16,51.0,32.3,25.9,29.0,39.5,32.5,35.7,2020-10-16 00:03:00,2020-10-16 11:40:00,41790.19,37060.95,1.1,1.1,0.0,6.0,7.9,22.0,347.0,17.27,3.67,Kolkata,62,Satisfactory,"O3, PM10"
2023-06-25,55.0,36.7,28.9,32.9,41.1,32.8,36.7,2023-06-24 23:30:00,2023-06-25 13:14:00,49440.79,39880.54,1.2,1.2,0.0,1.0,24.2,42.1,87.0,23.1,7.39,Patna,135,Moderate,PM2.5
2017-10-06,53.0,29.8,24.9,27.7,35.8,29.7,32.9,2017-10-06 00:28:00,2017-10-06 12:25:00,43018.14,39600.0,1.9,1.9,0.0,7.0,17.4,35.3,163.0,21.24,4.36,Chennai,66,Satisfactory,PM2.5
2017-04-11,3.0,34.5,25.6,29.4,41.1,31.4,35.2,2017-04-11 00:13:00,2017-04-11 12:42:00,44934.86,40436.83,0.0,0.0,0.0,0.0,19.5,43.2,200.0,24.15,5.41,Visakhapatnam,75,Satisfactory,PM10
2019-08-07,53.0,32.4,27.3,29.7,36.4,29.4,33.1,2019-08-06 23:48:00,2019-08-07 13:01:00,47568.3,29544.41,1.7,1.7,0.0,9.0,30.2,73.1,81.0,16.97,4.78,Patna,93,Satisfactory,CO
2018-09-16,55.0,28.2,19.8,23.4,33.2,22.1,26.6,2018-09-16 00:52:00,2018-09-16 13:07:00,44070.08,40859.71,1.6,1.6,0.0,5.0,13.3,30.6,300.0,19.59,3.89,Nashik,44,Good,OZONE
2023-06-10,1.0,42.0,28.4,35.9,43.9,30.0,36.8,2023-06-09 23:41:00,2023-06-10 13:29:00,49649.43,41931.11,0.0,0.0,0.0,0.0,18.6,36.0,294.0,22.86,8.34,Lucknow,134,Moderate,PM2.5
2023-02-10,0.0,25.6,13.0,18.9,26.3,11.8,18.9,2023-02-10 01:33:00,2023-02-10 12:37:00,39826.71,36000.0,0.0,0.0,0.0,0.0,12.5,22.3,141.0,16.21,3.18,Delhi,187,Moderate,PM2.5
2023-12-25,1.0,22.2,9.6,14.8,22.8,8.4,14.5,2023-12-25 01:35:00,2023-12-25 12:00:00,37543.25,33878.23,0.0,0.0,0.0,0.0,8.8,13.3,288.0,13.06,2.17,Agra,122,Moderate,"PM10, PM2.5"
2023-05-04,65.0,30.3,21.9,24.7,35.3,25.8,29.0,2023-05-03 23:13:00,2023-05-04 12:25:00,47550.32,28800.0,27.1,27.1,0.0,11.0,11.8,27.0,236.0,17.37,3.68,Guwahati,84,Satisfactory,"PM10, PM2.5"
2022-02-19,0.0,24.1,10.9,17.1,21.8,9.7,14.9,2022-02-19 01:26:00,2022-02-19 12:44:00,40696.22,36033.62,0.0,0.0,0.0,0.0,18.2,34.6,298.0,18.12,4.16,Delhi,180,Moderate,"PM10, PM2.5"
2022-04-02,0.0,37.5,20.7,29.3,36.4,18.6,27.2,2022-04-02 00:40:00,2022-04-02 13:09:00,44975.32,41762.9,0.0,0.0,0.0,0.0,14.1,25.9,200.0,23.8,7.17,Delhi,226,Poor,"NO2, PM10, PM2.5"
2022-06-24,55.0,32.1,27.1,28.8,37.0,31.3,33.6,2022-06-23 23:54:00,2022-06-24 13:05:00,47467.23,31118.99,1.5,1.5,0.0,6.0,24.9,51.1,230.0,19.04,4.31,Visakhapatnam,102,Moderate,PM10
2022-05-13,51.0,34.1,27.6,30.3,38.5,31.4,33.7,2022-05-12 23:27:00,2022-05-13 12:38:00,47493.04,42239.27,0.2,0.2,0.0,1.0,28.2,53.3,198.0,22.65,6.15,Howrah,73,Satisfactory,PM10
2019-11-25,1.0,25.1,17.7,21.4,27.5,19.3,23.8,2019-11-25 00:44:00,2019-11-25 11:28:00,38661.0,6579.2,0.0,0.0,0.0,0.0,7.2,13.0,179.0,7.09,1.47,Patna,404,Severe,PM2.5
2022-10-24,65.0,24.8,20.8,23.0,27.3,22.0,24.5,2022-10-24 00:07:00,2022-10-24 11:34:00,41237.82,0.0,48.4,48.4,0.0,15.0,26.9,51.5,349.0,2.68,1.06,Howrah,69,Satisfactory,"PM10, PM2.5"
2018-03-11,0.0,31.4,16.7,23.5,32.1,16.4,23.6,2018-03-11 01:02:00,2018-03-11 12:54:00,42753.66,37678.45,0.0,0.0,0.0,0.0,10.8,19.8,341.0,20.99,4.88,Agra,194,Moderate,PM2.5
2020-02-06,2.0,29.6,16.7,22.9,31.0,17.1,23.0,2020-02-06 01:15:00,2020-02-06 12:52:00,41844.57,38441.89,0.0,0.0,0.0,0.0,17.6,30.6,155.0,20.37,4.8,Bengaluru,90,Satisfactory,"O3, PM10, PM2.5"
2023-11-27,51.0,30.4,23.0,26.2,34.2,27.4,30.0,2023-11-27 01:22:00,2023-11-27 12:29:00,39969.2,36000.0,0.4,0.4,0.0,3.0,14.9,28.8,337.0,15.5,3.44,Mumbai,59,Satisfactory,"CO, NO2, PM2.5"
2021-12-26,1.0,30.0,16.9,23.3,31.6,17.5,24.1,2021-12-26 01:13:00,2021-12-26 12:19:00,39947.52,36602.11,0.0,0.0,0.0,0.0,14.3,24.1,151.0,18.03,3.92,Hyderabad,174,Moderate,"PM10, PM2.5"
2020-04-17,1.0,36.0,24.1,30.6,38.6,25.5,31.7,2020-04-17 00:28:00,2020-04-17 13:02:00,45257.38,40862.64,0.0,0.0,0.0,0.0,14.7,33.5,176.0,23.02,6.41,Hyderabad,74,Satisfactory,"PM10, PM2.5"
2015-08-26,53.0,33.4,26.2,29.3,41.3,32.3,35.9,2015-08-26 00:12:00,2015-08-26 13:03:00,46217.14,40274.82,1.7,1.7,0.0,6.0,9.5,27.7,314.0,20.61,4.47,Lucknow,96,Satisfactory,"CO, PM2.5"
2018-05-21,51.0,38.5,26.9,32.2,42.4,28.9,33.9,2018-05-21 00:12:00,2018-05-21 13:12:00,46820.28,38135.74,0.2,0.2,0.0,1.0,13.0,47.9,164.0,23.26,6.79,Hyderabad,134,Moderate,"OZONE, PM10, PM2.5"
2019-02-09,61.0,29.1,19.5,22.5,31.1,21.0,24.4,2019-02-09 01:14:00,2019-02-09 12:53:00,41964.2,35363.37,5.8,5.8,0.0,8.0,12.8,25.2,101.0,16.64,3.48,Bengaluru,165,Moderate,"OZONE, PM2.5"
2017-12-17,1.0,21.1,9.0,14.6,18.7,6.5,12.2,2017-12-17 01:20:00,2017-12-17 11:49:00,37736.67,32632.9,0.0,0.0,0.0,0.0,14.0,29.5,282.0,13.09,2.83,Kanpur,279,Poor,PM2.5
2021-01-27,1.0,30.7,15.4,22.2,31.8,16.1,22.3,2021-01-27 01:39:00,2021-01-27 12:55:00,40589.08,37892.54,0.0,0.0,0.0,0.0,13.7,28.1,276.0,19.71,4.44,Pune,134,Moderate,"NO2, PM10, PM2.5"
2020-06-24,61.0,32.6,26.1,29.0,40.8,29.8,34.6,2020-06-24 00:14:00,2020-06-24 13:08:00,46425.59,41623.91,2.3,2.3,0.0,3.0,13.2,29.5,197.0,23.31,5.14,Chennai,110,Moderate,"CO, O3"
2020-08-21,63.0,29.7,25.7,27.2,36.1,31.2,33.2,2020-08-21 00:48:00,2020-08-21 13:36:00,46104.49,17812.48,12.4,12.4,0.0,16.0,12.4,24.8,240.0,11.75,2.54,Ahmedabad,67,Satisfactory,PM10
2021-04-30,1.0,37.0,25.0,30.5,39.2,25.7,31.0,2021-04-29 23:58:00,2021-04-30 13:08:00,47387.87,36317.79,0.0,0.0,0.0,0.0,18.4,38.9,100.0,21.01,6.73,Lucknow,188,Moderate,"O3, PM10, PM2.5"
2023-10-06,1.0,33.9,23.5,28.2,39.4,27.1,33.0,2023-10-06 00:18:00,2023-10-06 12:12:00,42836.63,39443.04,0.0,0.0,0.0,0.0,11.9,24.1,228.0,23.05,5.06,Visakhapatnam,203,Poor,PM10
2020-01-31,1.0,17.6,7.5,12.3,15.6,5.1,10.4,2020-01-31 01:40:00,2020-01-31 12:29:00,38955.47,35726.23,0.0,0.0,0.0,0.0,12.7,28.8,320.0,15.55,2.46,Delhi,190,Moderate,PM2.5
2018-08-18,53.0,28.1,22.8,25.4,28.7,24.0,26.4,2018-08-18 00:29:00,2018-08-18 13:10:00,45618.52,5089.88,1.4,1.4,0.0,5.0,29.7,57.2,277.0,9.95,3.33,Hyderabad,37,Good,"PM10, PM2.5"
2019-12-24,3.0,30.6,22.9,26.7,34.7,26.8,29.9,2019-12-24 01:38:00,2019-12-24 12:37:00,39529.55,35886.96,0.0,0.0,0.0,0.0,12.0,26.6,347.0,15.49,3.63,Mumbai,245,Poor,PM2.5
2021-09-05,63.0,32.7,26.4,29.6,41.2,32.0,36.8,2021-09-05 00:01:00,2021-09-05 12:34:00,45180.53,40537.66,7.8,7.8,0.0,13.0,12.8,23.8,62.0,18.72,3.97,Patna,102,Moderate,"PM10, PM2.5"
2017-07-17,61.0,34.2,26.6,30.0,41.3,32.0,36.7,2017-07-17 00:04:00,2017-07-17 13:44:00,49177.14,31699.43,3.6,3.6,0.0,10.0,12.3,30.6,106.0,19.05,4.31,Agra,58,Satisfactory,PM2.5
2020-08-20,2.0,31.5,27.0,28.9,36.0,31.7,33.7,2020-08-20 00:27:00,2020-08-20 12:57:00,45005.35,302.28,0.0,0.0,0.0,0.0,14.5,25.9,203.0,11.29,3.08,Chennai,56,Satisfactory,"O3, PM2.5"
2023-08-23,63.0,27.8,25.9,26.9,34.5,29.9,32.2,2023-08-23 00:23:00,2023-08-23 13:18:00,46518.12,0.0,33.5,33.5,0.0,22.0,16.2,26.6,244.0,4.54,1.21,Agra,39,Good,"NO2, PM10"
2020-12-31,1.0,28.2,14.5,21.1,28.3,14.4,21.4,2020-12-31 01:39:00,2020-12-31 12:36:00,39396.41,35812.91,0.0,0.0,0.0,0.0,14.7,33.8,98.0,16.98,3.61,Nashik,124,Moderate,PM2.5
2023-02-18,51.0,28.7,19.1,23.5,31.7,21.1,26.3,2023-02-18 00:36:00,2023-02-18 12:04:00,41286.18,31429.47,0.9,0.9,0.0,7.0,9.6,19.1,213.0,15.88,3.3,Kolkata,101,Moderate,"PM10, PM2.5"
2023-04-15,0.0,39.5,25.2,31.8,40.2,24.8,31.5,2023-04-15 00:49:00,2023-04-15 13:30:00,45655.7,42499.32,0.0,0.0,0.0,0.0,15.0,31.7,226.0,25.36,7.82,Ahmedabad,125,Moderate,"PM10, PM2.5"
2019-01-04,0.0,26.5,17.2,21.6,27.9,18.3,22.9,2019-01-04 00:58:00,2019-01-04 12:04:00,39977.81,37216.09,0.0,0.0,0.0,0.0,15.9,32.4,49.0,17.87,3.53,Visakhapatnam,290,Poor,PM2.5
2023-04-17,0.0,34.2,24.6,29.1,38.8,28.5,32.8,2023-04-17 00:50:00,2023-04-17 13:26:00,45393.14,42492.61,0.0,0.0,0.0,0.0,23.3,46.1,330.0,25.5,6.12,Mumbai,95,Satisfactory,"PM10, PM2.5"
2017-09-09,3.0,31.1,22.8,26.8,36.0,27.2,31.0,2017-09-09 00:33:00,2017-09-09 12:53:00,44393.67,40485.77,0.0,0.0,0.0,0.0,10.4,25.2,136.0,23.16,4.98,Hyderabad,70,Satisfactory,"PM10, PM2.5"
2023-08-10,51.0,35.0,25.3,29.4,40.2,29.6,33.9,2023-08-10 00:25:00,2023-08-10 13:02:00,45412.48,38615.38,0.7,0.7,0.0,4.0,14.2,32.0,240.0,21.69,5.33,Chennai,82,Satisfactory,CO
2017-07-18,65.0,26.9,25.6,26.1,31.2,28.4,30.2,2017-07-18 00:40:00,2017-07-18 13:49:00,47307.34,6519.91,77.6,77.6,0.0,24.0,23.5,45.0,246.0,6.43,1.45,Mumbai,56,Satisfactory,CO
2019-09-25,63.0,29.8,24.7,26.7,33.6,27.5,30.1,2019-09-25 00:28:00,2019-09-25 12:32:00,43444.4,23668.03,7.2,7.2,0.0,8.0,20.8,37.4,83.0,11.85,2.89,Kanpur,50,Good,PM2.5
2021-01-19,3.0,22.0,9.6,15.1,21.4,8.6,14.5,2021-01-19 01:38:00,2021-01-19 12:19:00,38457.95,35503.61,0.0,0.0,0.0,0.0,11.1,21.6,315.0,14.49,2.51,Agra,351,Very Poor,PM2.5
2021-11-25,1.0,29.6,18.0,23.9,32.9,19.5,26.0,2021-11-25 01:19:00,2021-11-25 12:23:00,39838.46,36223.79,0.0,0.0,0.0,0.0,9.1,18.0,43.0,17.49,3.68,Nashik,67,Satisfactory,PM2.5
2021-07-27,53.0,26.9,22.1,24.0,27.9,23.5,25.4,2021-07-27 00:40:00,2021-07-27 13:41:00,46847.02,40629.27,5.2,5.2,0.0,23.0,29.5,58.7,249.0,21.13,4.09,Pune,60,Satisfactory,"CO, PM10, PM2.5"
2022-06-03,1.0,35.5,22.4,28.1,35.8,24.5,28.8,2022-06-03 00:24:00,2022-06-03 13:41:00,47794.89,43200.0,0.0,0.0,0.0,0.0,19.4,41.8,269.0,26.71,7.28,Nashik,66,Satisfactory,PM10
2018-07-26,51.0,31.0,25.2,27.7,33.7,28.7,30.8,2018-07-26 00:37:00,2018-07-26 13:54:00,47794.41,14337.69,1.9,1.9,0.0,11.0,26.5,48.2,220.0,13.24,3.77,Ahmedabad,85,Satisfactory,PM2.5
2019-06-26,51.0,31.2,26.8,28.9,37.3,30.8,34.6,2019-06-25 23:54:00,2019-06-26 13:05:00,47459.39,40750.71,0.9,0.9,0.0,7.0,20.9,40.7,211.0,21.06,4.46,Visakhapatnam,71,Satisfactory,PM10
2016-09-22,61.0,29.5,23.7,26.4,35.0,28.7,31.3,2016-09-22 00:24:00,2016-09-22 12:32:00,43655.83,15487.47,7.4,7.4,0.0,7.0,14.0,23.8,74.0,10.69,2.34,Lucknow,43,Good,"O3, PM2.5"
2021-05-23,51.0,35.7,28.0,32.0,42.1,34.3,38.5,2021-05-22 23:23:00,2021-05-23 12:43:00,48008.92,43039.39,0.6,0.6,0.0,4.0,10.8,23.8,50.0,20.13,4.78,Howrah,49,Good,PM10
2016-09-22,53.0,30.2,23.4,26.4,35.2,27.4,30.7,2016-09-22 00:39:00,2016-09-22 12:47:00,43663.7,18272.35,0.6,0.6,0.0,1.0,19.2,33.5,106.0,11.23,2.57,Delhi,127,Moderate,"CO, PM10"
2016-11-17,0.0,29.0,17.1,22.9,29.6,16.1,22.4,2016-11-17 01:15:00,2016-11-17 12:24:00,40170.96,36595.8,0.0,0.0,0.0,0.0,14.7,33.1,89.0,19.0,4.72,Nashik,271,Poor,PM2.5
2020-01-13,1.0,29.3,15.8,21.6,29.8,16.4,22.6,2020-01-13 01:39:00,2020-01-13 12:46:00,40013.71,36455.52,0.0,0.0,0.0,0.0,13.2,30.2,265.0,16.95,3.7,Pune,188,Moderate,PM2.5
2021-04-23,1.0,38.4,21.6,30.7,37.5,20.5,29.1,2021-04-23 00:07:00,2021-04-23 13:06:00,46750.57,40111.08,0.0,0.0,0.0,0.0,18.9,33.8,131.0,23.35,7.7,Kanpur,72,Satisfactory,"O3, PM2.5"
2022-11-05,0.0,29.4,18.5,24.2,32.3,20.1,26.9,2022-11-05 00:50:00,2022-11-05 11:54:00,39796.03,35234.62,0.0,0.0,0.0,0.0,7.9,16.6,83.0,15.63,3.14,Kanpur,236,Poor,PM2.5
2019-07-01,51.0,36.8,28.1,31.0,41.0,32.2,35.0,2019-07-01 00:16:00,2019-07-01 13:09:00,46386.32,36843.2,0.2,0.2,0.0,2.0,28.4,58.0,199.0,19.79,5.67,Chennai,50,Good,"OZONE, PM2.5"
2022-02-27,0.0,23.5,11.0,16.9,23.1,8.8,15.4,2022-02-27 01:18:00,2022-02-27 12:49:00,41491.92,36292.04,0.0,0.0,0.0,0.0,14.2,26.3,330.0,18.86,3.89,Delhi,92,Satisfactory,"PM10, PM2.5"
2023-07-06,51.0,31.9,27.4,29.1,37.5,30.2,33.0,2023-07-06 00:17:00,2023-07-06 13:09:00,46328.03,17912.18,0.1,0.1,0.0,1.0,21.9,42.5,234.0,14.06,4.0,Chennai,66,Satisfactory,"NO2, PM10"
2021-08-16,61.0,29.0,25.9,27.1,35.3,31.6,33.3,2021-08-16 00:10:00,2021-08-16 12:52:00,45752.33,12436.76,8.5,8.5,0.0,19.0,11.5,30.6,240.0,11.12,2.35,Visakhapatnam,78,Satisfactory,PM10
2022-02-02,0.0,21.0,9.6,14.9,21.5,8.2,14.1,2022-02-02 01:23:00,2022-02-02 12:21:00,39539.22,35893.45,0.0,0.0,0.0,0.0,14.4,23.0,66.0,16.7,2.81,Kanpur,189,Moderate,PM2.5
2023-11-21,1.0,34.3,23.7,28.5,37.1,23.9,30.1,2023-11-21 01:19:00,2023-11-21 12:29:00,40199.48,36050.42,0.0,0.0,0.0,0.0,20.2,38.9,8.0,17.73,5.16,Mumbai,132,Moderate,"O3, PM2.5"
2019-06-27,1.0,40.4,29.1,35.0,43.3,33.0,38.2,2019-06-26 23:55:00,2019-06-27 13:46:00,49838.47,40614.61,0.0,0.0,0.0,0.0,13.5,28.1,287.0,21.64,6.53,Agra,77,Satisfactory,PM2.5
2021-05-16,2.0,38.5,25.5,33.5,41.7,27.8,35.3,2021-05-15 23:51:00,2021-05-16 13:19:00,48475.56,40000.25,0.0,0.0,0.0,0.0,7.8,21.6,82.0,21.9,5.8,Kanpur,92,Satisfactory,PM2.5
2023-07-15,51.0,27.9,19.5,23.2,30.6,21.1,24.9,2023-07-15 00:31:00,2023-07-15 13:20:00,46143.39,31910.81,0.6,0.6,0.0,5.0,23.6,44.3,274.0,19.46,4.09,Bengaluru,50,Good,PM10
2016-01-06,3.0,26.2,13.2,20.0,27.3,13.0,20.0,2016-01-06 01:13:00,2016-01-06 12:37:00,41017.14,37492.2,0.0,0.0,0.0,0.0,13.9,26.6,88.0,21.58,4.28,Bengaluru,121,Moderate,"NO2, PM2.5"
2021-02-08,0.0,22.2,9.2,15.2,21.9,7.7,14.5,2021-02-08 01:19:00,2021-02-08 12:26:00,40031.45,36000.0,0.0,0.0,0.0,0.0,11.3,25.6,286.0,17.22,2.99,Kanpur,272,Poor,PM2.5
2016-09-28,63.0,31.6,25.8,28.4,37.1,29.8,33.2,2016-09-28 00:28:00,2016-09-28 12:30:00,43352.75,37023.92,12.7,12.7,0.0,12.0,21.3,34.9,200.0,17.64,4.0,Chennai,97,Satisfactory,PM2.5
2016-12-30,0.0,28.2,15.7,21.6,28.6,16.1,22.0,2016-12-30 01:15:00,2016-12-30 12:21:00,39988.28,36725.5,0.0,0.0,0.0,0.0,10.5,27.0,114.0,18.97,4.04,Hyderabad,188,Moderate,"O3, PM2.5"
2020-09-28,51.0,31.7,25.3,28.6,38.8,31.1,35.2,2020-09-28 00:10:00,2020-09-28 12:09:00,43109.88,39197.7,0.7,0.7,0.0,5.0,6.6,20.9,275.0,17.99,3.81,Patna,85,Satisfactory,"PM10, PM2.5"
2020-02-29,1.0,27.8,14.1,21.2,29.0,14.2,22.0,2020-02-29 00:17:00,2020-02-29 11:53:00,41821.94,36748.68,0.0,0.0,0.0,0.0,9.7,25.9,101.0,18.94,3.87,Guwahati,160,Moderate,PM2.5
2018-10-07,1.0,35.6,22.6,28.7,37.3,23.0,29.6,2018-10-07 00:33:00,2018-10-07 12:19:00,42306.27,38075.13,0.0,0.0,0.0,0.0,25.2,45.7,319.0,17.62,5.19,Kanpur,222,Poor,PM2.5
2020-03-19,63.0,34.4,22.6,27.7,37.5,26.4,31.9,2020-03-19 00:31:00,2020-03-19 12:37:00,43578.0,32400.0,9.8,9.8,0.0,5.0,22.3,45.0,185.0,18.26,4.31,Visakhapatnam,102,Moderate,PM10
2022-04-30,1.0,35.6,27.2,30.6,40.2,32.6,35.7,2022-04-30 00:01:00,2022-04-30 12:47:00,45965.71,40562.06,0.0,0.0,0.0,0.0,25.8,52.6,214.0,24.99,6.09,Visakhapatnam,119,Moderate,PM10
2023-08-27,3.0,32.0,23.7,27.4,35.1,26.0,30.0,2023-08-27 00:31:00,2023-08-27 13:04:00,45149.07,39922.02,0.0,0.0,0.0,0.0,18.5,38.2,285.0,22.91,5.55,Hyderabad,67,Satisfactory,PM10
2020-03-13,1.0,32.2,17.9,25.3,31.4,19.9,25.0,2020-03-13 00:58:00,2020-03-13 13:00:00,43320.09,40838.38,0.0,0.0,0.0,0.0,18.7,35.3,125.0,26.08,6.69,Bengaluru,81,Satisfactory,"O3, PM10, PM2.5"
2015-09-22,51.0,33.9,26.3,30.3,38.5,31.4,34.8,2015-09-22 00:27:00,2015-09-22 12:36:00,43728.29,39600.0,0.2,0.2,0.0,2.0,11.8,27.0,209.0,17.44,4.42,Kanpur,93,Satisfactory,PM2.5
2017-11-05,53.0,30.2,21.8,25.5,35.2,25.1,29.6,2017-11-05 00:13:00,2017-11-05 11:27:00,40403.03,36196.82,0.7,0.7,0.0,2.0,8.0,20.5,351.0,15.71,3.23,Howrah,129,Moderate,PM10
2022-09-27,51.0,31.9,23.1,27.3,36.6,27.2,31.9,2022-09-27 00:29:00,2022-09-27 12:30:00,43233.83,39600.0,0.1,0.1,0.0,1.0,13.6,25.9,309.0,19.84,4.32,Kanpur,45,Good,"PM10, PM2.5"
2019-08-13,63.0,30.9,25.8,27.9,37.8,31.8,34.3,2019-08-13 00:18:00,2019-08-13 13:28:00,47377.08,2670.65,14.6,14.6,0.0,17.0,13.0,25.6,286.0,11.09,2.53,Agra,69,Satisfactory,PM2.5
2022-12-23,1.0,26.5,13.9,20.1,26.6,13.7,20.7,2022-12-23 00:42:00,2022-12-23 11:27:00,38693.42,35581.56,0.0,0.0,0.0,0.0,9.2,18.7,9.0,14.42,2.88,Kolkata,274,Poor,PM2.5
2021-01-23,0.0,30.7,15.2,21.8,31.5,14.6,21.9,2021-01-23 01:42:00,2021-01-23 12:51:00,40137.95,37211.11,0.0,0.0,0.0,0.0,13.3,24.5,298.0,19.11,4.26,Nashik,142,Moderate,PM2.5
2021-01-25,1.0,29.1,16.8,22.8,29.4,17.4,23.1,2021-01-25 01:44:00,2021-01-25 12:57:00,40398.57,37682.88,0.0,0.0,0.0,0.0,19.1,38.9,338.0,19.26,4.49,Mumbai,207,Poor,"PM10, PM2.5"
2022-01-27,0.0,24.4,10.3,16.6,24.1,7.6,14.8,2022-01-27 01:41:00,2022-01-27 12:53:00,40313.03,37585.59,0.0,0.0,0.0,0.0,14.2,32.0,78.0,19.59,3.94,Nashik,82,Satisfactory,PM10
2016-04-16,1.0,40.2,27.5,33.9,41.8,30.5,35.3,2016-04-16 00:29:00,2016-04-16 13:02:00,45199.69,41913.14,0.0,0.0,0.0,0.0,17.0,36.7,166.0,22.77,7.11,Hyderabad,93,Satisfactory,"PM10, PM2.5"
2016-01-04,3.0,23.1,10.6,17.3,23.1,10.2,17.0,2016-01-04 01:06:00,2016-01-04 11:41:00,38125.55,34538.45,0.0,0.0,0.0,0.0,8.4,16.6,281.0,15.64,2.61,Patna,424,Severe,PM2.5
2019-04-07,63.0,24.9,19.2,21.8,27.1,22.1,24.8,2019-04-06 23:38:00,2019-04-07 12:12:00,45271.4,9562.31,23.0,23.0,0.0,14.0,13.4,28.8,71.0,8.96,1.85,Guwahati,121,Moderate,PM2.5
2021-03-12,51.0,33.2,23.8,27.9,38.3,28.9,32.6,2021-03-12 00:17:00,2021-03-12 12:14:00,43006.65,33044.11,0.5,0.5,0.0,2.0,7.8,19.8,160.0,18.9,4.19,Kolkata,79,Satisfactory,"PM10, PM2.5"
2016-05-27,1.0,33.7,23.3,28.0,35.8,26.4,30.3,2016-05-27 00:25:00,2016-05-27 13:38:00,47601.08,43200.0,0.0,0.0,0.0,0.0,20.5,45.0,267.0,24.05,6.22,Nashik,55,Satisfactory,PM10
2023-11-16,0.0,27.5,14.6,21.2,28.3,14.3,21.7,2023-11-16 00:56:00,2023-11-16 11:45:00,38943.57,33861.19,0.0,0.0,0.0,0.0,9.4,15.8,61.0,14.34,3.0,Lucknow,191,Moderate,PM2.5
2022-03-05,1.0,34.9,19.9,26.8,35.0,19.3,25.4,2022-03-05 01:20:00,2022-03-05 13:11:00,42661.78,39054.5,0.0,0.0,0.0,0.0,15.6,33.5,319.0,23.1,6.31,Pune,127,Moderate,"PM10, PM2.5"
2018-11-20,63.0,28.9,24.2,25.7,31.2,26.8,28.5,2018-11-20 00:40:00,2018-11-20 12:09:00,41337.39,13842.2,48.2,48.2,0.0,22.0,24.8,50.8,47.0,9.03,2.27,Chennai,79,Satisfactory,"CO, PM2.5"
2021-11-12,61.0,23.4,17.8,20.1,25.0,18.8,21.8,2021-11-12 00:47:00,2021-11-12 12:20:00,41594.61,9739.65,11.5,11.5,0.0,19.0,16.9,33.1,347.0,7.82,1.52,Bengaluru,64,Satisfactory,"CO, NO2, PM2.5"
2018-12-02,1.0,25.8,15.2,19.7,25.0,14.8,19.1,2018-12-02 00:49:00,2018-12-02 11:28:00,38329.16,35123.19,0.0,0.0,0.0,0.0,11.3,22.7,278.0,12.86,2.95,Patna,405,Severe,PM2.5
2023-01-08,0.0,27.4,15.8,21.0,25.7,15.0,20.0,2023-01-08 00:59:00,2023-01-08 12:07:00,40064.72,37312.71,0.0,0.0,0.0,0.0,15.2,31.3,38.0,18.78,4.37,Visakhapatnam,195,Moderate,PM10
2021-04-18,2.0,33.3,26.8,29.7,39.1,32.6,34.9,2021-04-18 00:24:00,2021-04-18 12:52:00,44864.44,40820.04,0.0,0.0,0.0,0.0,22.5,47.9,167.0,25.69,5.8,Chennai,43,Good,"CO, O3, PM10"
2018-09-17,61.0,33.2,26.3,29.3,41.4,32.9,36.5,2018-09-16 23:53:00,2018-09-17 12:08:00,44064.14,38179.34,5.3,5.3,0.0,10.0,6.6,23.8,316.0,20.23,4.32,Howrah,110,Moderate,PM10
2018-12-13,0.0,25.7,14.2,19.1,22.5,10.5,16.0,2018-12-13 01:41:00,2018-12-13 12:25:00,38655.52,35668.57,0.0,0.0,0.0,0.0,16.9,33.5,33.0,15.76,4.69,Ahmedabad,145,Moderate,PM2.5
2016-11-09,1.0,28.3,14.4,22.2,28.3,14.1,21.7,2016-11-09 00:48:00,2016-11-09 12:11:00,41002.76,38364.69,0.0,0.0,0.0,0.0,11.5,27.0,50.0,21.11,4.78,Hyderabad,125,Moderate,PM2.5
2018-03-07,2.0,33.3,19.5,25.8,32.5,18.9,24.8,2018-03-07 01:20:00,2018-03-07 13:11:00,42716.41,38840.86,0.0,0.0,0.0,0.0,15.7,33.1,261.0,19.16,5.64,Nashik,116,Moderate,PM2.5
2018-09-10,51.0,28.4,23.6,26.1,33.9,28.6,30.8,2018-09-10 00:55:00,2018-09-10 13:16:00,44432.35,40790.17,1.2,1.2,0.0,9.0,15.2,30.6,275.0,21.39,4.19,Mumbai,68,Satisfactory,CO
2022-02-21,1.0,31.3,16.8,24.0,32.2,17.4,23.8,2022-02-21 01:09:00,2022-02-21 12:56:00,42446.96,39924.95,0.0,0.0,0.0,0.0,13.0,22.3,20.0,24.72,5.82,Bengaluru,114,Moderate,"PM10, PM2.5"
2020-11-16,61.0,25.0,16.3,20.2,26.8,17.4,21.5,2020-11-16 00:58:00,2020-11-16 11:48:00,38967.09,32406.18,6.4,6.4,0.0,6.0,13.4,32.0,28.0,11.41,2.16,Kanpur,177,Moderate,PM2.5
2017-05-24,51.0,39.7,26.2,33.6,42.8,28.4,35.2,2017-05-23 23:56:00,2017-05-24 13:40:00,49448.16,42461.2,0.2,0.2,0.0,1.0,16.0,33.1,125.0,26.53,7.75,Delhi,223,Poor,"PM10, PM2.5"
2016-10-15,51.0,27.1,21.8,24.5,31.1,24.9,28.2,2016-10-15 00:58:00,2016-10-15 12:41:00,42201.8,38201.89,0.4,0.4,0.0,3.0,5.6,16.9,89.0,16.75,3.33,Pune,148,Moderate,PM2.5
2022-09-30,51.0,33.1,25.2,28.8,40.0,31.0,35.2,2022-09-29 23:44:00,2022-09-30 11:41:00,42960.17,38097.37,0.1,0.1,0.0,1.0,11.0,24.5,103.0,19.93,4.25,Guwahati,68,Satisfactory,PM10
2015-07-30,3.0,26.9,18.5,23.0,27.2,19.5,23.7,2015-07-30 00:34:00,2015-07-30 13:17:00,45756.66,39740.05,0.0,0.0,0.0,0.0,20.7,43.9,286.0,19.98,4.41,Bengaluru,49,Good,CO
2020-04-12,1.0,37.9,22.9,30.2,37.3,22.3,29.2,2020-04-12 00:18:00,2020-04-12 13:01:00,45813.39,40543.29,0.0,0.0,0.0,0.0,16.1,33.5,314.0,24.42,7.61,Kanpur,105,Moderate,PM2.5
2022-12-29,2.0,19.9,7.1,13.4,19.0,5.7,12.6,2022-12-29 01:24:00,2022-12-29 11:52:00,37687.94,32733.32,0.0,0.0,0.0,0.0,7.1,17.6,23.0,12.66,2.05,Lucknow,262,Poor,PM2.5
2020-12-18,1.0,24.4,13.1,18.4,24.2,11.6,18.0,2020-12-18 00:40:00,2020-12-18 11:25:00,38696.83,35698.16,0.0,0.0,0.0,0.0,13.5,29.5,5.0,14.12,2.85,Howrah,231,Poor,"PM10, PM2.5"
2021-08-08,51.0,32.6,26.7,29.6,37.2,32.1,34.8,2021-08-08 00:08:00,2021-08-08 12:57:00,46153.18,41353.34,0.2,0.2,0.0,2.0,23.4,48.2,218.0,23.34,5.22,Visakhapatnam,45,Good,NO2
2021-06-14,63.0,31.4,23.2,26.2,34.3,25.4,28.4,2021-06-14 00:11:00,2021-06-14 13:21:00,47365.0,13618.78,9.0,9.0,0.0,7.0,23.0,49.7,261.0,12.26,3.54,Hyderabad,32,Good,"NO2, PM2.5, SO2"
2018-02-20,1.0,28.5,20.8,24.7,31.9,24.0,27.7,2018-02-20 00:59:00,2018-02-20 12:45:00,42390.91,39324.86,0.0,0.0,0.0,0.0,13.8,33.5,74.0,23.29,4.63,Chennai,116,Moderate,PM2.5
2022-03-02,0.0,30.8,18.3,24.1,33.8,19.3,25.7,2022-03-02 00:27:00,2022-03-02 12:10:00,42210.69,38920.06,0.0,0.0,0.0,0.0,9.1,22.7,47.0,20.15,4.32,Howrah,187,Moderate,"PM10, PM2.5"
2019-08-12,51.0,33.3,27.4,30.3,39.3,33.2,36.3,2019-08-12 00:06:00,2019-08-12 13:16:00,47399.82,41510.98,0.2,0.2,0.0,2.0,15.3,30.2,290.0,19.34,4.49,Lucknow,80,Satisfactory,"CO, PM2.5"
2022-04-29,1.0,39.6,24.9,32.4,40.3,26.5,32.6,2022-04-29 00:21:00,2022-04-29 13:05:00,45865.5,39527.86,0.0,0.0,0.0,0.0,14.7,31.7,244.0,24.68,7.51,Hyderabad,93,Satisfactory,"CO, PM10, PM2.5"
2020-07-28,63.0,27.7,19.6,22.6,31.4,21.6,25.1,2020-07-28 00:34:00,2020-07-28 13:17:00,45792.79,35766.07,8.8,8.8,0.0,15.0,17.3,33.1,294.0,17.42,3.48,Bengaluru,40,Good,"O3, PM10, PM2.5"
2020-08-11,63.0,32.3,26.9,29.2,39.6,32.7,36.1,2020-08-11 00:17:00,2020-08-11 13:29:00,47475.15,24807.7,10.6,10.6,0.0,15.0,12.8,22.0,259.0,14.43,3.19,Agra,57,Satisfactory,CO
2021-07-21,51.0,32.7,25.8,28.9,40.7,31.9,35.3,2021-07-21 00:06:00,2021-07-21 13:48:00,49293.65,39099.48,1.7,1.7,0.0,8.0,11.6,26.6,97.0,19.55,4.29,Delhi,74,Satisfactory,"NO2, PM10, PM2.5"
2021-02-26,1.0,33.0,19.5,26.0,33.5,18.9,25.3,2021-02-26 01:25:00,2021-02-26 13:09:00,42243.92,38879.5,0.0,0.0,0.0,0.0,15.5,31.3,281.0,20.4,5.55,Pune,93,Satisfactory,"PM10, PM2.5"
2018-04-27,61.0,38.9,24.7,30.9,40.5,24.9,31.6,2018-04-27 00:12:00,2018-04-27 13:18:00,47174.01,36000.0,2.0,2.0,0.0,2.0,21.4,39.6,101.0,23.06,6.99,Agra,159,Moderate,PM2.5
2019-05-24,1.0,39.4,27.1,33.5,42.2,29.6,35.5,2019-05-24 00:12:00,2019-05-24 13:13:00,46910.77,41334.79,0.0,0.0,0.0,0.0,20.3,35.6,244.0,22.73,6.13,Hyderabad,82,Satisfactory,"OZONE, PM10"
2023-04-13,0.0,39.1,25.9,31.7,41.4,28.2,34.7,2023-04-13 00:12:00,2023-04-13 12:42:00,45021.42,40046.32,0.0,0.0,0.0,0.0,21.5,44.6,211.0,23.79,6.96,Visakhapatnam,146,Moderate,PM10
2020-02-29,0.0,32.9,16.9,24.5,32.3,15.0,22.8,2020-02-29 01:25:00,2020-02-29 13:09:00,42276.93,38881.72,0.0,0.0,0.0,0.0,17.3,36.7,241.0,22.72,6.18,Nashik,112,Moderate,PM2.5
2022-04-15,1.0,39.7,27.1,32.0,44.1,32.4,36.3,2022-04-14 23:46:00,2022-04-15 12:26:00,45630.9,42334.47,0.0,0.0,0.0,0.0,16.8,33.5,201.0,22.53,6.2,Howrah,80,Satisfactory,PM10
2023-11-20,51.0,28.6,17.2,22.4,29.6,17.6,23.0,2023-11-20 00:50:00,2023-11-20 12:20:00,41369.75,36694.79,0.1,0.1,0.0,1.0,18.9,37.8,58.0,17.71,4.0,Bengaluru,59,Satisfactory,"PM10, PM2.5"
2023-11-30,53.0,21.8,14.1,17.6,22.0,14.4,18.1,2023-11-30 01:25:00,2023-11-30 11:54:00,37707.75,31570.64,1.0,1.0,0.0,5.0,13.3,27.0,24.0,9.33,1.78,Delhi,398,Very Poor,PM2.5
2021-10-03,51.0,29.7,20.6,24.4,34.6,24.2,28.5,2021-10-03 00:56:00,2021-10-03 12:51:00,42900.11,38375.42,1.0,1.0,0.0,7.0,12.3,26.3,280.0,19.75,4.0,Nashik,48,Good,PM10
2020-11-22,55.0,30.2,22.9,26.2,33.6,26.3,29.5,2020-11-22 00:36:00,2020-11-22 11:50:00,40401.95,36718.69,3.1,3.1,0.0,6.0,18.1,37.8,50.0,16.33,3.7,Visakhapatnam,114,Moderate,PM10
2022-10-24,63.0,23.8,19.8,21.8,27.0,18.9,23.4,2022-10-23 23:56:00,2022-10-24 11:17:00,40813.48,0.0,31.9,31.9,0.0,24.0,26.7,52.6,88.0,2.52,0.93,Guwahati,47,Good,"PM10, PM2.5"
2020-08-10,61.0,25.8,22.6,23.8,27.8,24.6,26.2,2020-08-10 00:44:00,2020-08-10 13:34:00,46170.63,3316.54,11.0,11.0,0.0,22.0,21.3,43.2,252.0,8.37,1.93,Pune,43,Good,CO
2020-03-12,1.0,27.8,14.2,21.2,27.5,13.2,20.6,2020-03-12 01:00:00,2020-03-12 12:55:00,42906.0,38423.96,0.0,0.0,0.0,0.0,15.3,32.8,152.0,19.69,4.54,Agra,81,Satisfactory,PM2.5
2021-03-19,2.0,30.4,22.1,26.2,35.2,25.5,29.9,2021-03-19 00:43:00,2021-03-19 12:49:00,43570.8,40699.95,0.0,0.0,0.0,0.0,16.6,34.9,145.0,24.7,5.19,Chennai,82,Satisfactory,"PM10, PM2.5"
2019-03-21,1.0,30.5,17.8,23.5,31.9,18.9,24.4,2019-03-20 23:56:00,2019-03-21 12:04:00,43698.46,38936.52,0.0,0.0,0.0,0.0,14.1,29.5,62.0,19.46,4.48,Guwahati,148,Moderate,PM2.5
2022-07-03,61.0,30.8,25.8,27.8,37.3,32.2,33.6,2022-07-02 23:26:00,2022-07-03 12:55:00,48549.0,18695.59,4.0,4.0,0.0,10.0,16.3,32.0,154.0,13.94,3.02,Howrah,41,Good,"CO, PM10, PM2.5"
2021-02-18,1.0,26.5,13.0,19.1,28.0,12.0,19.1,2021-02-18 01:12:00,2021-02-18 12:33:00,40876.93,36196.16,0.0,0.0,0.0,0.0,10.7,16.2,50.0,17.73,3.54,Kanpur,195,Moderate,PM2.5
2021-04-05,2.0,31.8,24.7,27.7,37.2,28.0,32.0,2021-04-05 00:59:00,2021-04-05 13:23:00,44669.67,40736.02,0.0,0.0,0.0,0.0,22.7,45.4,327.0,24.12,5.36,Mumbai,90,Satisfactory,"O3, PM10, PM2.5"
2019-06-15,1.0,36.3,26.8,31.6,37.3,27.6,32.4,2019-06-15 00:11:00,2019-06-15 13:21:00,47366.88,43102.19,0.0,0.0,0.0,0.0,22.0,47.2,264.0,24.09,8.18,Hyderabad,58,Satisfactory,"PM10, PM2.5"
2021-12-16,2.0,26.0,15.7,20.5,27.2,16.6,21.6,2021-12-16 01:32:00,2021-12-16 12:28:00,39334.09,36000.0,0.0,0.0,0.0,0.0,11.2,21.2,30.0,14.5,2.87,Nashik,106,Moderate,PM2.5
2023-02-23,1.0,31.3,16.3,23.5,29.2,15.6,21.9,2023-02-23 00:48:00,2023-02-23 12:17:00,41367.85,38239.25,0.0,0.0,0.0,0.0,23.0,40.7,271.0,18.5,5.64,Patna,221,Poor,PM2.5
2021-12-11,0.0,22.7,10.1,15.6,21.5,8.8,14.5,2021-12-11 01:16:00,2021-12-11 11:47:00,37828.87,32537.67,0.0,0.0,0.0,0.0,10.2,22.0,301.0,13.24,2.51,Kanpur,186,Moderate,PM2.5
2016-01-09,1.0,29.9,16.3,23.4,28.7,15.9,22.0,2016-01-09 01:18:00,2016-01-09 12:27:00,40158.03,36307.29,0.0,0.0,0.0,0.0,10.1,24.8,134.0,19.41,4.9,Hyderabad,168,Moderate,PM2.5
2019-06-20,61.0,33.5,26.4,29.3,42.1,33.2,36.7,2019-06-19 23:01:00,2019-06-20 12:47:00,49602.32,40539.09,7.7,7.7,0.0,9.0,9.3,22.7,71.0,21.59,4.6,Guwahati,76,Satisfactory,PM2.5
2017-05-13,1.0,35.1,27.8,30.9,40.4,34.7,36.8,2017-05-13 00:34:00,2017-05-13 13:35:00,46838.2,43200.0,0.0,0.0,0.0,0.0,20.2,42.1,281.0,22.51,5.45,Mumbai,91,Satisfactory,PM10
2021-11-30,1.0,27.3,16.3,20.8,27.6,16.9,21.6,2021-11-30 00:29:00,2021-11-30 11:20:00,39094.51,35824.24,0.0,0.0,0.0,0.0,11.6,24.8,353.0,15.46,3.17,Kolkata,168,Moderate,"PM10, PM2.5"
2018-03-16,1.0,29.8,15.8,22.5,28.8,13.7,20.9,2018-03-16 00:59:00,2018-03-16 12:59:00,43224.64,38190.91,0.0,0.0,0.0,0.0,20.9,45.4,326.0,19.92,5.43,Delhi,244,Poor,"OZONE, PM10, PM2.5"
2022-04-02,51.0,34.3,25.5,29.5,38.2,30.4,33.4,2022-04-01 23:58:00,2022-04-02 12:22:00,44642.02,39600.0,0.1,0.1,0.0,1.0,22.8,42.8,180.0,19.57,5.17,Howrah,76,Satisfactory,PM10
2022-02-24,0.0,33.4,16.3,25.0,32.6,13.9,23.2,2022-02-24 01:35:00,2022-02-24 13:10:00,41713.73,38893.43,0.0,0.0,0.0,0.0,12.1,21.2,344.0,21.59,5.83,Ahmedabad,188,Moderate,"PM10, PM2.5"
2018-01-11,2.0,28.8,15.5,22.2,27.1,13.3,20.9,2018-01-11 01:52:00,2018-01-11 12:42:00,38986.59,27927.35,0.0,0.0,0.0,0.0,15.7,32.8,60.0,14.59,4.05,Ahmedabad,172,Moderate,PM2.5
2023-05-31,63.0,35.2,25.5,30.1,41.1,30.4,35.6,2023-05-30 23:00:00,2023-05-31 12:40:00,49168.95,43822.84,3.4,3.4,0.0,2.0,20.2,41.8,233.0,25.65,5.95,Guwahati,110,Moderate,PM10
2021-03-18,2.0,34.7,20.6,27.8,36.3,18.7,26.3,2021-03-18 01:10:00,2021-03-18 13:15:00,43493.63,37686.29,0.0,0.0,0.0,0.0,16.9,34.9,303.0,20.12,6.36,Nashik,123,Moderate,PM2.5
2016-03-17,2.0,31.9,16.0,25.4,32.2,15.7,24.7,2016-03-17 00:55:00,2016-03-17 12:57:00,43385.04,36795.77,0.0,0.0,0.0,0.0,12.8,24.1,123.0,20.26,5.58,Agra,174,Moderate,PM2.5
2023-02-02,0.0,21.3,10.1,14.5,20.5,8.8,13.5,2023-02-02 01:21:00,2023-02-02 12:18:00,39460.75,35693.04,0.0,0.0,0.0,0.0,12.3,26.3,269.0,16.54,2.74,Lucknow,130,Moderate,PM2.5
2018-02-13,3.0,21.6,10.2,15.7,22.3,8.8,14.9,2018-02-13 01:31:00,2018-02-13 12:39:00,40125.66,35184.18,0.0,0.0,0.0,0.0,14.8,24.5,333.0,16.05,2.92,Delhi,165,Moderate,"OZONE, PM2.5"
2015-09-01,2.0,28.2,18.8,23.5,30.2,20.7,25.3,2015-09-01 00:38:00,2015-09-01 13:01:00,44539.52,40317.13,0.0,0.0,0.0,0.0,13.4,30.2,281.0,23.46,4.92,Bengaluru,68,Satisfactory,PM2.5
2023-12-29,1.0,21.7,8.1,14.0,22.3,6.3,13.5,2023-12-29 01:23:00,2023-12-29 11:51:00,37685.77,32848.27,0.0,0.0,0.0,0.0,9.8,11.9,317.0,13.0,2.16,Lucknow,182,Moderate,PM2.5
2018-04-27,0.0,39.3,20.4,29.6,39.0,21.5,29.8,2018-04-27 00:38:00,2018-04-27 13:26:00,46123.79,43182.29,0.0,0.0,0.0,0.0,20.4,43.6,280.0,27.14,7.24,Nashik,255,Poor,OZONE
2022-01-14,0.0,18.1,6.2,11.3,17.8,3.6,9.9,2022-01-14 01:26:00,2022-01-14 12:03:00,38249.12,34596.14,0.0,0.0,0.0,0.0,9.2,14.4,300.0,14.29,2.21,Lucknow,167,Moderate,"PM10, PM2.5"
2023-07-26,63.0,26.8,22.7,24.2,28.7,22.7,25.5,2023-07-26 00:23:00,2023-07-26 13:21:00,46679.24,2826.02,42.9,42.9,0.0,24.0,30.8,54.7,281.0,8.74,2.23,Hyderabad,51,Satisfactory,"O3, PM10"
2021-04-13,1.0,34.5,21.8,27.7,37.5,23.3,30.2,2021-04-12 23:31:00,2021-04-13 12:15:00,45856.16,42259.27,0.0,0.0,0.0,0.0,18.6,49.0,350.0,22.83,5.74,Guwahati,164,Moderate,PM2.5
2017-08-25,61.0,26.1,21.6,23.6,28.3,24.8,26.1,2017-08-25 00:47:00,2017-08-25 13:26:00,45508.02,23348.15,4.4,4.4,0.0,15.0,21.7,46.1,273.0,12.56,2.53,Nashik,36,Good,PM2.5
2022-05-16,1.0,37.9,22.6,30.0,39.1,25.0,31.4,2022-05-16 00:28:00,2022-05-16 13:34:00,47143.27,43200.0,0.0,0.0,0.0,0.0,17.4,35.6,290.0,26.18,7.41,Nashik,68,Satisfactory,PM10
2019-04-04,1.0,32.7,25.4,28.9,36.7,30.3,32.8,2019-04-04 00:33:00,2019-04-04 12:50:00,44252.41,40800.75,0.0,0.0,0.0,0.0,25.8,53.3,167.0,24.72,5.85,Chennai,62,Satisfactory,"CO, PM2.5"
2016-07-10,51.0,32.5,27.1,29.4,37.5,31.5,34.0,2016-07-09 23:35:00,2016-07-10 13:14:00,49087.89,38552.29,1.3,1.3,0.0,8.0,21.9,42.8,95.0,17.44,4.37,Patna,62,Satisfactory,PM2.5
2020-04-25,1.0,32.8,24.6,29.0,38.1,30.1,33.9,2020-04-25 00:44:00,2020-04-25 13:29:00,45910.58,42842.9,0.0,0.0,0.0,0.0,17.5,37.1,271.0,25.62,5.79,Mumbai,48,Good,"PM10, SO2"
2017-03-26,1.0,31.4,23.0,27.1,36.1,26.4,30.9,2017-03-26 00:39:00,2017-03-26 12:50:00,43879.68,41342.82,0.0,0.0,0.0,0.0,17.6,40.7,143.0,26.5,5.66,Chennai,114,Moderate,"O3, PM2.5"
2018-09-08,51.0,31.9,26.2,28.9,38.8,30.9,35.3,2018-09-08 00:02:00,2018-09-08 12:32:00,44942.49,40537.49,0.4,0.4,0.0,4.0,18.2,35.3,113.0,18.78,3.97,Patna,93,Satisfactory,PM2.5
2023-03-10,0.0,35.3,23.4,28.9,36.1,22.3,27.6,2023-03-10 01:21:00,2023-03-10 13:16:00,42942.72,39329.5,0.0,0.0,0.0,0.0,23.3,43.2,347.0,23.18,7.74,Mumbai,145,Moderate,"NO2, PM10"
2019-02-02,0.0,27.9,15.3,21.3,27.9,15.2,21.0,2019-02-02 01:17:00,2019-02-02 12:41:00,41045.16,36590.78,0.0,0.0,0.0,0.0,10.7,27.0,113.0,20.39,4.49,Hyderabad,119,Moderate,"PM10, PM2.5"
2023-10-05,0.0,34.4,20.0,26.5,34.1,19.9,26.7,2023-10-05 00:46:00,2023-10-05 12:33:00,42415.75,39062.83,0.0,0.0,0.0,0.0,16.4,32.4,301.0,19.76,5.63,Delhi,177,Moderate,"PM10, PM2.5"
2023-02-15,1.0,26.7,13.8,19.8,27.3,13.1,20.2,2023-02-15 00:28:00,2023-02-15 11:45:00,40610.52,36000.0,0.0,0.0,0.0,0.0,9.7,20.9,244.0,15.04,3.08,Guwahati,222,Poor,PM2.5
2021-09-19,53.0,27.5,21.5,23.9,31.2,24.7,27.1,2021-09-19 00:52:00,2021-09-19 13:03:00,43826.84,35758.16,2.7,2.7,0.0,9.0,15.8,33.5,252.0,16.67,3.31,Pune,71,Satisfactory,"CO, NO2, PM2.5"
2022-04-24,0.0,41.0,24.8,32.5,37.4,22.3,29.6,2022-04-24 00:15:00,2022-04-24 13:17:00,46919.71,41692.48,0.0,0.0,0.0,0.0,23.4,44.6,293.0,24.91,9.05,Agra,148,Moderate,"PM10, PM2.5"
2015-10-17,53.0,32.1,22.7,27.1,35.2,26.8,30.2,2015-10-17 00:39:00,2015-10-17 12:23:00,42228.77,38021.77,1.0,1.0,0.0,4.0,12.3,28.8,102.0,17.99,4.38,Hyderabad,192,Moderate,"PM10, PM2.5"
2023-12-24,3.0,25.2,14.9,19.6,26.2,15.1,20.6,2023-12-24 00:43:00,2023-12-24 11:28:00,38693.85,30217.61,0.0,0.0,0.0,0.0,10.2,19.4,338.0,13.13,2.51,Kolkata,172,Moderate,PM2.5
2016-08-17,53.0,29.8,26.2,27.9,35.5,30.8,33.4,2016-08-17 00:21:00,2016-08-17 13:28:00,47188.09,11145.14,1.6,1.6,0.0,5.0,7.9,25.6,19.0,10.25,2.42,Delhi,171,Moderate,"PM10, PM2.5"
2020-12-13,1.0,28.1,15.5,21.6,28.0,16.1,21.9,2020-12-13 01:07:00,2020-12-13 12:13:00,39972.82,37214.32,0.0,0.0,0.0,0.0,9.8,25.6,143.0,18.54,3.99,Hyderabad,148,Moderate,PM2.5
2018-01-30,0.0,27.9,16.2,22.1,29.8,16.9,23.3,2018-01-30 00:59:00,2018-01-30 12:20:00,40856.59,38184.36,0.0,0.0,0.0,0.0,16.3,37.1,204.0,19.89,4.13,Visakhapatnam,222,Poor,PM2.5
2022-04-14,63.0,37.6,26.7,31.1,43.5,31.6,36.0,2022-04-13 23:47:00,2022-04-14 12:26:00,45557.13,39015.11,8.2,8.2,0.0,2.0,21.5,40.3,195.0,20.1,5.46,Howrah,110,Moderate,"CO, O3, PM10"
2022-10-13,65.0,29.8,24.2,26.2,36.9,29.6,32.1,2022-10-13 00:02:00,2022-10-13 11:43:00,42057.32,21886.23,12.7,12.7,0.0,7.0,14.4,29.2,80.0,13.13,2.64,Kolkata,47,Good,"NO2, O3, PM10"
2018-07-05,61.0,27.5,25.6,26.7,32.1,28.5,30.3,2018-07-05 00:35:00,2018-07-05 13:50:00,47671.18,5996.38,14.7,14.7,0.0,24.0,26.6,51.5,241.0,8.15,2.0,Mumbai,60,Satisfactory,CO
2015-08-17,61.0,31.2,25.5,27.7,37.1,31.2,33.8,2015-08-17 00:08:00,2015-08-17 13:12:00,46992.11,24115.38,13.7,13.7,0.0,16.0,11.5,25.9,207.0,13.81,2.98,Lucknow,62,Satisfactory,"CO, PM2.5"
2016-01-15,3.0,24.3,13.7,18.5,24.5,13.5,18.3,2016-01-15 01:07:00,2016-01-15 11:49:00,38544.45,35385.17,0.0,0.0,0.0,0.0,13.1,25.2,291.0,15.57,3.03,Patna,443,Severe,PM2.5
2016-05-04,53.0,38.9,24.8,30.8,40.2,26.3,31.8,2016-05-04 00:07:00,2016-05-04 13:28:00,48042.59,44051.71,1.0,1.0,0.0,3.0,20.6,37.1,110.0,24.31,7.53,Delhi,300,Poor,"PM10, PM2.5"
2020-04-02,1.0,34.4,24.6,29.6,36.9,25.2,30.7,2020-04-02 00:39:00,2020-04-02 12:59:00,44404.68,40672.35,0.0,0.0,0.0,0.0,12.2,24.8,128.0,19.51,5.27,Hyderabad,98,Satisfactory,PM2.5
2021-05-30,3.0,32.7,23.4,28.4,37.5,26.9,33.2,2021-05-29 23:43:00,2021-05-30 13:24:00,49303.97,32930.83,0.0,0.0,0.0,0.0,12.1,27.0,77.0,17.07,3.93,Lucknow,60,Satisfactory,"CO, O3"
2023-12-20,3.0,26.8,16.8,21.0,26.4,16.7,21.1,2023-12-20 01:06:00,2023-12-20 12:27:00,40900.43,36601.09,0.0,0.0,0.0,0.0,16.9,33.5,88.0,15.57,3.5,Bengaluru,121,Moderate,"PM10, PM2.5"
2020-08-11,63.0,33.0,27.2,29.4,40.9,33.7,35.9,2020-08-10 23:41:00,2020-08-11 12:41:00,46734.07,34407.03,3.7,3.7,0.0,7.0,15.7,34.6,173.0,17.0,3.74,Kolkata,48,Good,O3
2022-07-29,61.0,28.8,18.7,22.8,34.0,21.2,26.1,2022-07-29 00:34:00,2022-07-29 13:17:00,45779.11,37215.33,5.7,5.7,0.0,9.0,12.5,21.6,55.0,21.97,4.41,Bengaluru,84,Satisfactory,"CO, PM10, PM2.5"
2018-09-10,61.0,31.4,24.3,27.8,36.9,30.1,33.0,2018-09-10 00:33:00,2018-09-10 13:02:00,44928.88,39372.59,2.4,2.4,0.0,6.0,10.4,22.7,186.0,16.42,3.58,Delhi,84,Satisfactory,"CO, OZONE, PM2.5"
2017-12-26,1.0,27.8,22.8,25.1,29.5,25.3,26.9,2017-12-26 00:58:00,2017-12-26 12:20:00,40882.09,38153.79,0.0,0.0,0.0,0.0,22.7,46.4,35.0,18.54,4.13,Chennai,132,Moderate,PM2.5
2019-05-28,0.0,43.0,27.4,35.4,41.7,26.1,33.9,2019-05-27 23:47:00,2019-05-28 13:25:00,49104.87,41240.08,0.0,0.0,0.0,0.0,20.3,40.3,298.0,24.53,8.92,Kanpur,141,Moderate,OZONE
2021-01-24,1.0,22.2,9.2,15.2,22.6,7.7,15.0,2021-01-24 01:26:00,2021-01-24 12:15:00,38922.86,35470.79,0.0,0.0,0.0,0.0,9.8,18.4,3.0,15.31,2.63,Kanpur,319,Very Poor,PM2.5
2020-03-13,0.0,31.6,21.3,26.4,36.1,25.0,30.0,2020-03-13 00:36:00,2020-03-13 12:36:00,43217.79,39600.0,0.0,0.0,0.0,0.0,15.8,36.7,185.0,23.3,5.1,Visakhapatnam,55,Satisfactory,PM10
2023-12-24,3.0,25.4,14.9,19.5,26.2,15.1,20.6,2023-12-24 00:43:00,2023-12-24 11:28:00,38693.85,30402.52,0.0,0.0,0.0,0.0,9.2,21.6,342.0,13.01,2.51,Howrah,165,Moderate,PM2.5
2017-02-03,0.0,25.6,14.9,19.7,25.4,15.4,19.6,2017-02-03 00:44:00,2017-02-03 11:55:00,40278.76,37524.53,0.0,0.0,0.0,0.0,14.8,30.2,344.0,19.36,3.85,Kolkata,183,Moderate,"NO2, PM10"
2015-08-02,55.0,26.8,19.2,22.1,29.1,20.3,23.3,2015-08-02 00:35:00,2015-08-02 13:16:00,45662.46,20699.63,2.4,2.4,0.0,3.0,19.9,48.2,291.0,16.29,3.46,Bengaluru,36,Good,PM2.5
2022-12-16,3.0,24.9,15.8,20.4,26.1,16.9,22.1,2022-12-16 00:33:00,2022-12-16 11:03:00,37824.15,34188.6,0.0,0.0,0.0,0.0,8.9,22.3,99.0,12.2,2.32,Guwahati,240,Poor,PM2.5
2020-11-07,1.0,30.2,22.3,26.4,33.9,24.8,29.9,2020-11-07 00:28:00,2020-11-07 11:52:00,41039.06,37516.02,0.0,0.0,0.0,0.0,17.0,33.8,54.0,18.4,4.02,Visakhapatnam,141,Moderate,PM2.5
2023-10-21,51.0,30.4,19.1,24.4,33.0,19.6,26.3,2023-10-21 01:01:00,2023-10-21 12:37:00,41738.31,38207.11,0.3,0.3,0.0,1.0,13.9,30.6,62.0,17.95,3.98,Nashik,116,Moderate,"PM10, PM2.5"
2016-01-15,0.0,20.8,8.9,14.6,20.5,7.0,13.6,2016-01-15 01:39:00,2016-01-15 12:15:00,38186.95,35209.31,0.0,0.0,0.0,0.0,11.6,23.0,332.0,15.61,2.66,Agra,389,Very Poor,PM2.5
2021-10-12,3.0,29.2,21.2,24.4,32.4,24.2,27.8,2021-10-12 00:57:00,2021-10-12 12:44:00,42396.55,32675.13,0.0,0.0,0.0,0.0,12.3,26.6,98.0,19.44,4.05,Pune,52,Satisfactory,"CO, PM2.5"
2019-01-04,1.0,29.0,12.0,19.9,28.2,9.6,18.1,2019-01-04 01:40:00,2019-01-04 12:38:00,39459.46,35829.67,0.0,0.0,0.0,0.0,12.5,24.5,11.0,17.45,4.04,Nashik,241,Poor,OZONE
2017-02-10,0.0,29.9,16.5,23.0,32.2,17.7,24.9,2017-02-10 00:41:00,2017-02-10 11:59:00,40750.23,38028.66,0.0,0.0,0.0,0.0,8.9,18.0,264.0,19.67,3.93,Kolkata,194,Moderate,PM10
2023-08-20,51.0,34.0,27.5,30.6,39.3,33.2,36.1,2023-08-19 23:54:00,2023-08-20 12:51:00,46568.12,40961.11,0.7,0.7,0.0,6.0,17.9,33.8,107.0,22.29,5.24,Patna,83,Satisfactory,"NO2, PM10"
2019-09-12,61.0,32.5,26.1,29.3,40.5,31.7,35.7,2019-09-12 00:31:00,2019-09-12 12:56:00,44680.32,31359.2,3.5,3.5,0.0,8.0,12.8,27.4,99.0,15.89,3.57,Agra,57,Satisfactory,PM2.5
2020-05-07,1.0,32.8,26.2,29.2,39.2,32.9,35.2,2020-05-07 00:37:00,2020-05-07 13:33:00,46565.34,43200.0,0.0,0.0,0.0,0.0,20.5,42.8,276.0,26.11,5.61,Mumbai,55,Satisfactory,"O3, PM10"
2022-02-01,1.0,23.2,9.2,15.9,23.1,8.1,15.6,2022-02-01 01:23:00,2022-02-01 12:21:00,39463.08,35844.85,0.0,0.0,0.0,0.0,15.0,27.7,284.0,16.25,2.78,Kanpur,183,Moderate,PM2.5
2018-12-04,1.0,32.5,21.2,26.2,33.7,23.2,27.8,2018-12-04 01:27:00,2018-12-04 12:30:00,39752.7,36000.0,0.0,0.0,0.0,0.0,13.4,24.8,26.0,14.81,3.84,Mumbai,164,Moderate,PM10
2021-07-25,63.0,31.3,25.7,28.4,40.0,31.0,35.2,2021-07-24 23:34:00,2021-07-25 12:50:00,47742.01,35273.88,14.6,14.6,0.0,16.0,11.4,23.4,199.0,16.66,3.49,Kolkata,56,Satisfactory,"O3, PM10"
2017-07-23,53.0,29.4,26.1,27.3,33.8,30.7,32.0,2017-07-22 23:59:00,2017-07-23 13:31:00,48683.86,11350.19,2.9,2.9,0.0,9.0,19.0,41.4,145.0,9.91,2.39,Kanpur,205,Poor,PM2.5
2016-08-10,3.0,28.1,22.7,25.4,29.3,23.5,26.5,2016-08-10 00:28:00,2016-08-10 13:14:00,45994.94,35162.67,0.0,0.0,0.0,0.0,30.0,59.4,264.0,16.57,4.25,Hyderabad,16,Good,PM2.5
2019-04-16,2.0,31.6,26.1,28.7,37.7,30.3,33.7,2019-04-16 00:50:00,2019-04-16 13:26:00,45328.93,41836.39,0.0,0.0,0.0,0.0,15.5,30.6,261.0,22.9,5.07,Mumbai,95,Satisfactory,CO
2021-02-10,3.0,28.1,13.1,19.9,26.5,12.9,18.5,2021-02-10 01:13:00,2021-02-10 12:54:00,42023.49,38336.89,0.0,0.0,0.0,0.0,12.6,29.5,93.0,24.7,5.44,Bengaluru,86,Satisfactory,"NO2, PM10, PM2.5"
2022-10-21,63.0,29.4,22.9,26.6,35.1,27.0,30.9,2022-10-21 00:30:00,2022-10-21 12:17:00,42396.74,38129.62,16.0,16.0,0.0,14.0,15.6,38.9,27.0,16.82,3.58,Chennai,65,Satisfactory,"CO, PM2.5, SO2"
2017-08-01,51.0,27.0,22.0,23.9,29.3,24.2,26.0,2017-08-01 00:40:00,2017-08-01 13:41:00,46891.36,36106.58,0.9,0.9,0.0,8.0,24.3,49.0,239.0,16.28,3.25,Nashik,46,Good,CO
2021-10-01,63.0,28.6,25.2,26.6,33.0,27.7,30.5,2021-10-01 00:11:00,2021-10-01 12:06:00,42866.99,19074.12,13.8,13.8,0.0,22.0,26.3,45.7,113.0,9.48,2.09,Patna,77,Satisfactory,"CO, O3, PM10"
2018-04-15,2.0,33.0,22.3,27.2,34.3,24.3,28.4,2018-04-15 00:37:00,2018-04-15 13:02:00,44715.92,41746.66,0.0,0.0,0.0,0.0,19.1,38.9,133.0,22.49,5.93,Bengaluru,97,Satisfactory,"PM10, PM2.5"
2019-03-11,1.0,34.6,21.7,28.5,35.3,22.8,29.3,2019-03-11 00:57:00,2019-03-11 12:54:00,43062.99,39249.06,0.0,0.0,0.0,0.0,17.1,33.5,176.0,20.82,5.8,Hyderabad,87,Satisfactory,"PM10, PM2.5"
2022-07-25,63.0,27.9,22.2,24.4,31.3,24.1,27.6,2022-07-25 00:23:00,2022-07-25 13:21:00,46709.7,7323.14,6.3,6.3,0.0,7.0,19.1,37.8,267.0,10.8,2.4,Hyderabad,43,Good,"NO2, PM10, PM2.5"
2023-01-12,51.0,19.8,6.5,13.1,20.6,5.1,12.5,2023-01-12 01:26:00,2023-01-12 12:02:00,38141.74,28808.95,0.2,0.2,0.0,1.0,9.2,17.3,98.0,12.67,1.97,Lucknow,215,Poor,PM2.5
2019-05-10,1.0,40.4,25.4,34.0,39.5,24.5,31.9,2019-05-10 00:03:00,2019-05-10 13:31:00,48467.34,40236.43,0.0,0.0,0.0,0.0,24.8,46.1,291.0,22.26,9.26,Delhi,277,Poor,"PM10, PM2.5"
2023-12-27,2.0,26.5,14.2,20.3,27.3,14.6,21.4,2023-12-27 00:38:00,2023-12-27 11:08:00,37820.03,32652.54,0.0,0.0,0.0,0.0,9.1,20.9,83.0,11.74,2.4,Guwahati,197,Moderate,PM2.5
2017-02-28,0.0,33.1,16.6,24.6,33.6,15.0,23.1,2017-02-28 01:25:00,2017-02-28 13:09:00,42260.88,38943.64,0.0,0.0,0.0,0.0,12.9,23.8,308.0,23.72,5.94,Nashik,194,Moderate,O3
2020-04-22,2.0,34.2,22.0,28.1,35.5,23.1,28.7,2020-04-22 00:33:00,2020-04-22 13:03:00,45020.21,41370.38,0.0,0.0,0.0,0.0,17.7,30.6,156.0,23.11,6.32,Bengaluru,55,Satisfactory,"O3, PM10, PM2.5"
2021-03-08,0.0,32.5,19.4,25.5,34.4,18.5,26.0,2021-03-08 00:55:00,2021-03-08 12:43:00,42525.28,38035.34,0.0,0.0,0.0,0.0,14.0,29.5,88.0,20.87,5.04,Kanpur,176,Moderate,PM2.5
2020-05-18,3.0,35.0,26.2,30.2,41.5,32.4,35.4,2020-05-17 23:24:00,2020-05-18 12:40:00,47780.63,43200.0,0.0,0.0,0.0,0.0,13.7,28.1,162.0,24.37,5.84,Kolkata,36,Good,"O3, PM10"
2022-02-08,2.0,28.6,18.9,23.4,31.6,21.0,25.6,2022-02-08 00:57:00,2022-02-08 12:25:00,41301.22,38451.42,0.0,0.0,0.0,0.0,18.7,38.9,123.0,19.34,3.96,Visakhapatnam,150,Moderate,PM10
2022-01-21,51.0,21.3,12.6,16.0,21.5,12.6,16.3,2022-01-21 00:41:00,2022-01-21 11:27:00,38776.27,34848.59,0.2,0.2,0.0,2.0,18.1,29.5,132.0,12.24,2.15,Guwahati,69,Satisfactory,PM2.5
2019-10-27,61.0,27.1,19.0,23.0,30.0,21.9,25.8,2019-10-27 01:02:00,2019-10-27 12:34:00,41544.38,30619.73,2.8,2.8,0.0,4.0,14.8,38.2,158.0,12.27,2.51,Pune,82,Satisfactory,SO2
2017-08-13,63.0,30.5,26.3,27.7,36.7,32.4,33.8,2017-08-12 23:42:00,2017-08-13 12:39:00,46618.46,17679.76,11.9,11.9,0.0,20.0,12.5,28.4,215.0,12.43,2.7,Kolkata,88,Satisfactory,PM10
2022-11-06,0.0,29.1,20.0,24.1,32.3,21.6,26.5,2022-11-06 00:30:00,2022-11-06 11:35:00,39859.88,36000.0,0.0,0.0,0.0,0.0,10.2,15.1,325.0,14.48,3.07,Patna,274,Poor,PM2.5
2019-08-24,61.0,31.1,26.3,28.4,38.3,33.0,35.1,2019-08-24 00:23:00,2019-08-24 13:17:00,46433.09,16882.92,7.3,7.3,0.0,17.0,9.7,24.5,85.0,13.15,2.91,Agra,130,Moderate,PM2.5
2016-02-10,0.0,24.4,11.4,17.6,24.7,10.3,17.2,2016-02-10 01:16:00,2016-02-10 12:24:00,40073.27,36587.91,0.0,0.0,0.0,0.0,8.3,20.2,290.0,18.65,3.46,Lucknow,366,Very Poor,PM2.5
2019-12-21,1.0,23.0,11.5,16.4,22.2,10.7,16.0,2019-12-21 00:41:00,2019-12-21 11:26:00,38690.62,35647.5,0.0,0.0,0.0,0.0,9.5,19.8,17.0,12.75,2.38,Kolkata,258,Poor,PM2.5
2016-11-26,0.0,29.4,16.4,21.8,26.1,13.1,18.8,2016-11-26 01:22:00,2016-11-26 11:54:00,37882.43,34311.58,0.0,0.0,0.0,0.0,22.4,42.1,301.0,15.19,5.2,Delhi,253,Poor,"PM10, PM2.5"
2017-09-27,61.0,29.9,25.0,27.5,36.0,30.4,33.4,2017-09-27 00:16:00,2017-09-27 12:19:00,43343.14,29494.35,7.3,7.3,0.0,12.0,10.8,28.8,75.0,15.62,3.25,Visakhapatnam,91,Satisfactory,PM2.5
2020-12-06,0.0,27.7,13.6,19.8,28.1,13.3,20.2,2020-12-06 01:13:00,2020-12-06 11:46:00,37964.31,32484.83,0.0,0.0,0.0,0.0,8.9,19.1,360.0,13.04,2.62,Kanpur,393,Very Poor,PM2.5
2017-02-23,0.0,34.6,18.7,26.2,34.8,18.8,25.2,2017-02-23 01:27:00,2017-02-23 13:08:00,42057.62,38811.38,0.0,0.0,0.0,0.0,10.9,22.0,326.0,23.55,5.8,Pune,102,Moderate,PM2.5
2017-05-21,1.0,39.5,25.7,32.4,42.8,26.3,33.4,2017-05-20 23:57:00,2017-05-21 13:32:00,48936.28,45419.94,0.0,0.0,0.0,0.0,13.8,31.7,285.0,25.48,7.36,Agra,172,Moderate,PM2.5
2019-08-07,61.0,28.1,26.0,26.9,31.0,28.1,29.5,2019-08-07 00:47:00,2019-08-07 13:41:00,46453.29,13601.28,15.6,15.6,0.0,24.0,33.4,59.0,260.0,9.62,2.49,Mumbai,54,Satisfactory,"CO, OZONE, PM10"
2016-11-16,2.0,28.9,24.1,26.4,31.6,27.0,28.9,2016-11-16 00:33:00,2016-11-16 11:50:00,40639.9,36490.02,0.0,0.0,0.0,0.0,19.1,36.0,56.0,15.03,3.79,Visakhapatnam,132,Moderate,PM2.5
2023-08-19,51.0,31.7,26.4,28.9,36.7,31.6,34.0,2023-08-18 23:44:00,2023-08-19 12:35:00,46241.21,37635.24,0.8,0.8,0.0,4.0,20.3,38.5,151.0,18.54,4.22,Kolkata,34,Good,"O3, PM10"
2017-06-25,51.0,27.4,20.4,23.0,28.9,20.8,23.5,2017-06-25 00:25:00,2017-06-25 13:18:00,46390.5,39394.6,2.2,2.2,0.0,14.0,28.2,62.6,253.0,16.84,3.75,Bengaluru,51,Satisfactory,"CO, PM2.5"
2019-05-29,55.0,33.2,21.9,26.9,37.4,25.5,30.1,2019-05-29 00:22:00,2019-05-29 13:11:00,46156.17,40329.85,1.5,1.5,0.0,3.0,13.6,27.4,254.0,22.23,5.14,Bengaluru,97,Satisfactory,OZONE
2022-01-30,0.0,21.2,8.9,14.0,19.2,6.9,12.2,2022-01-30 01:24:00,2022-01-30 12:19:00,39314.1,35747.05,0.0,0.0,0.0,0.0,17.3,32.8,278.0,16.36,2.83,Kanpur,129,Moderate,"PM10, PM2.5"
2018-07-22,3.0,36.8,28.7,31.6,37.5,30.1,33.5,2018-07-22 00:22:00,2018-07-22 13:08:00,46001.8,30343.79,0.0,0.0,0.0,0.0,23.5,47.5,253.0,16.86,6.46,Chennai,92,Satisfactory,PM2.5
2016-07-14,63.0,33.9,26.4,29.2,41.3,32.5,35.9,2016-07-14 00:02:00,2016-07-14 13:45:00,49313.13,30460.12,20.3,20.3,0.0,16.0,8.8,16.9,243.0,15.44,3.47,Agra,181,Moderate,PM2.5
2022-10-05,63.0,27.5,23.5,24.9,32.1,27.9,29.3,2022-10-05 00:30:00,2022-10-05 12:18:00,42470.62,6312.94,41.8,41.8,0.0,24.0,15.3,30.2,98.0,6.85,1.47,Lucknow,42,Good,"CO, O3, PM2.5"
2018-04-17,0.0,39.8,26.3,32.4,39.1,24.9,31.2,2018-04-17 00:47:00,2018-04-17 13:30:00,45821.03,42611.27,0.0,0.0,0.0,0.0,20.3,41.0,321.0,25.76,8.73,Ahmedabad,88,Satisfactory,OZONE
2017-02-28,1.0,33.9,17.3,26.3,32.7,18.2,25.1,2017-02-28 01:04:00,2017-02-28 12:52:00,42449.61,39889.46,0.0,0.0,0.0,0.0,14.7,34.2,58.0,24.61,6.39,Hyderabad,219,Poor,"O3, PM2.5"
2020-03-20,51.0,29.9,22.5,26.2,35.4,25.9,30.6,2020-03-20 00:31:00,2020-03-20 12:38:00,43638.74,39600.0,0.1,0.1,0.0,1.0,15.2,32.4,214.0,21.87,4.47,Visakhapatnam,77,Satisfactory,PM10
2023-03-06,53.0,36.4,22.4,28.1,35.6,21.4,26.9,2023-03-06 01:27:00,2023-03-06 13:14:00,42476.25,36000.0,0.8,0.8,0.0,2.0,22.6,43.6,135.0,18.25,6.32,Ahmedabad,170,Moderate,"NO2, PM2.5"
2022-10-30,1.0,29.8,22.2,25.5,31.9,22.9,27.0,2022-10-30 00:25:00,2022-10-30 11:56:00,41468.23,38084.76,0.0,0.0,0.0,0.0,14.7,30.6,42.0,20.82,4.87,Visakhapatnam,125,Moderate,PM2.5
2017-02-05,3.0,25.1,14.6,20.1,27.5,14.6,21.6,2017-02-05 01:00:00,2017-02-05 12:06:00,39924.8,35715.84,0.0,0.0,0.0,0.0,6.2,15.5,163.0,18.02,3.2,Patna,399,Very Poor,PM2.5
2015-10-16,1.0,31.0,24.3,27.8,36.4,29.5,32.7,2015-10-16 00:29:00,2015-10-16 12:19:00,42616.37,39538.5,0.0,0.0,0.0,0.0,13.2,25.6,105.0,20.77,4.47,Chennai,72,Satisfactory,"O3, PM2.5"
2020-04-22,1.0,40.7,28.1,34.1,41.2,28.9,34.2,2020-04-22 00:42:00,2020-04-22 13:33:00,46231.54,41614.97,0.0,0.0,0.0,0.0,14.4,29.9,281.0,24.41,8.34,Ahmedabad,91,Satisfactory,PM10
2020-08-04,63.0,35.3,27.8,31.2,43.3,33.2,38.4,2020-08-03 23:47:00,2020-08-04 13:03:00,47728.33,42691.27,10.0,10.0,0.0,9.0,19.0,32.4,345.0,21.91,4.94,Patna,64,Satisfactory,"NO2, PM10, PM2.5"
2020-02-16,51.0,26.9,17.2,22.1,27.4,18.5,23.1,2020-02-16 00:28:00,2020-02-16 11:45:00,40677.67,36008.41,0.1,0.1,0.0,1.0,8.2,22.0,198.0,14.58,3.11,Guwahati,369,Very Poor,PM2.5
2023-11-10,1.0,29.8,19.9,24.6,31.9,21.2,26.3,2023-11-10 00:48:00,2023-11-10 12:11:00,40986.93,38347.35,0.0,0.0,0.0,0.0,10.7,25.6,102.0,19.55,4.38,Hyderabad,97,Satisfactory,"PM10, PM2.5"
2019-12-03,3.0,27.3,19.7,23.5,28.1,21.2,24.5,2019-12-03 01:21:00,2019-12-03 12:26:00,39906.36,32757.77,0.0,0.0,0.0,0.0,22.0,48.6,108.0,11.69,3.07,Pune,85,Satisfactory,SO2
2021-08-09,63.0,30.6,25.9,27.7,37.7,32.0,34.3,2021-08-09 00:05:00,2021-08-09 13:18:00,47590.28,18916.43,17.5,17.5,0.0,18.0,8.9,20.9,27.0,12.38,2.66,Lucknow,52,Satisfactory,"CO, PM10, PM2.5"
2022-09-23,51.0,34.3,26.7,29.7,39.1,29.8,33.8,2022-09-23 00:28:00,2022-09-23 12:34:00,43592.2,39600.0,0.4,0.4,0.0,4.0,18.3,35.3,203.0,23.36,5.73,Chennai,66,Satisfactory,"CO, PM10, PM2.5"
2021-10-16,61.0,33.5,23.3,28.8,39.1,27.0,33.9,2021-10-16 00:36:00,2021-10-16 12:07:00,41435.66,37092.05,1.6,1.6,0.0,1.0,14.3,28.1,78.0,16.85,3.86,Lucknow,212,Poor,"PM10, PM2.5"
2018-03-04,1.0,30.9,20.3,25.1,33.6,22.9,27.6,2018-03-04 00:53:00,2018-03-04 12:48:00,42900.79,40147.16,0.0,0.0,0.0,0.0,17.6,38.9,162.0,25.21,5.39,Chennai,123,Moderate,PM2.5
2016-03-02,51.0,32.5,22.7,26.6,34.4,24.9,28.8,2016-03-02 01:03:00,2016-03-02 12:52:00,42577.59,38059.56,0.7,0.7,0.0,3.0,11.0,26.3,99.0,18.66,4.44,Hyderabad,91,Satisfactory,"PM10, PM2.5"
2023-01-24,3.0,29.8,17.0,22.6,32.1,18.5,24.6,2023-01-24 00:48:00,2023-01-24 11:48:00,39660.19,33555.32,0.0,0.0,0.0,0.0,8.7,17.6,142.0,15.28,3.09,Howrah,311,Very Poor,PM2.5
2020-11-11,0.0,27.0,13.7,19.8,26.0,12.2,18.4,2020-11-11 01:09:00,2020-11-11 12:27:00,40715.07,37715.77,0.0,0.0,0.0,0.0,17.3,37.8,97.0,20.53,4.67,Pune,78,Satisfactory,PM2.5
2017-01-02,61.0,21.1,11.6,15.7,21.5,11.1,15.7,2017-01-02 01:25:00,2017-01-02 11:55:00,37792.14,34252.17,3.1,3.1,0.0,5.0,16.1,33.5,36.0,11.96,2.0,Lucknow,325,Very Poor,PM2.5
2016-01-02,0.0,26.1,12.4,18.9,24.2,11.0,17.4,2016-01-02 01:12:00,2016-01-02 12:34:00,40963.96,37677.72,0.0,0.0,0.0,0.0,17.4,37.8,72.0,21.83,4.74,Bengaluru,92,Satisfactory,"NO2, PM2.5"
2017-03-05,1.0,27.3,13.4,20.6,25.4,11.4,18.4,2017-03-05 00:56:00,2017-03-05 12:39:00,42224.27,38768.86,0.0,0.0,0.0,0.0,17.3,36.0,281.0,22.44,5.64,Lucknow,206,Poor,PM2.5
2017-08-24,61.0,32.2,25.4,28.6,40.6,31.9,35.6,2017-08-24 00:12:00,2017-08-24 13:05:00,46351.31,38305.54,9.1,9.1,0.0,13.0,8.3,22.7,46.0,18.52,3.93,Lucknow,89,Satisfactory,"NO2, PM2.5"
2023-03-08,51.0,28.3,14.9,21.2,28.9,14.2,20.7,2023-03-08 01:09:00,2023-03-08 12:55:00,42376.43,32581.38,0.2,0.2,0.0,1.0,14.5,29.2,280.0,17.79,4.14,Delhi,213,Poor,PM2.5
2020-01-15,0.0,25.9,13.1,19.4,26.8,13.0,20.2,2020-01-15 00:49:00,2020-01-15 11:42:00,39216.3,35231.46,0.0,0.0,0.0,0.0,9.4,15.1,49.0,14.73,2.75,Howrah,340,Very Poor,"PM10, PM2.5"
2023-06-07,65.0,35.1,27.5,31.4,40.6,32.1,35.5,2023-06-07 00:11:00,2023-06-07 13:03:00,46338.5,17733.33,16.8,16.8,0.0,5.0,19.0,34.2,228.0,15.14,5.05,Chennai,72,Satisfactory,"NO2, PM10"
2022-09-19,63.0,31.7,25.1,28.2,39.6,31.2,34.9,2022-09-19 00:26:00,2022-09-19 12:39:00,43975.68,36000.0,5.9,5.9,0.0,5.0,8.1,18.4,60.0,19.32,4.06,Kanpur,69,Satisfactory,"PM10, PM2.5"
2018-12-18,51.0,20.0,12.1,15.6,19.5,11.5,15.7,2018-12-18 00:59:00,2018-12-18 11:32:00,37950.3,8725.28,1.0,1.0,0.0,6.0,10.1,20.9,223.0,5.07,1.03,Patna,391,Very Poor,PM2.5
2021-03-26,0.0,32.4,17.5,24.9,31.0,17.0,23.9,2021-03-26 00:45:00,2021-03-26 13:02:00,44244.93,40732.02,0.0,0.0,0.0,0.0,16.9,35.6,312.0,23.22,6.13,Agra,81,Satisfactory,PM2.5
2023-05-28,1.0,36.5,22.4,28.6,37.5,25.7,30.3,2023-05-28 00:27:00,2023-05-28 13:35:00,47290.32,43200.0,0.0,0.0,0.0,0.0,19.4,38.5,284.0,25.02,6.94,Pune,92,Satisfactory,"CO, NO2"
2023-05-03,61.0,26.8,19.7,22.9,29.1,22.2,25.1,2023-05-03 00:28:00,2023-05-03 13:05:00,45405.55,11244.33,2.5,2.5,0.0,3.0,14.6,27.4,281.0,10.46,2.38,Bengaluru,60,Satisfactory,"NO2, PM10"
2023-09-09,65.0,31.3,25.9,28.3,38.6,32.1,34.5,2023-09-08 23:51:00,2023-09-09 12:16:00,44696.45,30670.73,10.6,10.6,0.0,9.0,12.3,34.2,172.0,15.51,3.3,Howrah,40,Good,PM10
2022-07-27,63.0,28.3,18.6,22.3,32.0,20.6,25.0,2022-07-27 00:34:00,2022-07-27 13:18:00,45838.58,39671.44,5.6,5.6,0.0,10.0,13.7,26.3,347.0,21.16,4.22,Bengaluru,73,Satisfactory,"CO, PM10"
2022-10-03,51.0,28.2,20.3,23.6,32.0,23.2,26.5,2022-10-03 00:56:00,2022-10-03 12:51:00,42913.71,37638.03,0.1,0.1,0.0,1.0,12.0,25.2,312.0,20.87,4.17,Nashik,45,Good,O3
2020-05-11,51.0,35.9,22.9,29.4,38.5,24.5,31.2,2020-05-11 00:02:00,2020-05-11 13:32:00,48603.19,37689.72,0.3,0.3,0.0,1.0,17.0,33.1,122.0,21.51,6.05,Delhi,116,Moderate,O3
2019-03-11,53.0,26.5,13.1,20.0,25.3,11.9,18.5,2019-03-11 01:05:00,2019-03-11 12:56:00,42684.22,36729.59,1.7,1.7,0.0,6.0,24.2,54.7,112.0,16.52,4.19,Delhi,187,Moderate,"PM10, PM2.5"
2022-09-04,0.0,37.0,27.2,32.1,39.5,29.8,34.3,2022-09-04 00:30:00,2022-09-04 13:09:00,45525.4,40518.95,0.0,0.0,0.0,0.0,21.0,40.3,260.0,22.2,7.23,Delhi,115,Moderate,"O3, PM10, PM2.5"
2016-12-31,3.0,22.7,10.0,16.4,21.8,9.0,15.8,2016-12-31 01:24:00,2016-12-31 11:53:00,37742.6,33767.28,0.0,0.0,0.0,0.0,14.8,30.2,106.0,13.67,2.51,Lucknow,354,Very Poor,PM2.5
2016-12-22,0.0,27.6,17.6,23.0,29.8,19.0,24.9,2016-12-22 00:53:00,2016-12-22 11:57:00,39850.65,37076.59,0.0,0.0,0.0,0.0,14.3,25.6,184.0,18.15,3.71,Visakhapatnam,119,Moderate,PM2.5
2018-06-10,51.0,36.8,27.2,32.5,43.2,33.2,38.5,2018-06-09 23:41:00,2018-06-10 13:29:00,49655.36,39626.44,0.3,0.3,0.0,2.0,11.2,24.1,315.0,21.59,5.41,Lucknow,155,Moderate,PM2.5
2018-07-02,63.0,31.2,26.9,28.9,37.5,31.4,34.2,2018-07-01 23:25:00,2018-07-02 12:55:00,48567.62,32483.59,13.6,13.6,0.0,12.0,21.0,40.0,205.0,16.82,3.73,Kolkata,56,Satisfactory,PM10
2018-11-29,1.0,29.8,14.3,22.2,28.7,14.4,21.6,2018-11-29 01:19:00,2018-11-29 12:26:00,40016.69,36222.03,0.0,0.0,0.0,0.0,12.6,31.0,100.0,18.43,4.2,Pune,195,Moderate,PM2.5
2023-10-02,63.0,30.0,24.6,26.9,35.6,28.7,32.1,2023-10-01 23:58:00,2023-10-02 11:53:00,42915.28,22960.33,18.3,18.3,0.0,17.0,19.6,38.5,136.0,12.67,2.59,Howrah,40,Good,PM10
2021-08-12,51.0,27.3,21.8,24.0,29.5,24.0,26.3,2021-08-12 00:43:00,2021-08-12 13:35:00,46291.8,40539.95,1.2,1.2,0.0,8.0,20.0,41.4,259.0,17.81,3.65,Nashik,33,Good,PM2.5
2020-06-18,51.0,32.3,26.6,28.9,38.6,31.9,34.6,2020-06-17 23:22:00,2020-06-18 12:53:00,48665.58,26259.06,0.8,0.8,0.0,7.0,20.5,38.5,192.0,17.69,3.88,Kolkata,40,Good,"CO, NO2, PM10"
2018-06-16,53.0,28.1,25.4,26.8,32.3,28.7,30.6,2018-06-16 00:30:00,2018-06-16 13:47:00,47789.72,38574.65,9.3,9.3,0.0,24.0,21.4,47.2,210.0,16.92,3.31,Mumbai,70,Satisfactory,CO
2021-03-12,51.0,33.4,23.9,27.9,38.4,28.7,32.6,2021-03-12 00:18:00,2021-03-12 12:14:00,43006.65,32831.25,0.3,0.3,0.0,1.0,7.6,20.9,154.0,18.55,4.16,Howrah,94,Satisfactory,PM10
2018-10-09,53.0,32.4,23.0,27.7,37.0,25.4,31.8,2018-10-09 00:00:00,2018-10-09 11:46:00,42360.41,38123.24,1.1,1.1,0.0,2.0,15.6,27.0,94.0,19.86,4.57,Kolkata,108,Moderate,PM2.5
2022-03-21,2.0,35.3,21.7,28.2,39.6,21.7,30.3,2022-03-21 00:22:00,2022-03-21 12:30:00,43723.52,37514.65,0.0,0.0,0.0,0.0,13.6,31.0,275.0,19.28,5.21,Patna,225,Poor,PM2.5
2019-01-14,3.0,27.2,20.8,24.2,28.8,22.9,25.3,2019-01-14 01:05:00,2019-01-14 12:30:00,41143.28,36463.76,0.0,0.0,0.0,0.0,17.2,36.7,33.0,19.04,4.34,Chennai,122,Moderate,PM2.5
2018-03-23,0.0,35.0,20.1,27.3,35.8,19.6,27.0,2018-03-23 00:20:00,2018-03-23 12:31:00,43902.12,39600.0,0.0,0.0,0.0,0.0,19.1,35.3,311.0,22.63,6.31,Patna,293,Poor,PM2.5
2020-05-13,2.0,33.3,27.0,30.0,39.4,32.9,35.8,2020-05-13 00:13:00,2020-05-13 12:56:00,45788.17,40384.61,0.0,0.0,0.0,0.0,15.8,37.1,135.0,23.09,5.29,Chennai,50,Good,"CO, O3, PM2.5"
2023-01-26,0.0,29.2,15.1,21.6,27.8,14.9,20.8,2023-01-26 01:19:00,2023-01-26 12:37:00,40732.95,36600.08,0.0,0.0,0.0,0.0,14.8,32.8,122.0,20.59,4.75,Hyderabad,85,Satisfactory,PM10
2016-05-08,63.0,36.3,25.7,30.3,39.9,28.9,32.8,2016-05-08 00:16:00,2016-05-08 13:08:00,46316.14,42499.51,3.0,3.0,0.0,2.0,14.0,36.4,156.0,22.97,6.1,Hyderabad,71,Satisfactory,PM2.5
2021-01-11,0.0,23.6,11.6,17.2,22.6,10.8,16.3,2021-01-11 01:07:00,2021-01-11 11:47:00,38396.25,33509.13,0.0,0.0,0.0,0.0,14.8,29.5,283.0,14.32,2.85,Patna,172,Moderate,"PM10, PM2.5"
2016-03-17,2.0,31.5,21.1,26.3,35.1,24.1,28.6,2016-03-17 00:55:00,2016-03-17 13:00:00,43491.79,40478.16,0.0,0.0,0.0,0.0,11.0,25.6,139.0,21.52,4.92,Bengaluru,148,Moderate,"PM10, PM2.5"
2020-05-01,61.0,33.4,21.8,26.7,36.9,24.0,28.8,2020-04-30 23:57:00,2020-05-01 13:08:00,47484.43,40142.39,2.1,2.1,0.0,2.0,23.4,51.5,88.0,22.17,5.49,Lucknow,88,Satisfactory,PM2.5
2023-10-07,0.0,33.7,23.0,28.3,37.5,26.0,31.7,2023-10-07 00:33:00,2023-10-07 12:19:00,42331.22,39421.58,0.0,0.0,0.0,0.0,10.1,19.4,238.0,19.84,4.58,Kanpur,155,Moderate,PM2.5
2016-12-29,1.0,23.0,9.6,16.1,22.4,8.0,15.4,2016-12-29 01:43:00,2016-12-29 12:03:00,37238.7,34159.72,0.0,0.0,0.0,0.0,10.5,24.1,119.0,13.76,2.47,Delhi,402,Severe,"PM10, PM2.5"
2020-02-09,0.0,21.6,9.3,15.4,20.3,7.3,13.9,2020-02-09 00:59:00,2020-02-09 12:08:00,40176.5,37176.91,0.0,0.0,0.0,0.0,12.4,24.8,280.0,17.6,3.32,Patna,192,Moderate,"PM10, PM2.5"
2019-09-06,61.0,35.2,26.6,29.7,37.6,29.8,33.4,2019-09-06 00:27:00,2019-09-06 12:47:00,44336.73,33344.84,2.5,2.5,0.0,5.0,25.6,51.1,213.0,18.61,5.16,Chennai,58,Satisfactory,"CO, OZONE, PM2.5"
2021-11-27,61.0,21.5,18.4,19.9,22.0,17.4,20.5,2021-11-27 00:54:00,2021-11-27 12:20:00,41181.95,376.79,5.2,5.2,0.0,14.0,22.2,40.0,44.0,7.23,1.57,Bengaluru,82,Satisfactory,"PM10, PM2.5"
2022-07-13,65.0,28.7,24.6,27.0,30.3,26.9,28.7,2022-07-12 23:59:00,2022-07-13 13:06:00,47167.71,29669.17,12.2,12.2,0.0,4.0,32.0,65.2,236.0,15.52,4.14,Visakhapatnam,68,Satisfactory,PM10
2017-02-24,0.0,34.8,19.5,27.1,35.1,18.7,26.1,2017-02-24 01:07:00,2017-02-24 12:51:00,42219.51,39648.74,0.0,0.0,0.0,0.0,11.3,27.4,42.0,23.94,6.35,Hyderabad,196,Moderate,"PM10, PM2.5"
2016-01-19,0.0,27.1,17.5,22.4,27.7,18.0,22.2,2016-01-19 01:44:00,2016-01-19 12:53:00,40106.58,37362.23,0.0,0.0,0.0,0.0,13.0,22.7,8.0,19.28,4.61,Mumbai,130,Moderate,PM2.5
2021-08-05,61.0,31.4,25.4,28.1,39.6,30.8,34.7,2021-08-04 23:39:00,2021-08-05 12:45:00,47128.74,23822.91,6.7,6.7,0.0,19.0,11.1,23.0,243.0,14.72,3.15,Howrah,65,Satisfactory,"CO, PM10, PM2.5"
2019-11-29,53.0,28.8,24.8,26.8,32.4,27.9,30.4,2019-11-29 00:44:00,2019-11-29 12:09:00,41119.64,34215.76,3.9,3.9,0.0,17.0,23.1,46.1,49.0,13.53,3.13,Chennai,45,Good,"OZONE, PM10, PM2.5"
2018-05-21,1.0,37.4,27.9,32.5,42.4,32.1,36.2,2018-05-20 23:31:00,2018-05-21 13:00:00,48569.46,42272.73,0.0,0.0,0.0,0.0,20.2,38.2,88.0,21.79,6.57,Patna,225,Poor,PM2.5
2018-10-10,1.0,33.7,23.5,28.2,35.7,26.1,30.3,2018-10-10 00:33:00,2018-10-10 12:13:00,42010.09,38244.91,0.0,0.0,0.0,0.0,18.8,37.8,91.0,18.03,5.04,Lucknow,228,Poor,PM2.5
2023-12-20,1.0,20.5,8.0,13.7,18.5,5.8,12.1,2023-12-20 01:38:00,2023-12-20 11:58:00,37158.07,32118.11,0.0,0.0,0.0,0.0,11.8,24.5,292.0,11.55,2.13,Delhi,285,Poor,PM2.5
2020-10-14,51.0,24.8,18.3,21.4,24.2,18.7,20.9,2020-10-14 00:39:00,2020-10-14 12:31:00,42675.83,37900.73,0.5,0.5,0.0,5.0,31.1,56.2,242.0,17.04,3.52,Bengaluru,43,Good,"PM10, PM2.5"
2023-07-14,53.0,32.0,24.0,27.4,35.6,25.9,30.1,2023-07-14 00:19:00,2023-07-14 13:24:00,47072.14,39141.15,1.3,1.3,0.0,5.0,18.0,35.3,266.0,19.31,4.86,Hyderabad,58,Satisfactory,PM10
2015-12-07,3.0,25.0,16.3,20.2,25.9,16.2,20.6,2015-12-07 00:59:00,2015-12-07 12:22:00,41006.8,33162.25,0.0,0.0,0.0,0.0,15.6,32.8,61.0,16.42,3.3,Bengaluru,68,Satisfactory,PM2.5
2023-12-11,0.0,22.4,9.2,15.4,21.1,8.0,14.2,2023-12-11 01:33:00,2023-12-11 11:55:00,37296.86,32975.91,0.0,0.0,0.0,0.0,11.4,17.3,35.0,12.27,2.29,Delhi,317,Very Poor,PM2.5
2018-09-30,51.0,33.2,25.2,29.2,39.6,30.8,35.2,2018-09-29 23:57:00,2018-09-30 11:55:00,43056.33,39616.45,0.2,0.2,0.0,1.0,9.0,20.5,255.0,19.32,4.28,Howrah,132,Moderate,"PM10, PM2.5"
2018-09-16,51.0,31.0,23.2,27.0,35.4,26.2,30.4,2018-09-16 00:34:00,2018-09-16 12:47:00,44000.03,39491.67,0.6,0.6,0.0,4.0,12.0,30.2,328.0,20.36,4.61,Hyderabad,98,Satisfactory,"PM10, PM2.5"
2021-09-26,51.0,28.2,25.4,26.7,34.1,31.1,32.0,2021-09-26 00:58:00,2021-09-26 13:01:00,43385.73,34925.84,2.8,2.8,0.0,13.0,14.1,28.4,291.0,18.19,3.58,Mumbai,64,Satisfactory,"CO, O3, PM10"
