date,City,No. Stations,Air Quality,Index Value,Prominent Pollutant
2021-12-07,Rupnagar,1,Moderate,117,PM10
2019-03-30,Bahadurgarh,1,Moderate,180,PM2.5
2020-02-13,Jind,1,Moderate,115,PM2.5
2021-12-22,Bhagalpur,2,Very Poor,341,PM2.5
2023-05-31,Bihar Sharif,1,Moderate,137,PM10
2019-06-15,Hubballi,1,Satisfactory,71,PM10
2022-06-09,Kannur,1,Satisfactory,53,PM2.5
2016-12-22,Nashik,1,Moderate,193,PM2.5
2023-07-10,Shillong,1,Good,21,SO2
2020-08-28,Bhiwadi,1,Moderate,124,PM10
2020-01-19,Kurukshetra,1,Moderate,117,PM2.5
2020-07-13,Alwar,1,Satisfactory,66,PM10
2018-09-15,Bulandshahr,1,Moderate,179,OZONE
2023-02-24,Alwar,1,Satisfactory,85,PM10
2019-07-06,Rohtak,1,Satisfactory,97,PM2.5
2022-02-12,Solapur,1,Satisfactory,77,PM2.5
2023-01-20,Madikeri,1,Good,50,O3
2023-12-23,Jabalpur,4,Moderate,190,"O3, PM2.5"
2023-06-11,Haldia,1,Good,49,PM10
2019-06-04,Vatva,1,Moderate,112,PM10
2023-01-03,Vijayapura,1,Satisfactory,53,PM10
2015-10-21,Delhi,5,Very Poor,318,"O3, PM2.5"
2020-10-22,Jalandhar,1,Moderate,127,PM2.5
2023-05-11,Palkalaiperur,1,Satisfactory,61,SO2
2021-09-16,Tirupati,1,Satisfactory,53,PM10
2019-06-03,Dewas,1,Moderate,128,PM10
2018-01-15,Agra,1,Very Poor,369,PM2.5
2021-06-30,Narnaul,1,Satisfactory,80,PM2.5
2020-04-18,Ernakulam,1,Satisfactory,75,CO
2019-06-16,Kanpur,1,Satisfactory,88,PM2.5
2018-01-05,Vijayawada,1,Moderate,156,PM2.5
2019-12-08,Dewas,1,Poor,232,PM2.5
2021-05-27,Thane,1,Satisfactory,98,PM10
2019-01-24,Faridabad,1,Poor,296,PM2.5
2023-11-25,Agartala,1,Moderate,104,PM10
2020-05-25,Muzaffarpur,1,Satisfactory,53,PM2.5
2020-02-24,Hisar,1,Moderate,171,PM2.5
2020-04-05,Hyderabad,3,Satisfactory,66,PM10
2023-02-07,Greater Noida,2,Poor,254,PM10
2019-02-04,Yamunanagar,1,Poor,232,PM2.5
2023-10-26,Firozabad,1,Moderate,106,PM2.5
2021-03-18,Thane,1,Poor,266,O3
2023-04-18,Satna,1,Moderate,115,PM10
2020-01-17,Siliguri,1,Poor,249,PM2.5
2017-10-12,Kolkata,1,Satisfactory,80,PM10
2022-01-11,Mangalore,1,Good,41,NO2
2023-07-03,Gorakhpur,1,Good,50,SO2
2021-08-01,Charkhi Dadri,1,Satisfactory,60,PM10
2021-04-26,Bhiwani,1,Moderate,133,PM10
2020-06-19,Mandi Gobindgarh,1,Moderate,115,PM2.5
2019-12-26,Dewas,1,Moderate,165,PM2.5
2019-05-14,Visakhapatnam,1,Moderate,126,PM10
2017-11-23,Faridabad,1,Poor,270,PM2.5
2023-12-10,Baran,1,Moderate,134,PM2.5
2022-07-01,Sirsa,1,Satisfactory,73,O3
2020-08-13,Udaipur,1,Good,46,CO
2020-01-14,Delhi,35,Poor,283,PM2.5
2022-10-08,Kurukshetra,1,Good,46,PM2.5
2023-12-24,Muzaffarpur,3,Poor,255,PM2.5
2015-10-04,Muzaffarpur,1,Moderate,132,PM10
2023-09-18,Bahadurgarh,1,Good,46,CO
2022-12-26,Meerut,3,Moderate,174,"PM10, PM2.5"
2022-09-03,Eloor,1,Satisfactory,51,PM10
2016-01-23,Gaya,1,Poor,210,PM2.5
2023-12-23,Tensa,1,Moderate,126,PM10
2022-07-28,Damoh,1,Good,22,CO
2019-03-14,Ahmedabad,1,Moderate,111,PM2.5
2021-09-25,Kota,1,Satisfactory,58,PM2.5
2022-07-28,Patiala,1,Satisfactory,55,PM10
2017-12-04,Pithampur,1,Poor,208,O3
2019-12-04,Kolkata,5,Poor,234,"PM10, PM2.5"
2021-02-19,Rohtak,1,Moderate,178,PM2.5
2020-12-26,Katni,1,Very Poor,321,PM2.5
2022-09-08,Madikeri,1,Good,18,SO2
2023-02-09,Narnaul,1,Moderate,181,PM2.5
2018-03-24,Talcher,1,Poor,213,PM10
2021-07-04,Vijayapura,1,Good,43,PM2.5
2016-05-06,Delhi,5,Moderate,192,"PM10, PM2.5"
2023-02-06,Mandikhera,1,Satisfactory,92,PM10
2018-04-05,Bengaluru,3,Moderate,118,"PM10, PM2.5"
2022-03-29,Bhagalpur,2,Poor,235,PM2.5
2022-04-14,Amaravati,1,Good,27,O3
2023-07-25,Chennai,6,Satisfactory,66,"CO, NO2"
2021-12-05,Thrissur,1,Good,36,PM10
2023-08-31,Haveri,1,Good,38,CO
2019-03-07,Jind,1,Moderate,119,PM10
2019-03-02,Palwal,1,Poor,245,PM2.5
2019-09-22,Hubballi,1,Satisfactory,90,PM10
2021-02-18,Sirsa,1,Moderate,139,PM2.5
2020-12-06,Coimbatore,1,Good,45,PM2.5
2022-01-08,Rajgir,1,Poor,259,PM2.5
2018-06-10,Khanna,1,Satisfactory,84,PM10
2021-03-25,Bhopal,1,Moderate,143,PM10
2018-11-15,Muzaffarpur,1,Very Poor,370,PM2.5
2018-07-28,Udaipur,1,Satisfactory,89,PM10
2017-04-23,Kanpur,1,Poor,222,PM2.5
2021-09-09,Ernakulam,1,Satisfactory,59,PM10
2023-02-24,Khurja,1,Satisfactory,89,PM2.5
2023-02-13,Katihar,1,Poor,240,PM10
2022-10-05,Khurja,1,Poor,211,PM2.5
2020-09-23,Aurangabad,1,Good,49,CO
2015-09-23,Bengaluru,3,Moderate,140,"CO, PM2.5"
2020-09-25,Agra,1,Satisfactory,54,PM2.5
2020-10-20,Sirsa,1,Moderate,170,PM2.5
2021-04-15,Udaipur,1,Satisfactory,92,PM10
2019-01-11,Udaipur,1,Poor,246,PM10
2023-09-19,Aurangabad (Bihar),1,Good,47,O3
2023-04-02,Bilaspur,1,Satisfactory,70,PM10
2020-10-04,Greater Noida,2,Poor,204,"PM10, PM2.5"
2019-08-16,Udaipur,1,Good,25,CO
2022-09-03,Talcher,1,Satisfactory,54,CO
2019-01-18,Pune,1,Poor,216,PM2.5
2020-09-17,Khanna,1,Satisfactory,95,PM10
2018-10-06,Gaya,1,Moderate,125,PM2.5
2019-12-25,Mumbai,10,Poor,280,PM2.5
2019-03-11,Siliguri,1,Moderate,185,PM2.5
2023-01-10,Yadgir,1,Satisfactory,83,PM10
2021-09-15,Prayagraj,3,Good,19,"CO, O3, PM10"
2019-09-18,Khanna,1,Satisfactory,86,PM10
2023-07-25,Ahmedabad,7,Satisfactory,75,PM10
2022-11-16,Karnal,1,Moderate,129,PM2.5
2022-11-25,Kannur,1,Satisfactory,80,PM10
2023-08-14,Rajamahendravaram,1,Satisfactory,54,PM10
2019-11-25,Bengaluru,7,Satisfactory,69,"CO, PM10, PM2.5"
2017-04-01,Haldia,1,Satisfactory,59,PM10
2020-12-11,Medikeri,1,Good,47,O3
2022-09-13,Kolkata,7,Good,37,"NH3, O3, PM10"
2022-07-02,Varanasi,3,Good,45,"NO2, PM10"
2023-05-02,Mangalore,1,Satisfactory,55,CO
2018-08-22,Thiruvananthapuram,1,Good,46,CO
2019-07-01,Nagpur,1,Good,41,CO
2021-09-09,Kanpur,4,Good,46,"NO2, O3, PM10"
2023-08-09,Siwan,1,Satisfactory,58,PM10
2021-05-04,Navi Mumbai,2,Satisfactory,90,PM10
2022-10-23,Vatva,1,Moderate,114,PM10
2022-12-27,Baddi,1,Very Poor,334,PM2.5
2018-09-22,Mandi Gobindgarh,1,Good,37,PM10
2020-05-27,Kaithal,1,Moderate,115,PM10
2017-08-04,Faridabad,1,Satisfactory,93,PM2.5
2021-07-07,Ghaziabad,3,Poor,208,PM10
2023-02-16,Hisar,1,Moderate,177,PM10
2019-11-04,Siliguri,1,Satisfactory,80,PM10
2023-01-18,Ariyalur,1,Good,44,PM2.5
2021-09-04,Tirupati,1,Good,44,CO
2023-09-05,Hubballi,2,Satisfactory,78,PM10
2019-09-06,Chikkaballapur,1,Good,39,CO
2017-04-14,Panchkula,1,Good,49,PM2.5
2020-11-30,Chandigarh,1,Moderate,182,PM2.5
2019-05-02,Navi Mumbai,1,Moderate,132,PM10
2020-03-09,Rajamahendravaram,1,Good,42,O3
2023-08-19,Bareilly,2,Good,48,PM10
2022-11-20,Hubballi,1,Moderate,109,PM2.5
2017-02-15,Howrah,1,Moderate,134,PM10
2023-06-07,Cuddalore,2,Satisfactory,98,NO2
2023-01-31,Vellore,1,Satisfactory,90,PM2.5
2022-09-07,Panipat,1,Good,50,PM10
2022-10-17,Panipat,1,Moderate,184,PM10
2023-07-08,Ballabgarh,1,Satisfactory,76,PM10
2023-08-23,Badlapur,1,Good,34,CO
2023-12-20,Hubballi,1,Moderate,104,PM10
2022-05-10,Ghaziabad,4,Moderate,199,"O3, PM10"
2022-04-18,Katihar,1,Moderate,176,PM10
2019-03-22,Ankleshwar,1,Satisfactory,89,PM10
2019-10-24,Hubballi,1,Good,42,PM10
2021-08-11,Rupnagar,1,Moderate,108,PM10
2021-05-06,Palwal,1,Moderate,129,PM10
2019-09-11,Patiala,1,Satisfactory,82,PM10
2021-06-13,Indore,1,Satisfactory,65,PM10
2023-10-25,Chikkaballapur,1,Moderate,124,PM2.5
2018-03-15,Nashik,1,Moderate,103,OZONE
2022-03-03,Munger,1,Moderate,163,PM10
2022-10-01,Hyderabad,10,Satisfactory,75,"CO, PM10, PM2.5"
2018-12-08,Thiruvananthapuram,1,Satisfactory,89,CO
2021-08-04,Delhi,36,Satisfactory,69,"NO2, PM10, PM2.5"
2021-12-29,Maihar,1,Moderate,101,CO
2022-08-10,Puducherry,1,Satisfactory,52,PM10
2023-02-28,Muzaffarpur,3,Poor,297,PM2.5
2021-09-07,Meerut,2,Satisfactory,75,PM10
2022-06-26,Kochi,1,Good,46,PM10
2017-12-08,Kanpur,1,Satisfactory,89,NO2
2019-09-05,Chandrapur,2,Good,41,"OZONE, PM10"
2022-11-11,Yamunanagar,1,Very Poor,304,PM2.5
2021-03-29,Hajipur,1,Moderate,170,PM10
2021-12-04,Thane,1,Moderate,187,O3
2019-02-28,Thiruvananthapuram,1,Satisfactory,77,OZONE
2023-01-15,Dewas,1,Moderate,174,PM2.5
2022-09-25,Patiala,1,Satisfactory,53,O3
2022-06-19,Eloor,1,Satisfactory,56,PM10
2023-04-21,Hanumangarh,1,Moderate,117,PM10
2022-11-19,Maihar,1,Good,44,PM10
2023-11-28,Tirupur,1,Satisfactory,61,PM10
2022-08-02,Mandikhera,1,Good,20,O3
2023-08-08,Sasaram,1,Satisfactory,51,PM10
2018-02-20,Vijayawada,1,Moderate,103,PM10
2015-11-06,Varanasi,1,Very Poor,307,PM2.5
2022-07-09,Raichur,1,Satisfactory,54,CO
2022-05-25,Prayagraj,3,Moderate,133,PM10
2023-04-19,Nalbari,1,Moderate,132,PM10
2021-11-25,Kohima,1,Satisfactory,94,PM2.5
2021-12-27,Manesar,1,Very Poor,329,PM2.5
2023-08-21,Rohtak,1,Satisfactory,53,PM2.5
2023-06-19,Surat,1,Good,35,PM2.5
2023-08-28,Kashipur,1,Moderate,124,PM10
2023-09-22,Narnaul,1,Moderate,139,CO
2023-10-03,Dhanbad,1,Satisfactory,80,PM2.5
2021-10-27,Indore,1,Moderate,148,PM10
2022-06-24,Srinagar,1,Satisfactory,83,PM10
2018-05-17,Faridabad,1,Poor,231,PM2.5
2022-11-23,Ambala,1,Moderate,138,PM2.5
2021-11-24,GandhiNagar,3,Satisfactory,74,"PM10, PM2.5"
2023-03-30,Madikeri,1,Good,39,PM10
2023-08-05,Hyderabad,10,Satisfactory,62,"NO2, PM10"
2018-03-11,Jorapokhar,1,Moderate,130,PM10
2021-07-25,Delhi,33,Moderate,107,"O3, PM10, PM2.5"
2023-05-21,Thiruvananthapuram,2,Good,34,PM10
2020-11-13,Yamunanagar,1,Very Poor,347,PM2.5
2020-12-25,Agartala,1,Satisfactory,94,PM2.5
2020-09-08,Hyderabad,6,Satisfactory,82,"O3, PM10"
2022-05-26,Chennai,7,Satisfactory,67,"PM10, PM2.5"
2023-05-25,Hyderabad,8,Satisfactory,80,PM10
2021-11-18,Mumbai,18,Satisfactory,81,"CO, PM10, PM2.5"
2023-07-31,Satna,1,Satisfactory,91,PM10
2020-05-04,Kota,1,Satisfactory,55,O3
2018-06-30,Alwar,1,Satisfactory,66,PM10
2023-02-15,Bhopal,2,Satisfactory,100,PM10
2023-05-28,Bikaner,1,Moderate,144,PM10
2020-04-30,Chandigarh,1,Satisfactory,58,PM10
2022-10-31,Siwan,1,Poor,221,PM2.5
2019-05-09,Damoh,1,Satisfactory,72,PM2.5
2021-11-03,Thoothukudi,1,Good,39,CO
2018-12-18,Solapur,1,Satisfactory,78,PM10
2021-06-06,Chamarajanagar,1,Satisfactory,56,O3
2017-12-09,Noida,2,Very Poor,326,PM2.5
2019-02-01,Jorapokhar,1,Moderate,195,PM10
2022-09-25,Greater Noida,2,Good,50,"CO, O3"
2019-02-17,Udaipur,1,Moderate,169,PM2.5
2016-01-10,Jaipur,1,Very Poor,328,PM2.5
2022-02-04,Gummidipoondi,1,Good,40,PM10
2020-05-02,Kannur,1,Good,43,PM2.5
2018-06-04,Solapur,1,Satisfactory,72,OZONE
2020-06-30,Patiala,1,Satisfactory,66,PM10
2020-09-19,Guwahati,1,Satisfactory,67,PM10
2019-08-03,Visakhapatnam,1,Good,47,CO
2022-12-17,Bagalkot,1,Good,42,PM10
2023-11-29,Tirupati,2,Good,49,"CO, NO2"
2023-01-27,Bathinda,1,Moderate,103,PM10
2023-09-26,Gurugram,3,Poor,221,PM2.5
2018-06-25,Talcher,1,Moderate,119,PM10
2019-08-23,Agra,1,Satisfactory,88,PM2.5
2017-09-02,Lucknow,3,Good,42,"CO, PM2.5"
2019-08-28,Kalyan,1,Satisfactory,58,PM10
2023-03-04,Hubballi,2,Moderate,160,PM10
2021-05-15,Hisar,1,Moderate,135,PM10
2021-01-12,Gwalior,1,Moderate,156,PM2.5
2019-08-12,Udaipur,1,Satisfactory,72,PM10
2023-08-26,Hanumangarh,1,Moderate,148,PM10
2023-12-16,Mahad,1,Moderate,105,PM10
2022-12-14,Pali,1,Moderate,105,PM10
2023-10-02,Siliguri,1,Good,36,O3
2023-08-21,Shivamogga,1,Satisfactory,52,PM10
2021-03-09,Gummidipoondi,1,Moderate,116,PM10
2019-06-30,Dharuhera,1,Poor,244,PM10
2022-07-14,GandhiNagar,1,Good,39,PM10
2019-07-23,Ballabgarh,1,Moderate,108,CO
2020-01-23,Patiala,1,Satisfactory,59,PM10
2019-11-26,Bathinda,1,Moderate,158,PM10
2022-08-11,Solapur,1,Satisfactory,74,PM10
2021-12-29,Kalaburagi,1,Satisfactory,98,PM2.5
2020-11-05,Ajmer,1,Satisfactory,94,PM10
2021-03-28,Indore,1,Poor,235,PM10
2023-07-18,Bathinda,1,Good,38,PM10
2020-08-20,Bhopal,1,Good,34,PM10
2023-09-28,Mysuru,1,Good,41,PM10
2022-08-18,Ujjain,1,Satisfactory,61,PM10
2018-08-28,Bulandshahr,1,Satisfactory,73,OZONE
2023-04-20,Nalbari,1,Satisfactory,76,O3
2018-03-16,Pune,1,Satisfactory,94,PM10
2020-08-26,Shillong,1,Good,12,PM10
2022-01-14,Satna,1,Satisfactory,52,PM10
2020-10-05,Khanna,1,Moderate,123,PM10
2020-06-09,Muzaffarpur,1,Satisfactory,68,O3
2022-11-01,Thoothukudi,1,Satisfactory,79,PM10
2023-08-13,Hubballi,1,Moderate,101,PM10
2020-11-22,Eloor,1,Satisfactory,54,O3
2019-05-19,Ghaziabad,3,Poor,217,"OZONE, PM2.5"
2022-08-14,Bareilly,2,Satisfactory,59,"PM10, PM2.5"
2022-12-09,Hosur,1,Moderate,124,PM2.5
2022-11-15,Patna,6,Very Poor,340,"PM10, PM2.5"
2023-05-14,Indore,2,Satisfactory,70,PM10
2023-04-04,Chhal,1,Moderate,105,PM10
2022-06-03,Kohima,1,Satisfactory,53,SO2
2019-01-14,Nashik,1,Moderate,177,OZONE
2020-11-02,Jodhpur,1,Poor,231,PM2.5
2022-05-07,Naharlagun,1,Satisfactory,65,SO2
2023-07-05,Solapur,3,Satisfactory,70,PM10
2023-12-02,Rajsamand,1,Moderate,147,PM2.5
2020-08-31,Panipat,1,Good,44,PM10
2023-05-24,Jaipur,5,Moderate,120,PM10
2021-10-10,Thiruvananthapuram,2,Good,30,"CO, O3"
2023-08-17,Tumakuru,1,Satisfactory,99,CO
2022-05-30,Chandrapur,2,Moderate,128,PM10
2020-05-01,Kurukshetra,1,Moderate,116,PM10
2023-07-21,Jhansi,1,Satisfactory,69,PM2.5
2021-07-10,Kollam,1,Good,50,CO
2023-07-07,Chandigarh,3,Satisfactory,57,PM10
2022-09-14,Kannur,1,Satisfactory,53,PM2.5
2022-10-18,Dharuhera,1,Poor,250,PM2.5
2022-01-28,Lucknow,6,Moderate,150,"PM10, PM2.5"
2023-12-18,Hisar,1,Poor,228,O3
2020-02-20,Bahadurgarh,1,Moderate,144,PM2.5
2023-01-08,Madikeri,1,Good,40,O3
2018-12-09,Kota,1,Moderate,137,PM10
2021-11-14,Hapur,1,Very Poor,359,PM2.5
2022-10-26,Gorakhpur,1,Poor,250,PM2.5
2020-12-30,Hapur,1,Moderate,123,PM10
2020-10-17,Hapur,1,Poor,215,PM10
2020-10-19,Kannur,1,Good,49,CO
2022-11-28,Lucknow,6,Poor,236,PM2.5
2022-01-04,Delhi,37,Very Poor,378,PM2.5
2022-06-08,Tirupati,1,Satisfactory,53,PM10
2022-10-19,Buxar,1,Moderate,148,PM10
2018-04-07,Hyderabad,6,Satisfactory,77,"OZONE, PM10, PM2.5"
2021-07-14,Satna,1,Satisfactory,62,PM10
2019-03-24,Jaipur,3,Moderate,103,PM10
2021-07-08,Raichur,1,Good,42,PM10
2023-05-13,Bhiwadi,1,Moderate,172,PM10
2019-01-16,Navi Mumbai,1,Moderate,134,PM10
2020-06-05,Moradabad,1,Satisfactory,84,PM10
2023-09-13,Tumidih,1,Good,26,O3
2018-07-14,Pune,1,Satisfactory,55,CO
2018-10-04,Singrauli,1,Poor,216,PM10
2022-09-24,Hubballi,1,Satisfactory,53,CO
2019-12-16,Jalandhar,1,Satisfactory,97,PM2.5
2023-11-01,Rajamahendravaram,1,Satisfactory,93,PM10
2023-11-02,Mandi Gobindgarh,1,Poor,299,PM2.5
2021-07-28,Narnaul,1,Moderate,119,PM10
2023-09-18,Patiala,1,Good,36,O3
2023-12-30,Baghpat,1,Poor,212,PM2.5
2018-01-09,Chandrapur,2,Moderate,146,"PM10, PM2.5"
2016-03-11,Solapur,1,Moderate,127,PM10
2018-10-05,Baghpat,1,Poor,258,PM2.5
2023-10-11,Gummidipoondi,1,Satisfactory,100,PM10
2021-07-15,Hyderabad,5,Good,30,"CO, NO2, SO2"
2021-03-22,Hisar,1,Moderate,125,PM2.5
2020-07-20,Mumbai,8,Good,47,"CO, PM10, SO2"
2019-05-27,Muzaffarpur,1,Moderate,124,PM2.5
2022-05-24,Motihari,1,Moderate,164,O3
2022-11-10,Jodhpur,1,Moderate,147,PM2.5
2020-08-27,Bhiwadi,1,Satisfactory,91,PM2.5
2022-02-14,Ujjain,1,Moderate,123,PM2.5
2018-12-31,Dewas,1,Moderate,173,OZONE
2018-06-19,Jalandhar,1,Poor,257,PM2.5
2018-06-27,Durgapur,1,Satisfactory,92,PM10
2020-11-18,Kochi,1,Satisfactory,92,CO
2022-07-26,Muzaffarpur,2,Satisfactory,66,"CO, PM10"
2021-06-29,Thrissur,1,Satisfactory,55,O3
2018-11-29,Kanpur,1,Very Poor,312,PM2.5
2023-03-13,Guwahati,3,Moderate,184,PM2.5
2021-05-24,Kochi,1,Good,47,CO
2017-05-29,Kolkata,2,Satisfactory,76,"NO2, PM10"
2018-04-18,Nagpur,1,Satisfactory,94,PM10
2018-12-28,Mumbai,1,Moderate,131,PM2.5
2016-09-20,Chennai,3,Good,47,PM2.5
2023-07-15,Bagalkot,1,Good,46,PM10
2021-09-22,Prayagraj,3,Satisfactory,61,"PM10, PM2.5"
2019-01-30,Solapur,1,Moderate,118,PM10
2021-12-12,Moradabad,2,Poor,274,PM2.5
2023-04-17,Rupnagar,1,Moderate,168,PM10
2022-10-25,Faridabad,4,Poor,289,PM2.5
2023-07-10,Ramanathapuram,1,Satisfactory,53,CO
2023-05-26,Gadag,1,Good,46,SO2
2018-12-28,Haldia,1,Moderate,155,PM10
2019-12-06,GandhiNagar,1,Satisfactory,73,PM10
2023-12-31,Parbhani,1,Moderate,121,PM2.5
2020-01-25,Kalyan,1,Poor,201,PM2.5
2018-06-23,Durgapur,1,Moderate,128,PM10
2022-04-09,Hubballi,1,Satisfactory,91,PM10
2019-02-11,Muzaffarpur,1,Poor,265,PM2.5
2022-05-19,Patiala,1,Satisfactory,97,O3
2022-12-26,Muzaffarnagar,1,Very Poor,304,PM2.5
2018-06-22,Jodhpur,1,Poor,236,PM2.5
2023-05-17,Chennai,7,Satisfactory,88,"NO2, PM10"
2023-05-04,Jabalpur,1,Satisfactory,69,O3
2022-12-28,Firozabad,2,Satisfactory,87,PM10
2022-09-11,Jind,1,Satisfactory,82,PM2.5
2020-06-04,Charkhi Dadri,1,Moderate,197,PM2.5
2016-02-06,Gaya,1,Poor,207,PM2.5
2019-01-12,Gaya,1,Severe,401,PM2.5
2023-10-27,Barmer,1,Moderate,106,PM10
2020-03-12,Patna,6,Moderate,155,"NO2, PM10, PM2.5"
2021-07-14,Katni,1,Good,44,O3
2017-05-22,Navi Mumbai,1,Satisfactory,100,CO
2020-02-01,Kolkata,6,Moderate,148,"O3, PM10, PM2.5"
2023-12-23,Ludhiana,1,Poor,275,PM2.5
2023-08-30,Bhiwani,1,Satisfactory,63,PM10
2020-06-17,Singrauli,1,Satisfactory,54,PM10
2016-06-07,Jaipur,1,Poor,220,PM10
2022-11-05,Sagar,2,Moderate,117,"CO, PM2.5"
2023-12-05,Solapur,3,Satisfactory,100,PM10
2018-01-22,Noida,2,Very Poor,314,PM2.5
2022-02-01,Mumbai,13,Moderate,185,"PM10, PM2.5"
2017-08-25,Chandrapur,2,Satisfactory,69,"CO, PM10"
2022-08-02,Talcher,1,Satisfactory,81,NO2
2023-08-12,Chittoor,1,Good,48,PM2.5
2020-01-29,Eloor,1,Moderate,121,PM10
2020-07-02,Chikkamagaluru,1,Good,35,PM10
2022-11-03,Gwalior,1,Moderate,146,PM2.5
2023-08-30,Kohima,1,Satisfactory,94,PM10
2021-06-02,Asansol,1,Satisfactory,51,PM10
2020-08-22,Lucknow,4,Satisfactory,62,"O3, PM10"
2023-08-13,Kannur,1,Satisfactory,70,PM10
2020-08-30,Kozhikode,1,Good,7,NO2
2021-08-03,Bengaluru,8,Satisfactory,67,"CO, PM10"
2022-01-06,Prayagraj,3,Poor,282,PM2.5
2019-06-26,Dharuhera,1,Moderate,117,PM10
2023-04-01,Chennai,7,Satisfactory,65,"NO2, O3"
2023-02-06,Ballabgarh,1,Satisfactory,98,CO
2023-05-01,Ambala,1,Satisfactory,88,PM10
2020-09-22,Chennai,4,Satisfactory,69,"O3, PM2.5"
2023-11-15,Kadapa,1,Moderate,115,PM2.5
2022-03-17,Bidar,1,Moderate,107,PM10
2021-03-10,Ajmer,1,Moderate,114,PM10
2023-11-22,Banswara,1,Poor,237,PM2.5
2022-02-14,Thrissur,1,Satisfactory,80,PM2.5
2023-09-08,Kurukshetra,1,Satisfactory,93,PM10
2020-07-06,Gwalior,1,Satisfactory,75,O3
2019-10-02,Pali,1,Good,50,PM10
2023-12-04,Brajrajnagar,1,Satisfactory,69,PM10
2017-12-07,Patna,1,Severe,421,PM2.5
2021-11-19,Manesar,1,Very Poor,335,PM2.5
2023-08-29,Jhalawar,1,Satisfactory,89,PM10
2021-12-05,Aizawl,1,Good,10,CO
2023-11-15,Raipur,3,Moderate,102,PM10
2020-03-20,Hisar,1,Moderate,128,PM2.5
2023-03-17,Dausa,1,Moderate,127,PM10
2023-08-01,Gadag,1,Good,42,SO2
2018-03-25,Gaya,1,Poor,292,PM2.5
2020-03-07,Udaipur,1,Satisfactory,78,PM10
2017-01-16,Howrah,1,Moderate,134,PM10
2018-03-01,Jodhpur,1,Poor,276,PM10
2020-10-26,Dharuhera,1,Very Poor,313,PM10
2022-04-12,Srinagar,1,Good,46,PM10
2021-10-13,Bidar,1,Satisfactory,98,PM10
2019-03-17,Aurangabad,1,Moderate,117,OZONE
2020-09-19,Manesar,1,Satisfactory,92,PM10
2021-12-20,Ernakulam,1,Moderate,152,PM2.5
2023-03-07,Bhagalpur,2,Moderate,150,PM10
2023-02-12,Sasaram,1,Moderate,130,PM2.5
2022-02-11,Fatehabad,1,Moderate,131,PM10
2023-07-26,Dhule,1,Good,42,O3
2022-08-26,Fatehabad,1,Satisfactory,62,PM10
2019-08-19,Gurugram,1,Satisfactory,57,PM2.5
2018-09-02,Ludhiana,1,Satisfactory,51,PM10
2021-07-11,Thiruvananthapuram,2,Good,50,CO
2022-05-17,Moradabad,2,Satisfactory,72,PM10
2021-10-10,Ambala,1,Moderate,138,PM10
2022-02-06,Solapur,1,Satisfactory,67,PM2.5
2021-06-06,Panipat,1,Moderate,158,PM2.5
2019-01-29,Muzaffarpur,1,Poor,247,PM2.5
2021-05-24,Kaithal,1,Moderate,102,PM10
2019-07-27,Loni_Dehat,1,Satisfactory,75,CO
2019-07-05,Kota,1,Good,33,OZONE
2016-09-10,Hyderabad,2,Satisfactory,53,"PM10, PM2.5"
2019-11-04,Thiruvananthapuram,1,Good,49,OZONE
2023-06-23,Tonk,1,Moderate,131,PM10
2022-11-29,Shillong,1,Good,23,SO2
2020-08-03,Kurukshetra,1,Satisfactory,52,PM10
2021-07-14,Chikkamagaluru,1,Good,24,O3
2023-08-01,Kochi,1,Satisfactory,80,CO
2021-03-15,Narnaul,1,Poor,206,PM10
2019-09-02,GandhiNagar,1,Good,44,PM10
2023-01-04,Amaravati,1,Satisfactory,92,PM2.5
2023-12-01,Kochi,1,Satisfactory,89,PM10
2019-01-25,Kalaburagi,1,Moderate,112,PM10
2019-12-06,Ratlam,1,Moderate,120,PM10
2020-03-03,Muzaffarpur,1,Poor,232,PM2.5
2019-11-23,Brajrajnagar,1,Moderate,200,PM2.5
2018-11-26,Mumbai,1,Moderate,155,PM10
2023-12-15,Balasore,1,Poor,222,PM2.5
2022-11-16,Ooty,1,Satisfactory,57,PM10
2023-02-08,Chikkaballapur,1,Moderate,149,PM10
2022-07-20,Ankleshwar,1,Satisfactory,58,PM10
2023-10-24,Indore,1,Moderate,111,PM10
2022-12-28,Nalbari,1,Moderate,197,PM2.5
2019-08-21,Patna,1,Satisfactory,75,PM2.5
2020-09-06,Howrah,2,Satisfactory,66,PM10
2020-06-05,Charkhi Dadri,1,Moderate,156,PM2.5
2022-07-27,Purnia,1,Moderate,114,PM2.5
2023-08-15,Varanasi,4,Good,45,"O3, PM10"
2020-11-08,Nashik,1,Satisfactory,100,O3
2022-01-13,Kalaburagi,1,Satisfactory,82,PM10
2023-03-19,Shivamogga,1,Good,35,O3
2023-10-24,Jind,1,Moderate,143,PM2.5
2022-06-18,Madikeri,1,Good,27,O3
2020-05-09,Nagpur,1,Satisfactory,77,O3
2019-07-17,Rajamahendravaram,1,Satisfactory,77,PM10
2023-04-20,Baripada,1,Moderate,145,PM2.5
2023-03-04,Vrindavan,1,Moderate,146,PM10
2019-06-28,Sirsa,1,Moderate,178,PM10
2018-12-07,Tirupati,1,Satisfactory,66,PM10
