city_name,datetime,weather_code,temperature_2m_max,temperature_2m_min,temperature_2m_mean,apparent_temperature_max,apparent_temperature_min,apparent_temperature_mean,sunrise,sunset,daylight_duration,sunshine_duration,precipitation_sum,rain_sum,snowfall_sum,precipitation_hours,wind_speed_10m_max,wind_gusts_10m_max,wind_direction_10m_dominant,shortwave_radiation_sum,et0_fao_evapotranspiration
Kalyān,1997-02-08,3.0,30.4,15.6,22.1,29.5,15.6,22.3,1997-02-08 01:39:00,1997-02-08 13:03:00,41084.41,38425.04,0.0,0.0,0.0,0.0,12.1,28.8,277.0,21.72,4.65
Nāsik,2014-05-06,1.0,37.8,23.4,31.1,39.1,27.7,32.5,2014-05-06 00:32:00,2014-05-06 13:29:00,46634.22,42564.07,0.0,0.0,0.0,0.0,12.4,25.6,350.0,23.91,6.3
Ahmedabad,2001-07-10,63.0,30.4,25.3,26.8,35.1,29.7,31.8,2001-07-10 00:30:00,2001-07-10 13:58:00,48467.16,10641.56,19.8,19.8,0.0,15.0,13.5,31.0,216.0,9.43,2.18
Kalyān,2007-01-31,1.0,35.7,20.0,27.9,37.1,21.0,28.8,2007-01-31 01:42:00,2007-01-31 12:59:00,40632.87,37937.24,0.0,0.0,0.0,0.0,8.8,18.4,19.0,19.07,4.72
Jaipur,2000-09-20,1.0,35.1,22.7,29.9,36.4,23.6,30.8,2000-09-20 00:44:00,2000-09-20 12:55:00,43861.82,39658.49,0.0,0.0,0.0,0.0,14.8,30.2,66.0,17.84,5.23
Supaul,1984-02-17,1.0,26.9,12.0,19.8,26.1,10.3,18.5,1984-02-17 00:48:00,1984-02-17 12:06:00,40742.56,37961.56,0.0,0.0,0.0,0.0,9.5,22.3,260.0,19.96,4.25
Thāne,2023-01-11,0.0,33.0,15.3,22.5,32.8,14.6,22.2,2023-01-11 01:43:00,2023-01-11 12:47:00,39814.21,36292.21,0.0,0.0,0.0,0.0,13.6,29.2,331.0,17.87,4.23
Hāora,2007-12-15,2.0,25.4,18.1,21.5,25.7,17.2,21.8,2007-12-15 00:38:00,2007-12-15 11:24:00,38734.02,20797.22,0.0,0.0,0.0,0.0,14.0,28.4,8.0,6.84,2.19
Aurangābād,1982-05-13,0.0,38.4,23.0,30.5,38.1,25.3,31.1,1982-05-13 00:23:00,1982-05-13 13:26:00,46958.07,42962.34,0.0,0.0,0.0,0.0,20.2,36.7,275.0,25.77,7.7
Amritsar,2001-10-09,0.0,33.4,19.4,26.5,35.3,22.0,28.5,2001-10-09 00:59:00,2001-10-09 12:36:00,41770.66,38214.95,0.0,0.0,0.0,0.0,10.2,23.4,304.0,19.02,4.5
Farīdābād,1995-02-27,51.0,22.8,13.2,17.5,22.3,11.7,16.1,1995-02-27 01:18:00,1995-02-27 12:48:00,41459.62,37074.51,0.5,0.5,0.0,4.0,14.3,31.3,77.0,16.19,3.45
Jabalpur,2022-10-17,51.0,29.0,19.9,24.1,32.9,22.8,27.8,2022-10-17 00:38:00,2022-10-17 12:13:00,41705.03,39058.08,0.4,0.4,0.0,4.0,10.5,23.8,53.0,17.29,3.48
Kanpur,2010-10-29,0.0,28.6,15.3,22.9,29.7,15.0,23.4,2010-10-29 00:46:00,2010-10-29 11:59:00,40361.88,37589.0,0.0,0.0,0.0,0.0,8.3,14.4,34.0,19.04,3.72
Nāgpur,1982-04-20,0.0,37.9,25.4,32.0,38.1,24.5,31.1,1982-04-20 00:20:00,1982-04-20 13:04:00,45805.2,41973.71,0.0,0.0,0.0,0.0,11.1,25.9,50.0,24.66,7.16
Haldwāni,1995-06-27,55.0,29.5,24.7,27.0,35.1,29.3,32.3,1995-06-26 23:44:00,1995-06-27 13:44:00,50409.2,28057.77,6.8,6.8,0.0,9.0,8.4,22.0,44.0,12.92,2.88
Aurangābād,1988-01-05,0.0,28.6,15.9,22.1,27.9,14.6,20.9,1988-01-05 01:34:00,1988-01-05 12:32:00,39500.3,36031.77,0.0,0.0,0.0,0.0,12.2,29.9,287.0,18.39,4.43
Thāne,1994-05-28,3.0,35.7,28.0,30.7,41.8,33.9,36.0,1994-05-28 00:29:00,1994-05-28 13:40:00,47444.51,43100.21,0.0,0.0,0.0,0.0,19.1,41.0,271.0,23.72,5.78
Vasai-Virar,2022-02-08,2.0,25.2,17.6,21.5,26.7,19.0,23.0,2022-02-08 01:40:00,2022-02-08 13:05:00,41065.29,38285.25,0.0,0.0,0.0,0.0,16.8,35.3,313.0,19.94,3.76
Sūrat,2013-11-10,2.0,31.7,23.8,27.5,32.2,23.6,26.9,2013-11-10 01:16:00,2013-11-10 12:28:00,40333.39,36118.69,0.0,0.0,0.0,0.0,19.5,30.6,35.0,16.73,6.03
Amritsar,1993-01-16,51.0,14.6,6.3,10.7,13.1,4.1,9.1,1993-01-16 02:00:00,1993-01-16 12:19:00,37182.14,24909.73,0.9,0.9,0.0,3.0,13.4,32.0,209.0,7.22,1.15
Jamshedpur,1998-10-22,51.0,29.5,23.0,26.0,34.8,27.7,31.2,1998-10-22 00:14:00,1998-10-22 11:44:00,41378.72,30604.72,0.8,0.8,0.0,5.0,6.9,17.3,130.0,12.47,2.63
Vasai-Virar,2003-11-16,0.0,31.7,21.8,26.4,35.5,24.9,29.4,2003-11-16 01:17:00,2003-11-16 12:30:00,40368.38,36487.07,0.0,0.0,0.0,0.0,11.8,21.2,332.0,19.07,4.26
Kanpur,2011-06-27,63.0,31.6,25.5,27.6,38.1,30.8,33.9,2011-06-26 23:48:00,2011-06-27 13:35:00,49647.62,14926.91,13.0,13.0,0.0,20.0,10.6,19.8,106.0,11.69,2.56
Hyderābād,1997-12-07,2.0,26.6,19.5,22.6,25.7,21.3,23.1,1997-12-07 01:03:00,1997-12-07 12:11:00,40071.12,33012.05,0.0,0.0,0.0,0.0,16.7,35.3,112.0,12.6,3.25
Rānchi,1987-11-12,51.0,25.9,15.0,21.7,26.1,13.2,21.4,1987-11-12 00:30:00,1987-11-12 11:35:00,39873.61,35572.04,0.4,0.4,0.0,3.0,16.5,35.6,49.0,16.93,3.96
Alīgarh,1987-07-13,61.0,36.6,28.8,32.3,43.1,33.8,37.6,1987-07-13 00:00:00,1987-07-13 13:46:00,49581.73,41756.56,1.5,1.5,0.0,1.0,13.4,29.2,117.0,22.18,5.7
Pimpri-Chinchwad,2004-06-05,61.0,30.9,23.3,26.0,35.5,26.7,29.1,2004-06-05 00:27:00,2004-06-05 13:39:00,47529.07,42967.71,2.5,2.5,0.0,3.0,21.0,48.6,278.0,20.82,4.59
Guwāhāti,1981-06-14,63.0,33.1,26.4,29.5,42.2,32.6,36.8,1981-06-13 23:00:00,1981-06-14 12:45:00,49555.64,43828.5,21.8,21.8,0.0,15.0,5.7,23.8,73.0,22.46,4.81
Jabalpur,2017-11-24,0.0,26.2,12.8,18.5,24.9,11.1,17.2,2017-11-24 01:00:00,2017-11-24 11:53:00,39218.99,35934.3,0.0,0.0,0.0,0.0,10.9,22.3,24.0,16.62,3.61
Lucknow,2008-05-08,0.0,39.0,24.5,32.5,39.5,24.8,32.2,2008-05-07 23:52:00,2008-05-08 13:12:00,48016.93,45163.84,0.0,0.0,0.0,0.0,14.9,29.5,283.0,27.0,8.1
Prayagraj,2008-08-13,63.0,31.9,25.4,27.9,38.4,31.1,33.9,2008-08-13 00:05:00,2008-08-13 13:09:00,47040.56,22031.79,22.6,22.6,0.0,15.0,11.6,28.4,137.0,12.84,2.88
Jaipur,2014-06-19,51.0,38.7,30.6,34.1,42.1,33.2,36.5,2014-06-19 00:02:00,2014-06-19 13:52:00,49791.09,43200.0,0.3,0.3,0.0,1.0,17.7,37.1,245.0,22.09,7.35
Kalyān,1998-10-08,51.0,32.2,24.0,27.7,39.8,29.4,33.9,1998-10-08 00:59:00,1998-10-08 12:50:00,42631.31,37752.63,1.1,1.1,0.0,5.0,7.2,24.8,190.0,18.8,3.95
Supaul,2010-09-06,61.0,31.7,25.4,28.2,38.5,29.6,33.3,2010-09-05 23:55:00,2010-09-06 12:28:00,45158.42,32066.94,3.7,3.7,0.0,8.0,16.2,31.0,90.0,16.4,3.64
Āgra,1988-09-02,1.0,34.3,25.7,30.0,41.6,30.6,36.0,1988-09-02 00:27:00,1988-09-02 13:07:00,45576.86,41930.95,0.0,0.0,0.0,0.0,8.8,23.8,267.0,22.11,4.96
Patna,2010-03-18,1.0,34.3,19.7,27.1,36.5,21.4,28.4,2010-03-18 00:25:00,2010-03-18 12:29:00,43441.22,37047.86,0.0,0.0,0.0,0.0,8.5,23.4,213.0,19.31,4.73
Bilāspur,2020-01-05,0.0,21.6,10.9,15.7,20.8,9.1,14.5,2020-01-05 01:11:00,2020-01-05 12:01:00,38995.69,35299.2,0.0,0.0,0.0,0.0,14.8,27.7,4.0,16.25,2.86
Srīnagar,2019-10-10,0.0,20.4,5.9,12.5,19.2,3.3,11.0,2019-10-10 01:01:00,2019-10-10 12:34:00,41526.31,37937.35,0.0,0.0,0.0,0.0,9.1,24.8,87.0,18.25,3.12
Patna,2006-06-15,51.0,37.6,25.8,32.3,43.2,31.1,37.3,2006-06-14 23:28:00,2006-06-15 13:11:00,49421.32,46041.56,0.1,0.1,0.0,1.0,11.0,25.6,227.0,26.19,6.27
Vishākhapatnam,2011-11-04,0.0,29.5,20.5,25.0,31.2,22.6,26.9,2011-11-04 00:27:00,2011-11-04 11:54:00,41229.15,37886.03,0.0,0.0,0.0,0.0,14.5,28.8,49.0,20.91,4.67
Ahmedabad,1984-09-03,51.0,29.3,23.4,26.5,32.0,26.8,29.3,1984-09-03 00:52:00,1984-09-03 13:25:00,45156.66,29440.53,1.4,1.4,0.0,9.0,18.3,34.6,248.0,12.6,3.33
Chandīgarh,1988-12-19,53.0,20.6,12.7,15.9,18.8,10.7,14.4,1988-12-19 01:45:00,1988-12-19 11:54:00,36556.36,10015.87,2.4,2.4,0.0,10.0,11.3,24.1,86.0,5.82,1.63
Vishākhapatnam,2020-12-20,1.0,27.4,17.3,22.1,27.4,17.8,22.6,2020-12-20 00:52:00,2020-12-20 11:56:00,39849.84,37044.82,0.0,0.0,0.0,0.0,15.2,32.0,45.0,18.15,3.95
Pimpri-Chinchwad,2020-11-02,51.0,28.6,19.0,23.6,31.3,20.2,25.9,2020-11-02 01:05:00,2020-11-02 12:31:00,41157.91,36696.65,0.1,0.1,0.0,1.0,9.4,24.1,59.0,17.73,3.63
Sūrat,1982-07-10,61.0,30.5,26.4,28.3,34.4,30.3,31.9,1982-07-10 00:33:00,1982-07-10 13:54:00,48049.14,34330.48,5.5,5.5,0.0,15.0,25.8,42.8,209.0,17.88,4.38
Thāne,1988-03-30,2.0,33.6,21.4,26.6,37.1,25.0,30.0,1988-03-30 01:03:00,1988-03-30 13:21:00,44288.29,41703.44,0.0,0.0,0.0,0.0,15.3,29.5,285.0,26.43,5.81
Vijayavāda,1984-04-26,2.0,38.4,27.3,32.2,43.3,33.3,36.7,1984-04-26 00:15:00,1984-04-26 12:55:00,45612.7,40100.56,0.0,0.0,0.0,0.0,12.6,29.5,184.0,24.13,6.17
Ahmedabad,1993-10-27,51.0,32.5,23.3,27.8,36.8,26.2,31.6,1993-10-27 01:11:00,1993-10-27 12:35:00,40973.59,36705.64,0.2,0.2,0.0,1.0,5.2,21.6,43.0,18.57,3.95
Bangalore,2002-07-26,3.0,27.7,18.4,23.1,26.0,18.9,22.8,2002-07-26 00:33:00,2002-07-26 13:18:00,45871.12,41378.47,0.0,0.0,0.0,0.0,23.9,52.6,280.0,18.81,4.76
Supaul,2005-10-04,63.0,24.0,22.5,23.2,27.7,25.5,26.6,2005-10-04 00:07:00,2005-10-04 11:57:00,42589.8,0.0,60.1,60.1,0.0,24.0,15.1,28.4,62.0,2.26,0.64
Vārānasi,1984-08-20,3.0,30.6,26.1,27.9,34.1,30.4,32.0,1984-08-20 00:03:00,1984-08-20 12:59:00,46499.38,33031.97,0.0,0.0,0.0,0.0,16.2,31.7,236.0,15.06,3.68
Alīgarh,2004-05-09,1.0,40.5,25.8,33.8,40.9,26.0,34.0,2004-05-09 00:01:00,2004-05-09 13:26:00,48297.28,43940.94,0.0,0.0,0.0,0.0,18.3,36.0,269.0,25.24,8.3
Amritsar,1989-05-27,0.0,40.8,21.0,32.2,40.4,20.8,31.5,1989-05-26 23:57:00,1989-05-27 13:57:00,50414.38,46625.79,0.0,0.0,0.0,0.0,12.8,25.9,329.0,28.86,7.67
Mirzāpur,1983-01-14,1.0,20.0,7.7,13.9,19.7,5.7,12.6,1983-01-14 01:17:00,1983-01-14 12:00:00,38608.81,35074.1,0.0,0.0,0.0,0.0,9.5,14.4,91.0,16.78,2.74
Supaul,2012-09-14,65.0,26.3,24.2,24.9,30.6,27.4,29.0,2012-09-13 23:58:00,2012-09-14 12:19:00,44389.63,0.0,154.3,154.3,0.0,24.0,19.8,34.2,95.0,1.99,0.52
Najafgarh,1990-07-03,63.0,31.2,25.8,27.7,35.7,30.0,32.6,1990-07-02 23:58:00,1990-07-03 13:53:00,50110.5,8277.51,19.9,19.9,0.0,21.0,16.9,44.6,92.0,9.83,2.46
Mirzāpur,2014-10-10,1.0,33.9,24.8,29.2,38.0,28.1,32.4,2014-10-10 00:25:00,2014-10-10 12:08:00,42123.01,38735.36,0.0,0.0,0.0,0.0,10.4,20.5,318.0,18.68,4.68
Mirzāpur,2004-06-11,63.0,32.8,25.9,29.8,38.3,31.3,35.1,2004-06-10 23:39:00,2004-06-11 13:19:00,49236.62,39555.37,23.0,23.0,0.0,15.0,14.5,28.1,52.0,16.52,4.08
Delhi,2003-03-17,1.0,30.4,16.3,23.3,32.5,15.6,22.9,2003-03-17 00:59:00,2003-03-17 13:00:00,43291.79,40528.25,0.0,0.0,0.0,0.0,10.4,30.2,29.0,21.91,4.99
Jabalpur,2015-10-23,3.0,31.9,20.8,26.2,35.1,22.6,28.4,2015-10-23 00:40:00,2015-10-23 12:08:00,41269.84,38601.63,0.0,0.0,0.0,0.0,8.3,19.4,88.0,18.36,4.26
Nāsik,2020-11-05,0.0,29.5,15.7,22.5,30.8,15.4,22.2,2020-11-05 01:08:00,2020-11-05 12:28:00,40785.91,37621.87,0.0,0.0,0.0,0.0,9.3,24.8,58.0,20.15,4.55
Lucknow,1989-06-23,63.0,33.0,25.8,28.4,36.9,30.0,32.7,1989-06-22 23:43:00,1989-06-23 13:33:00,49775.19,27952.51,28.6,28.6,0.0,16.0,21.0,50.0,62.0,14.49,3.76
Thāne,2015-02-21,0.0,36.0,18.9,27.5,37.1,19.4,28.0,2015-02-21 01:33:00,2015-02-21 13:10:00,41841.6,38918.25,0.0,0.0,0.0,0.0,12.9,25.2,27.0,22.43,5.85
Najafgarh,1992-06-06,1.0,43.5,29.6,36.9,43.5,29.1,36.2,1992-06-05 23:53:00,1992-06-06 13:47:00,50032.75,41200.2,0.0,0.0,0.0,0.0,17.2,35.3,303.0,26.48,9.17
Guwāhāti,1994-06-16,63.0,30.8,25.6,27.5,38.0,31.4,33.9,1994-06-15 23:00:00,1994-06-16 12:46:00,49580.4,13917.4,21.4,21.4,0.0,22.0,11.3,19.4,49.0,11.96,2.59
Jaipur,1992-06-24,0.0,38.4,29.0,33.7,40.0,29.2,34.5,1992-06-24 00:04:00,1992-06-24 13:53:00,49784.94,43200.0,0.0,0.0,0.0,0.0,22.4,39.6,253.0,25.47,9.16
Hyderābād,2018-08-05,51.0,30.7,23.4,26.9,31.1,23.9,27.7,2018-08-05 00:26:00,2018-08-05 13:17:00,46250.0,41273.52,0.8,0.8,0.0,7.0,26.1,52.2,279.0,20.27,5.67
Thāne,2005-10-09,0.0,34.4,22.4,28.1,38.9,25.5,31.8,2005-10-09 01:00:00,2005-10-09 12:49:00,42548.54,39289.61,0.0,0.0,0.0,0.0,11.2,23.0,15.0,22.03,5.06
Bhopāl,2015-04-08,53.0,34.3,22.6,28.1,36.0,21.7,28.1,2015-04-08 00:36:00,2015-04-08 13:08:00,45130.62,42016.32,0.7,0.7,0.0,1.0,14.6,33.5,50.0,23.62,6.58
Vārānasi,1994-08-28,63.0,32.1,25.2,28.1,39.0,30.8,34.4,1994-08-28 00:06:00,1994-08-28 12:51:00,45877.52,31976.89,6.1,6.1,0.0,8.0,10.7,24.5,35.0,17.47,3.74
Nāsik,2018-11-24,1.0,30.5,17.0,23.5,31.1,16.7,23.3,2018-11-24 01:18:00,2018-11-24 12:23:00,39889.77,36222.73,0.0,0.0,0.0,0.0,9.7,24.8,21.0,17.72,4.17
Thāne,1993-04-18,1.0,36.5,23.0,29.3,41.1,26.9,33.0,1993-04-18 00:48:00,1993-04-18 13:26:00,45487.49,42591.35,0.0,0.0,0.0,0.0,17.8,32.8,299.0,26.2,6.45
Kanpur,1989-11-29,0.0,23.6,10.6,17.5,22.9,9.3,16.6,1989-11-29 01:08:00,1989-11-29 11:46:00,38251.58,34948.58,0.0,0.0,0.0,0.0,8.0,16.2,287.0,15.98,2.82
Mirzāpur,2019-09-11,63.0,31.2,26.4,28.7,38.6,32.0,35.4,2019-09-11 00:14:00,2019-09-11 12:39:00,44670.36,13884.5,12.1,12.1,0.0,17.0,13.0,30.2,73.0,12.74,2.8
Gwalior,1985-08-18,61.0,29.7,25.1,26.9,34.1,29.7,31.9,1985-08-18 00:21:00,1985-08-18 13:21:00,46794.8,13028.71,8.7,8.7,0.0,14.0,14.8,30.2,288.0,10.08,2.27
Thāne,2011-11-16,0.0,34.0,21.0,27.5,34.8,20.8,28.0,2011-11-16 01:15:00,2011-11-16 12:29:00,40392.57,36491.63,0.0,0.0,0.0,0.0,11.5,21.6,27.0,19.31,5.17
Amritsar,2013-08-10,63.0,30.1,24.7,27.6,36.9,29.6,33.5,2013-08-10 00:22:00,2013-08-10 13:49:00,48397.42,34763.6,16.5,16.5,0.0,14.0,10.7,24.1,126.0,14.33,3.03
Mirzāpur,1991-04-11,1.0,34.2,20.9,27.9,34.8,22.1,28.0,1991-04-11 00:11:00,1991-04-11 12:50:00,45518.96,41647.54,0.0,0.0,0.0,0.0,13.4,29.5,281.0,24.53,6.49
Ahmedabad,1982-12-07,0.0,26.9,13.8,19.5,27.2,12.2,19.1,1982-12-07 01:37:00,1982-12-07 12:24:00,38789.78,35906.18,0.0,0.0,0.0,0.0,10.7,25.6,22.0,16.53,3.42
Rānchi,2003-04-07,1.0,32.6,19.0,26.0,34.2,18.5,26.4,2003-04-07 00:05:00,2003-04-07 12:36:00,45055.36,39812.06,0.0,0.0,0.0,0.0,10.5,26.6,286.0,24.39,5.89
Hāora,2000-01-28,2.0,28.4,14.9,21.5,28.3,15.0,21.8,2000-01-28 00:47:00,2000-01-28 11:51:00,39862.3,37012.43,0.0,0.0,0.0,0.0,11.2,22.0,202.0,17.9,3.88
Patna,2024-04-29,1.0,42.0,26.5,35.3,38.6,23.8,32.5,2024-04-28 23:44:00,2024-04-29 12:49:00,47131.93,41831.36,0.0,0.0,0.0,0.0,27.4,50.0,270.0,24.38,10.46
Vārānasi,2022-04-30,1.0,44.3,26.5,34.1,44.4,28.4,34.8,2022-04-29 23:52:00,2022-04-30 12:57:00,47128.25,40734.64,0.0,0.0,0.0,0.0,28.8,49.0,59.0,22.92,8.18
Delhi,1984-08-20,51.0,31.5,25.9,28.6,37.8,30.8,34.3,1984-08-20 00:23:00,1984-08-20 13:25:00,46942.18,41531.1,0.2,0.2,0.0,2.0,12.9,27.4,100.0,17.92,3.94
Thāne,1992-08-20,51.0,26.1,24.5,25.1,29.5,28.0,28.9,1992-08-20 00:50:00,1992-08-20 13:32:00,45721.69,170.73,2.6,2.6,0.0,12.0,16.9,39.6,243.0,7.13,1.61
Guwāhāti,2019-07-06,65.0,31.2,26.3,28.6,36.7,31.9,34.1,2019-07-05 23:05:00,2019-07-06 12:49:00,49386.54,23604.79,39.5,39.5,0.0,15.0,19.3,37.1,83.0,15.39,3.52
Pune,2023-12-27,1.0,30.4,16.5,22.6,29.8,15.8,22.2,2023-12-27 01:34:00,2023-12-27 12:35:00,39676.8,36081.86,0.0,0.0,0.0,0.0,12.1,28.1,86.0,17.69,4.33
Bilāspur,2001-09-15,51.0,31.9,24.7,28.3,39.7,30.5,34.4,2001-09-15 00:18:00,2001-09-15 12:35:00,44199.17,39600.0,0.6,0.6,0.0,3.0,6.0,17.6,328.0,20.02,4.27
Mumbai,1991-05-21,1.0,34.0,26.8,29.8,40.6,32.7,35.7,1991-05-21 00:32:00,1991-05-21 13:38:00,47155.58,43200.0,0.0,0.0,0.0,0.0,21.1,37.4,300.0,26.06,5.81
Pune,2001-12-29,1.0,28.5,17.6,23.0,28.9,17.5,23.0,2001-12-29 01:35:00,2001-12-29 12:37:00,39701.48,36148.79,0.0,0.0,0.0,0.0,9.0,27.7,85.0,14.61,3.4
Amritsar,2006-02-18,1.0,27.0,14.4,20.7,27.4,14.0,20.8,2006-02-18 01:39:00,2006-02-18 12:49:00,40192.91,32774.53,0.0,0.0,0.0,0.0,9.4,19.8,297.0,15.11,3.25
Ghāziābād,2014-08-17,2.0,33.3,25.8,29.6,37.0,29.3,33.0,2014-08-17 00:20:00,2014-08-17 13:28:00,47250.84,42855.37,0.0,0.0,0.0,0.0,13.4,27.4,274.0,19.89,5.11
Bangalore,1996-04-05,1.0,33.0,18.3,25.6,32.0,19.4,25.1,1996-04-05 00:43:00,1996-04-05 13:01:00,44312.45,41820.08,0.0,0.0,0.0,0.0,15.9,34.6,119.0,27.65,7.13
Jabalpur,1984-11-25,0.0,25.7,12.7,18.8,23.8,11.4,17.2,1984-11-25 01:00:00,1984-11-25 11:53:00,39175.78,36346.5,0.0,0.0,0.0,0.0,12.9,29.2,45.0,17.54,3.95
Farīdābād,2019-04-05,1.0,37.4,20.8,28.9,40.1,21.5,29.7,2019-04-05 00:36:00,2019-04-05 13:10:00,45245.91,36000.0,0.0,0.0,0.0,0.0,25.6,46.1,324.0,22.44,6.03
Pimpri-Chinchwad,1986-07-14,53.0,24.9,21.5,22.5,25.9,22.8,24.0,1986-07-14 00:36:00,1986-07-14 13:45:00,47350.01,9007.88,2.0,2.0,0.0,7.0,26.3,50.4,272.0,9.6,1.88
Supaul,2006-10-23,61.0,28.9,18.9,23.3,33.2,21.1,26.2,2006-10-23 00:16:00,2006-10-23 11:39:00,40920.92,36214.62,2.1,2.1,0.0,2.0,7.1,19.8,307.0,17.95,3.51
Gwalior,1994-10-02,0.0,33.8,20.0,26.7,34.2,19.9,26.9,1994-10-02 00:40:00,1994-10-02 12:33:00,42799.97,39460.92,0.0,0.0,0.0,0.0,16.4,31.3,295.0,22.02,5.91
Farīdābād,1992-10-21,0.0,32.2,17.4,25.2,31.0,16.9,24.4,1992-10-21 00:55:00,1992-10-21 12:15:00,40792.18,38003.55,0.0,0.0,0.0,0.0,15.8,31.7,309.0,17.91,5.05
Vadodara,2003-07-01,53.0,31.8,25.7,28.7,36.2,31.3,33.7,2003-07-01 00:26:00,2003-07-01 13:55:00,48522.9,39627.6,1.8,1.8,0.0,10.0,14.4,31.7,201.0,17.38,4.07
Ghāziābād,1996-02-06,1.0,25.2,8.6,16.6,23.0,6.5,14.8,1996-02-06 01:36:00,1996-02-06 12:32:00,39429.43,35981.78,0.0,0.0,0.0,0.0,13.0,27.7,307.0,17.59,3.69
Meerut,2020-11-06,0.0,29.2,12.3,20.0,27.2,10.9,18.5,2020-11-06 01:05:00,2020-11-06 11:59:00,39231.43,35117.71,0.0,0.0,0.0,0.0,13.3,27.0,297.0,15.92,3.99
Bilāspur,1980-12-29,1.0,25.9,16.5,21.1,26.9,16.9,21.7,1980-12-29 01:09:00,1980-12-29 11:57:00,38862.66,35719.03,0.0,0.0,0.0,0.0,9.5,22.7,39.0,15.36,3.07
Patna,2002-01-10,0.0,23.8,10.9,16.7,23.2,9.4,15.7,2002-01-10 01:07:00,2002-01-10 11:46:00,38338.18,35102.65,0.0,0.0,0.0,0.0,12.7,23.4,270.0,16.07,3.06
Vārānasi,2012-03-08,0.0,30.5,15.1,23.3,30.6,13.5,21.7,2012-03-08 00:43:00,2012-03-08 12:33:00,42593.25,39216.01,0.0,0.0,0.0,0.0,8.9,17.6,230.0,22.41,5.32
Chennai,1985-01-12,51.0,26.8,19.4,23.8,29.0,22.1,26.0,1985-01-12 01:04:00,1985-01-12 12:29:00,41104.6,37311.55,0.2,0.2,0.0,2.0,16.6,29.9,68.0,16.0,3.39
Vasai-Virar,2014-07-13,61.0,28.0,25.5,26.5,32.7,30.1,31.2,2014-07-13 00:38:00,2014-07-13 13:50:00,47538.29,28545.02,11.9,11.9,0.0,17.0,17.1,37.1,211.0,12.41,2.48
Jabalpur,1991-12-04,1.0,25.3,10.4,17.5,23.4,8.0,15.1,1991-12-04 01:06:00,1991-12-04 11:54:00,38849.03,34887.63,0.0,0.0,0.0,0.0,10.1,20.2,37.0,16.6,3.75
Lucknow,2009-02-21,0.0,31.0,15.2,23.1,27.5,12.9,19.5,2009-02-21 01:07:00,2009-02-21 12:32:00,41097.8,37756.08,0.0,0.0,0.0,0.0,25.9,45.4,288.0,20.87,7.29
Farīdābād,1993-07-29,1.0,34.2,25.6,30.4,41.8,31.3,36.5,1993-07-29 00:10:00,1993-07-29 13:43:00,48749.19,43200.0,0.0,0.0,0.0,0.0,9.4,18.0,129.0,21.22,4.82
Kalyān,2024-04-07,0.0,40.4,21.8,30.5,39.7,22.3,30.1,2024-04-07 00:55:00,2024-04-07 13:22:00,44823.84,41798.57,0.0,0.0,0.0,0.0,20.1,43.9,311.0,25.02,7.59
Ahmedabad,2008-03-20,0.0,36.2,19.2,28.0,37.4,19.5,27.8,2008-03-20 01:13:00,2008-03-20 13:20:00,43652.86,40322.29,0.0,0.0,0.0,0.0,8.7,19.4,288.0,25.14,6.02
Vijayavāda,1984-06-23,2.0,35.4,29.7,32.3,38.2,31.4,34.4,1984-06-23 00:06:00,1984-06-23 13:12:00,47193.02,41512.82,0.0,0.0,0.0,0.0,25.0,46.8,274.0,21.09,6.83
Ludhiāna,2020-05-28,61.0,38.5,28.0,32.0,39.2,27.2,32.8,2020-05-27 23:55:00,2020-05-28 13:53:00,50289.21,38606.29,2.4,2.4,0.0,1.0,27.5,56.2,124.0,21.85,7.96
Jaipur,1982-05-14,0.0,30.2,18.6,24.5,34.2,20.6,26.4,1982-05-14 00:09:00,1982-05-14 13:36:00,48399.74,43496.88,0.0,0.0,0.0,0.0,13.4,22.7,68.0,27.64,6.0
Vadodara,1990-10-09,1.0,34.0,23.9,28.3,40.2,27.4,33.0,1990-10-09 01:01:00,1990-10-09 12:48:00,42392.57,36956.56,0.0,0.0,0.0,0.0,9.2,23.8,347.0,20.68,4.58
Guwāhāti,2000-06-01,61.0,29.6,23.3,26.2,37.0,28.4,31.8,2000-05-31 23:00:00,2000-06-01 12:40:00,49230.02,35776.21,7.5,7.5,0.0,13.0,10.5,36.7,339.0,15.05,3.07
Bhopāl,1984-10-18,0.0,31.2,17.5,24.2,30.1,15.6,22.4,1984-10-18 00:48:00,1984-10-18 12:22:00,41604.83,38952.25,0.0,0.0,0.0,0.0,12.0,27.4,342.0,21.49,5.9
Haldwāni,1998-10-28,0.0,26.1,13.3,19.4,27.6,13.5,20.5,1998-10-28 00:51:00,1998-10-28 11:59:00,40071.59,37228.39,0.0,0.0,0.0,0.0,11.5,28.4,289.0,18.13,3.43
Alīgarh,2008-11-02,0.0,31.0,16.2,23.4,31.4,16.1,24.1,2008-11-02 00:59:00,2008-11-02 12:03:00,39774.74,36940.05,0.0,0.0,0.0,0.0,10.5,23.0,277.0,17.61,3.84
Alīgarh,2019-06-21,1.0,37.9,25.8,32.9,41.4,29.6,36.4,2019-06-20 23:52:00,2019-06-21 13:46:00,50066.96,41210.69,0.0,0.0,0.0,0.0,9.4,19.1,301.0,22.45,5.89
Dhanbād,1982-05-20,1.0,39.3,23.5,32.1,40.8,23.5,32.2,1982-05-19 23:30:00,1982-05-20 12:51:00,48094.77,43701.8,0.0,0.0,0.0,0.0,8.3,22.3,300.0,27.16,6.66
Madurai,2023-11-17,2.0,31.6,23.8,27.4,35.3,28.6,31.2,2023-11-17 00:42:00,2023-11-17 12:22:00,41971.17,39355.12,0.0,0.0,0.0,0.0,15.6,33.5,53.0,20.22,4.63
Thāne,2022-04-16,3.0,36.0,23.3,28.3,40.5,28.6,32.8,2022-04-16 00:50:00,2022-04-16 13:25:00,45359.27,40563.95,0.0,0.0,0.0,0.0,18.6,39.2,260.0,25.67,6.03
Kolkāta,2018-09-27,61.0,31.5,26.1,28.4,38.9,32.9,35.0,2018-09-26 23:56:00,2018-09-27 11:58:00,43291.12,38234.43,2.6,2.6,0.0,7.0,11.8,25.6,196.0,16.38,3.4
Sūrat,2010-06-18,3.0,32.9,28.0,30.4,37.9,33.2,35.8,2010-06-18 00:27:00,2010-06-18 13:52:00,48312.7,39669.56,0.0,0.0,0.0,0.0,18.3,26.6,266.0,14.82,3.91
Prayagraj,2019-10-15,1.0,30.3,22.3,26.1,34.6,26.0,30.0,2019-10-15 00:31:00,2019-10-15 12:06:00,41692.51,38194.9,0.0,0.0,0.0,0.0,8.0,15.8,79.0,17.09,3.58
Hāora,2000-12-19,1.0,26.6,12.8,20.0,26.3,12.3,19.9,2000-12-19 00:41:00,2000-12-19 11:26:00,38694.0,35666.11,0.0,0.0,0.0,0.0,10.0,23.0,325.0,16.31,3.37
Kanpur,1981-08-27,1.0,33.1,25.6,29.0,37.2,28.5,32.3,1981-08-27 00:16:00,1981-08-27 13:04:00,46075.19,41508.67,0.0,0.0,0.0,0.0,17.8,36.4,267.0,22.97,5.73
Vārānasi,2012-03-27,1.0,38.3,18.4,29.4,37.6,18.1,28.5,2012-03-27 00:24:00,2012-03-27 12:42:00,44296.17,39628.45,0.0,0.0,0.0,0.0,11.9,26.3,289.0,25.21,6.91
Jabalpur,2015-02-09,53.0,23.9,14.7,19.1,25.1,14.8,19.5,2015-02-09 01:16:00,2015-02-09 12:32:00,40561.57,36212.97,2.0,2.0,0.0,7.0,8.4,29.2,59.0,15.6,2.92
Haldwāni,2014-02-20,0.0,21.4,6.7,14.4,22.2,5.0,14.2,2014-02-20 01:16:00,2014-02-20 12:34:00,40714.23,36771.05,0.0,0.0,0.0,0.0,8.4,22.3,288.0,19.66,3.28
Vijayavāda,2008-12-21,3.0,29.8,19.5,24.2,33.6,22.8,27.3,2008-12-21 01:01:00,2008-12-21 12:09:00,40119.58,35560.07,0.0,0.0,0.0,0.0,10.0,19.1,144.0,18.09,3.68
Nāsik,2013-08-22,51.0,25.2,21.4,22.7,26.4,22.8,24.1,2013-08-22 00:46:00,2013-08-22 13:28:00,45699.31,20754.17,0.7,0.7,0.0,5.0,22.1,49.3,267.0,11.86,2.54
Vasai-Virar,2013-08-30,51.0,27.8,24.7,26.1,34.0,29.2,31.2,2013-08-30 00:53:00,2013-08-30 13:25:00,45132.18,39500.3,0.3,0.3,0.0,2.0,13.2,30.2,229.0,16.52,3.16
Amritsar,1996-05-17,53.0,35.3,21.3,28.6,36.4,22.2,30.1,1996-05-17 00:02:00,1996-05-17 13:51:00,49754.07,44358.05,2.0,2.0,0.0,7.0,9.5,25.9,306.0,26.26,6.3
Ahmedabad,1991-12-22,0.0,27.8,14.9,21.1,27.5,14.3,20.4,1991-12-22 01:46:00,1991-12-22 12:29:00,38588.42,35370.48,0.0,0.0,0.0,0.0,11.0,22.7,329.0,15.85,3.75
Vadodara,2013-05-05,0.0,39.3,25.8,32.2,39.5,29.7,33.9,2013-05-05 00:32:00,2013-05-05 13:35:00,46982.94,43200.0,0.0,0.0,0.0,0.0,16.6,34.6,222.0,27.6,8.03
Vārānasi,2018-07-03,55.0,33.8,28.1,30.7,38.3,31.4,35.1,2018-07-02 23:41:00,2018-07-03 13:22:00,49241.0,32007.0,2.7,2.7,0.0,6.0,22.7,46.8,243.0,18.78,5.3
Vārānasi,1985-11-24,0.0,26.6,13.1,19.2,25.9,12.4,18.5,1985-11-24 00:51:00,1985-11-24 11:37:00,38759.5,35212.73,0.0,0.0,0.0,0.0,10.4,22.7,270.0,16.69,3.55
Meerut,2018-09-18,0.0,32.2,21.2,26.3,35.9,23.9,29.6,2018-09-18 00:35:00,2018-09-18 12:51:00,44128.19,40096.05,0.0,0.0,0.0,0.0,16.0,30.6,300.0,22.29,4.91
Srīnagar,1988-12-24,51.0,4.1,-1.8,0.4,1.0,-5.6,-3.0,1988-12-24 02:03:00,1988-12-24 11:56:00,35580.76,30180.71,0.2,0.2,0.0,1.0,4.3,15.5,266.0,9.83,1.11
Madurai,2023-09-23,53.0,33.4,23.9,28.0,40.2,28.2,32.9,2023-09-23 00:36:00,2023-09-23 12:43:00,43599.43,37002.2,1.3,1.3,0.0,4.0,17.4,34.9,272.0,21.7,4.77
Vishākhapatnam,2020-06-26,51.0,31.8,26.5,28.9,37.7,32.5,34.5,2020-06-25 23:54:00,2020-06-26 13:05:00,47454.42,40644.29,1.4,1.4,0.0,7.0,18.2,39.2,203.0,22.7,4.83
Lucknow,2011-12-26,0.0,20.5,6.0,13.6,19.7,3.9,12.2,2011-12-26 01:22:00,2011-12-26 11:50:00,37644.09,34129.59,0.0,0.0,0.0,0.0,8.8,13.7,296.0,15.37,2.52
Mirzāpur,2018-09-30,0.0,34.6,23.7,28.6,36.6,25.2,30.3,2018-09-30 00:21:00,2018-09-30 12:18:00,42991.6,39361.18,0.0,0.0,0.0,0.0,15.3,29.2,255.0,21.66,5.9
Jaipur,1998-09-11,53.0,33.8,24.9,28.7,38.8,28.4,32.6,1998-09-11 00:40:00,1998-09-11 13:06:00,44757.58,40911.42,1.5,1.5,0.0,3.0,10.9,26.6,124.0,19.15,4.54
Thāne,2019-12-26,1.0,32.0,19.3,25.5,34.7,20.1,26.7,2019-12-26 01:39:00,2019-12-26 12:37:00,39507.09,34930.18,0.0,0.0,0.0,0.0,14.1,28.1,340.0,15.59,4.08
Bilāspur,1996-01-09,51.0,24.7,14.9,20.5,26.7,15.6,22.0,1996-01-09 01:12:00,1996-01-09 12:04:00,39103.27,35557.43,0.2,0.2,0.0,2.0,6.7,18.4,68.0,13.4,2.49
Najafgarh,2017-08-28,61.0,30.0,26.2,27.8,35.4,29.9,31.9,2017-08-28 00:28:00,2017-08-28 13:18:00,46183.87,24729.9,2.2,2.2,0.0,5.0,22.7,45.0,79.0,12.06,3.13
Mirzāpur,1982-06-25,1.0,38.7,29.0,33.5,41.0,31.1,36.0,1982-06-24 23:41:00,1982-06-25 13:23:00,49311.89,45527.88,0.0,0.0,0.0,0.0,19.4,35.3,265.0,24.71,7.88
Chandīgarh,2016-04-14,1.0,37.4,19.2,29.3,34.9,17.1,26.9,2016-04-14 00:25:00,2016-04-14 13:19:00,46466.73,42988.66,0.0,0.0,0.0,0.0,19.1,42.1,327.0,26.76,8.32
Amritsar,2011-04-03,51.0,28.2,12.5,20.4,28.3,10.9,19.0,2011-04-03 00:47:00,2011-04-03 13:20:00,45245.26,42383.71,0.1,0.1,0.0,1.0,14.0,24.1,22.0,22.53,5.09
Hāora,2007-01-01,0.0,25.7,11.2,18.6,24.7,10.3,17.8,2007-01-01 00:46:00,2007-01-01 11:33:00,38790.02,35347.36,0.0,0.0,0.0,0.0,9.9,24.5,313.0,16.7,3.42
Meerut,2000-06-28,51.0,33.6,26.4,30.2,40.6,31.1,35.8,2000-06-27 23:52:00,2000-06-28 13:51:00,50326.16,40369.39,0.1,0.1,0.0,1.0,14.9,37.1,99.0,19.87,4.67
Āgra,2020-05-16,1.0,39.2,26.2,32.5,39.2,25.7,32.0,2020-05-15 23:59:00,2020-05-16 13:29:00,48643.88,39451.37,0.0,0.0,0.0,0.0,17.3,33.8,308.0,21.81,7.43
Pimpri-Chinchwad,1997-05-03,1.0,34.5,19.5,27.0,36.5,19.7,27.7,1997-05-03 00:36:00,1997-05-03 13:27:00,46256.41,43200.0,0.0,0.0,0.0,0.0,16.3,33.8,299.0,27.14,6.57
Jabalpur,2008-10-27,0.0,32.0,15.4,23.7,30.9,15.2,22.5,2008-10-27 00:42:00,2008-10-27 12:05:00,40930.34,38242.94,0.0,0.0,0.0,0.0,11.6,26.6,1.0,20.5,5.22
Vadodara,2015-03-02,1.0,25.9,17.3,21.1,25.6,17.2,21.0,2015-03-02 01:28:00,2015-03-02 13:11:00,42203.59,38966.23,0.0,0.0,0.0,0.0,13.0,30.2,263.0,20.03,4.24
Kalyān,1990-10-05,53.0,29.1,22.7,25.4,34.4,27.2,30.1,1990-10-05 00:58:00,1990-10-05 12:52:00,42830.46,36702.45,1.5,1.5,0.0,7.0,9.8,26.3,227.0,18.6,3.72
Pimpri-Chinchwad,1984-12-09,0.0,30.7,17.1,23.7,31.2,15.4,23.2,1984-12-09 01:26:00,1984-12-09 12:28:00,39748.32,36025.48,0.0,0.0,0.0,0.0,10.9,27.0,37.0,18.44,4.5
Kalyān,1983-09-11,51.0,30.0,24.4,26.5,35.3,29.5,31.5,1983-09-11 00:53:00,1983-09-11 13:14:00,44410.9,35577.48,1.7,1.7,0.0,10.0,13.6,32.0,205.0,18.53,3.78
Srīnagar,1982-12-08,75.0,5.1,1.1,3.4,2.3,-1.8,0.7,1982-12-08 01:53:00,1982-12-08 11:51:00,35859.59,135.0,35.0,19.3,10.99,24.0,6.6,13.0,270.0,5.41,0.74
Kalyān,1984-05-10,3.0,37.5,24.8,30.2,41.2,30.4,34.8,1984-05-10 00:34:00,1984-05-10 13:32:00,46722.1,43200.0,0.0,0.0,0.0,0.0,15.6,36.0,266.0,26.49,6.47
Nāsik,2004-05-06,3.0,38.1,27.1,33.3,38.2,27.5,33.1,2004-05-06 00:32:00,2004-05-06 13:30:00,46657.99,43200.0,0.0,0.0,0.0,0.0,15.4,35.3,96.0,21.14,7.26
Vishākhapatnam,2020-06-25,51.0,31.7,26.5,28.9,37.4,33.1,34.9,2020-06-24 23:54:00,2020-06-25 13:05:00,47461.16,42165.36,1.9,1.9,0.0,10.0,18.5,38.5,185.0,22.98,4.82
Mirzāpur,2019-05-18,1.0,40.2,27.1,34.2,40.6,27.9,33.3,2019-05-17 23:44:00,2019-05-18 13:08:00,48278.93,41169.33,0.0,0.0,0.0,0.0,23.3,42.8,287.0,22.18,8.83
Jabalpur,2014-12-02,1.0,27.6,16.0,21.5,26.4,15.6,20.8,2014-12-02 01:05:00,2014-12-02 11:53:00,38904.55,36046.27,0.0,0.0,0.0,0.0,7.6,20.2,347.0,16.96,3.45
Alīgarh,1983-06-26,61.0,35.2,27.0,30.6,40.6,31.0,35.1,1983-06-25 23:53:00,1983-06-26 13:47:00,50046.13,43519.22,2.7,2.7,0.0,4.0,16.0,34.6,90.0,22.77,5.88
Amritsar,2024-06-08,2.0,39.0,24.4,32.2,39.3,24.3,32.0,2024-06-07 23:54:00,2024-06-08 14:04:00,50980.86,35886.32,0.0,0.0,0.0,0.0,10.8,25.6,296.0,19.49,6.45
Mirzāpur,2016-07-25,63.0,32.9,27.0,29.7,40.8,33.4,36.8,2016-07-24 23:54:00,2016-07-25 13:18:00,48261.28,40195.28,9.1,9.1,0.0,17.0,10.0,26.3,106.0,18.72,4.09
Amritsar,1993-01-24,0.0,17.4,1.9,9.5,14.5,-2.0,6.3,1993-01-24 01:57:00,1993-01-24 12:27:00,37778.24,34586.26,0.0,0.0,0.0,0.0,11.4,22.3,303.0,15.21,2.69
Chandīgarh,2009-10-25,0.0,28.0,12.3,20.2,25.8,10.2,18.1,2009-10-25 01:02:00,2009-10-25 12:11:00,40121.63,37245.46,0.0,0.0,0.0,0.0,14.8,29.9,352.0,18.43,4.59
Farīdābād,1982-11-28,0.0,23.6,9.3,16.0,20.7,6.5,13.5,1982-11-28 01:23:00,1982-11-28 11:54:00,37848.21,34062.62,0.0,0.0,0.0,0.0,12.8,28.4,295.0,15.16,3.44
Kanpur,1986-09-03,0.0,34.2,26.2,29.8,37.3,27.1,32.0,1986-09-03 00:19:00,1986-09-03 12:57:00,45467.36,40670.74,0.0,0.0,0.0,0.0,23.8,44.3,264.0,24.11,6.84
Hāora,2014-08-04,53.0,29.6,25.9,27.6,32.8,29.8,31.0,2014-08-03 23:39:00,2014-08-04 12:46:00,47205.52,26553.37,6.2,6.2,0.0,16.0,26.7,53.6,156.0,11.82,3.09
Lucknow,1997-01-15,51.0,18.5,6.4,12.9,16.2,4.0,10.8,1997-01-15 01:26:00,1997-01-15 12:04:00,38299.17,31145.65,0.1,0.1,0.0,1.0,9.4,18.0,314.0,11.41,2.14
Rānchi,1984-12-05,0.0,23.4,10.8,16.9,22.3,9.0,15.4,1984-12-05 00:46:00,1984-12-05 11:32:00,38744.61,35383.32,0.0,0.0,0.0,0.0,9.1,19.4,337.0,17.15,3.42
Vadodara,2000-11-24,0.0,32.9,16.7,25.0,32.5,15.6,24.0,2000-11-24 01:25:00,2000-11-24 12:22:00,39393.29,35966.58,0.0,0.0,0.0,0.0,10.8,17.3,5.0,17.72,4.71
Meerut,2008-01-14,2.0,21.4,9.0,14.3,16.7,5.1,10.3,2008-01-14 01:43:00,2008-01-14 12:11:00,37695.28,34648.34,0.0,0.0,0.0,0.0,20.8,41.4,300.0,14.67,3.88
Ghāziābād,2007-05-20,0.0,40.9,26.9,34.6,42.2,28.0,35.1,2007-05-19 23:57:00,2007-05-20 13:36:00,49190.19,45432.68,0.0,0.0,0.0,0.0,19.2,35.6,296.0,27.06,9.01
Jaipur,1986-09-14,51.0,33.4,23.5,28.3,35.6,26.6,30.7,1986-09-14 00:41:00,1986-09-14 13:03:00,44485.54,40970.49,0.1,0.1,0.0,1.0,12.9,29.2,300.0,20.1,5.22
Kolkāta,2022-10-13,65.0,29.8,24.2,26.2,36.9,29.6,32.1,2022-10-13 00:02:00,2022-10-13 11:43:00,42057.32,21886.23,12.7,12.7,0.0,7.0,14.4,29.2,80.0,13.13,2.64
Bangalore,2020-10-08,51.0,28.1,18.7,23.5,31.2,20.9,26.4,2020-10-08 00:39:00,2020-10-08 12:35:00,42928.98,39596.16,0.8,0.8,0.0,7.0,9.8,24.1,290.0,22.28,4.47
Vishākhapatnam,1993-05-11,0.0,34.7,28.2,30.9,39.4,33.0,35.0,1993-05-10 23:56:00,1993-05-11 12:50:00,46491.38,42678.12,0.0,0.0,0.0,0.0,32.7,57.6,217.0,25.35,6.37
Hyderābād,2010-05-20,61.0,32.5,24.7,28.5,34.4,29.0,31.7,2010-05-20 00:12:00,2010-05-20 13:12:00,46782.83,5206.22,5.8,5.8,0.0,13.0,13.2,40.7,35.0,9.53,3.18
Pune,2016-07-20,61.0,26.3,21.8,23.1,30.3,25.1,26.5,2016-07-20 00:38:00,2016-07-20 13:43:00,47112.54,13550.12,19.0,19.0,0.0,24.0,13.3,34.6,264.0,9.6,2.03
Supaul,1990-10-31,0.0,28.3,15.2,21.6,30.4,15.8,23.0,1990-10-31 00:21:00,1990-10-31 11:32:00,40260.73,36146.75,0.0,0.0,0.0,0.0,9.2,15.8,285.0,18.44,3.68
Vasai-Virar,1994-04-29,1.0,31.6,23.4,27.4,36.7,28.0,31.8,1994-04-29 00:41:00,1994-04-29 13:30:00,46139.11,42964.18,0.0,0.0,0.0,0.0,16.6,34.6,252.0,26.27,5.61
Meerut,2008-04-02,51.0,33.1,17.2,26.3,34.8,17.2,25.9,2008-04-02 00:37:00,2008-04-02 13:07:00,45046.02,40496.65,0.2,0.2,0.0,1.0,8.0,25.2,293.0,23.69,5.74
Bangalore,2021-04-01,1.0,35.3,20.2,27.6,34.9,21.7,27.1,2021-04-01 00:45:00,2021-04-01 13:01:00,44135.38,41649.19,0.0,0.0,0.0,0.0,14.8,34.6,303.0,27.04,7.13
Srīnagar,2005-09-16,51.0,26.1,14.8,21.0,28.4,14.9,22.0,2005-09-16 00:44:00,2005-09-16 13:06:00,44495.88,41610.42,0.8,0.8,0.0,3.0,5.9,17.3,252.0,21.63,4.13
Dhanbād,2001-04-16,61.0,33.8,21.5,27.7,39.0,25.4,31.3,2001-04-15 23:52:00,2001-04-16 12:36:00,45841.82,42310.66,2.7,2.7,0.0,2.0,8.7,22.7,199.0,24.23,5.26
Thāne,2021-04-05,3.0,37.0,22.5,28.6,41.7,25.7,32.6,2021-04-05 00:58:00,2021-04-05 13:22:00,44678.34,39600.0,0.0,0.0,0.0,0.0,19.7,40.0,316.0,22.98,5.67
Rānchi,1999-06-09,55.0,35.8,25.2,30.6,40.6,28.9,34.1,1999-06-08 23:31:00,1999-06-09 13:03:00,48735.48,43367.51,1.3,1.3,0.0,2.0,18.4,28.1,132.0,23.4,5.97
Vadodara,1993-12-10,0.0,32.6,16.9,24.6,31.4,15.5,23.0,1993-12-10 01:36:00,1993-12-10 12:24:00,38877.15,35997.57,0.0,0.0,0.0,0.0,8.4,21.6,61.0,16.95,4.58
Mirzāpur,1991-04-18,0.0,35.2,19.8,27.5,32.1,17.0,24.2,1991-04-18 00:05:00,1991-04-18 12:53:00,46101.81,43377.31,0.0,0.0,0.0,0.0,18.4,38.5,272.0,28.34,8.57
Patna,2014-03-31,1.0,35.7,21.8,28.5,30.9,19.6,25.2,2014-03-31 00:12:00,2014-03-31 12:35:00,44618.56,40607.21,0.0,0.0,0.0,0.0,29.7,54.7,274.0,25.37,9.33
Pune,1980-02-03,0.0,27.0,13.5,19.6,27.0,14.2,19.6,1980-02-03 01:37:00,1980-02-03 12:58:00,40877.11,38202.66,0.0,0.0,0.0,0.0,13.6,33.5,268.0,21.08,4.27
Kolkāta,1995-04-13,51.0,37.1,25.9,31.4,39.5,30.0,33.8,1995-04-12 23:48:00,1995-04-13 12:25:00,45451.29,42566.8,0.1,0.1,0.0,1.0,15.7,33.5,227.0,23.08,6.63
Vijayavāda,1983-02-19,3.0,34.2,22.2,27.7,37.1,26.4,30.7,1983-02-19 01:01:00,1983-02-19 12:41:00,41985.55,37476.68,0.0,0.0,0.0,0.0,14.0,31.3,170.0,20.59,5.14
Lucknow,2005-02-27,0.0,29.0,14.6,21.7,26.9,12.3,19.7,2005-02-27 01:02:00,2005-02-27 12:35:00,41645.88,38169.29,0.0,0.0,0.0,0.0,19.8,35.3,295.0,20.97,5.57
Indore,2004-11-11,53.0,29.8,19.5,23.6,33.0,22.2,26.2,2004-11-11 01:07:00,2004-11-11 12:13:00,39990.98,35178.46,1.3,1.3,0.0,4.0,7.1,19.8,153.0,15.44,3.1
Kanpur,1987-05-02,53.0,37.6,20.7,29.3,38.0,21.9,29.2,1987-05-02 00:00:00,1987-05-02 13:11:00,47429.45,42695.32,1.6,1.6,0.0,6.0,30.4,55.8,82.0,24.5,7.95
Supaul,1980-07-05,63.0,30.5,25.7,27.7,37.1,31.1,33.6,1980-07-04 23:26:00,1980-07-05 13:09:00,49388.21,17517.93,23.2,23.2,0.0,20.0,11.9,27.0,105.0,11.8,2.65
Farīdābād,2017-01-27,51.0,18.3,10.5,14.4,15.9,8.8,12.7,2017-01-27 01:40:00,2017-01-27 12:26:00,38727.97,33792.53,0.1,0.1,0.0,1.0,19.2,37.4,292.0,11.93,2.17
Jaipur,2003-07-20,63.0,30.9,24.5,26.9,35.7,29.0,31.8,2003-07-20 00:14:00,2003-07-20 13:51:00,48986.4,8923.93,16.8,16.8,0.0,20.0,16.3,28.4,249.0,10.11,2.37
Indore,2022-03-19,2.0,36.0,19.8,28.4,36.8,18.5,27.1,2022-03-19 01:01:00,2022-03-19 13:07:00,43544.76,38168.75,0.0,0.0,0.0,0.0,14.8,29.2,317.0,19.73,6.1
Thāne,1994-10-14,53.0,28.9,23.4,26.3,33.7,28.2,31.0,1994-10-14 01:01:00,1994-10-14 12:46:00,42249.97,36177.28,2.7,2.7,0.0,10.0,9.4,25.2,235.0,16.82,3.41
Jaipur,1998-02-14,3.0,29.2,12.3,21.6,26.2,10.3,19.6,1998-02-14 01:33:00,1998-02-14 12:47:00,40442.11,28800.0,0.0,0.0,0.0,0.0,19.8,38.2,171.0,16.17,4.66
Ludhiāna,1980-08-18,53.0,31.8,23.7,27.7,38.6,29.1,33.6,1980-08-18 00:24:00,1980-08-18 13:36:00,47485.19,43200.0,1.4,1.4,0.0,3.0,10.5,28.1,297.0,22.33,4.64
Bangalore,2019-09-30,53.0,27.7,19.5,23.2,30.1,21.5,25.4,2019-09-30 00:38:00,2019-09-30 12:40:00,43300.56,39783.64,2.5,2.5,0.0,10.0,17.4,34.2,141.0,21.83,4.39
Pune,2023-07-20,51.0,26.9,23.1,24.4,27.7,24.5,25.9,2023-07-20 00:37:00,2023-07-20 13:43:00,47138.73,31084.57,2.5,2.5,0.0,15.0,32.3,60.5,260.0,18.38,3.59
Guwāhāti,2022-02-20,63.0,23.8,12.0,17.9,23.3,11.7,17.3,2022-02-20 00:24:00,2022-02-20 11:48:00,41063.67,34575.86,4.7,4.7,0.0,6.0,13.8,29.2,28.0,14.74,3.06
Bangalore,2002-12-15,1.0,27.5,12.7,19.6,25.6,10.8,18.0,2002-12-15 01:03:00,2002-12-15 12:25:00,40920.36,38034.6,0.0,0.0,0.0,0.0,16.2,35.6,78.0,21.69,5.0
Lucknow,1997-08-29,63.0,30.6,25.4,26.9,35.4,30.1,31.7,1997-08-29 00:14:00,1997-08-29 13:00:00,45922.84,18386.86,19.1,19.1,0.0,17.0,20.1,41.0,50.0,10.53,2.33
Jamshedpur,1983-01-18,1.0,25.8,12.6,19.0,26.1,11.8,18.7,1983-01-18 00:58:00,1983-01-18 11:53:00,39305.18,35535.59,0.0,0.0,0.0,0.0,8.7,19.4,18.0,17.56,3.42
Aurangābād,1993-01-18,1.0,28.1,15.3,21.9,28.1,14.6,21.2,1993-01-18 01:36:00,1993-01-18 12:41:00,39934.64,36483.27,0.0,0.0,0.0,0.0,13.3,31.3,308.0,17.31,4.11
Madurai,2021-02-07,1.0,31.4,19.8,25.2,30.7,21.0,25.0,2021-02-07 01:09:00,2021-02-07 12:54:00,42315.16,39774.87,0.0,0.0,0.0,0.0,19.2,40.3,38.0,23.98,6.26
Guwāhāti,2008-03-28,1.0,31.2,20.5,25.3,35.7,22.9,28.4,2008-03-27 23:48:00,2008-03-28 12:07:00,44414.95,41707.25,0.0,0.0,0.0,0.0,12.6,39.6,23.0,23.04,4.93
Alīgarh,1996-04-05,1.0,36.6,18.4,28.5,35.6,16.5,26.1,1996-04-05 00:33:00,1996-04-05 13:07:00,45262.73,42292.27,0.0,0.0,0.0,0.0,17.5,34.6,109.0,24.91,8.12
Jaipur,1993-02-22,1.0,22.7,6.3,15.5,20.5,2.6,12.1,1993-02-22 01:27:00,1993-02-22 12:53:00,41175.43,36262.05,0.0,0.0,0.0,0.0,10.7,19.1,142.0,20.35,4.48
Guwāhāti,2005-12-04,1.0,25.6,16.3,20.9,27.4,17.1,22.3,2005-12-04 00:25:00,2005-12-04 11:00:00,38113.73,34558.73,0.0,0.0,0.0,0.0,6.9,15.8,76.0,14.43,2.63
Alīgarh,2007-05-24,1.0,41.2,24.6,33.6,40.0,23.4,32.3,2007-05-23 23:54:00,2007-05-24 13:34:00,49240.93,45662.48,0.0,0.0,0.0,0.0,16.9,34.9,319.0,28.29,8.99
Chandīgarh,2019-04-23,1.0,35.3,21.6,29.6,37.4,22.2,29.7,2019-04-23 00:16:00,2019-04-23 13:25:00,47331.91,39600.0,0.0,0.0,0.0,0.0,15.2,31.7,102.0,24.19,7.16
Vasai-Virar,2013-04-20,2.0,31.2,24.0,27.5,35.4,28.5,31.3,2013-04-20 00:47:00,2013-04-20 13:27:00,45632.18,42636.61,0.0,0.0,0.0,0.0,19.7,40.0,228.0,23.98,5.33
Ahmedabad,2015-07-23,63.0,31.7,25.5,28.2,38.1,31.0,33.8,2015-07-23 00:36:00,2015-07-23 13:55:00,47959.01,30578.21,10.7,10.7,0.0,5.0,12.3,28.8,175.0,16.26,3.61
Najafgarh,1987-07-09,61.0,40.6,29.8,34.0,44.7,34.9,38.5,1987-07-09 00:00:00,1987-07-09 13:53:00,49932.4,43718.05,1.9,1.9,0.0,4.0,16.9,35.6,272.0,24.58,6.76
Guwāhāti,2020-09-13,63.0,29.9,25.2,27.2,37.1,31.4,33.7,2020-09-12 23:37:00,2020-09-13 11:59:00,44478.71,12984.81,9.7,9.7,0.0,10.0,14.4,37.1,259.0,11.63,2.41
Aurangābād,2010-10-31,1.0,28.2,16.8,22.4,29.3,17.0,22.9,2010-10-31 00:59:00,2010-10-31 12:25:00,41128.64,37721.8,0.0,0.0,0.0,0.0,14.4,30.6,62.0,20.11,4.43
Hyderābād,2021-08-13,51.0,29.6,23.8,26.3,32.2,25.7,29.0,2021-08-13 00:28:00,2021-08-13 13:13:00,45855.9,24157.2,0.1,0.1,0.0,1.0,17.4,35.6,279.0,15.89,3.95
Dhanbād,2007-09-29,63.0,29.1,23.4,25.6,34.8,28.1,30.8,2007-09-29 00:05:00,2007-09-29 12:04:00,43134.74,20431.02,6.5,6.5,0.0,11.0,8.1,19.1,139.0,10.81,2.23
Ghāziābād,1986-03-25,1.0,28.2,13.6,21.0,25.8,11.9,18.4,1986-03-25 00:49:00,1986-03-25 13:04:00,44131.46,41367.84,0.0,0.0,0.0,0.0,19.1,38.9,317.0,24.03,6.24
Vasai-Virar,2004-10-01,53.0,29.7,25.5,27.3,35.5,30.9,32.6,2004-10-01 00:59:00,2004-10-01 12:57:00,43043.92,37692.49,1.4,1.4,0.0,3.0,14.0,29.5,186.0,19.26,3.86
Vārānasi,2009-11-18,2.0,26.4,15.7,21.3,27.0,16.2,22.2,2009-11-18 00:47:00,2009-11-18 11:39:00,39086.96,35327.47,0.0,0.0,0.0,0.0,13.7,27.4,258.0,15.05,3.12
Prayagraj,1995-09-08,53.0,31.6,22.8,26.6,36.5,25.6,30.1,1995-09-08 00:15:00,1995-09-08 12:45:00,44967.46,37601.12,0.8,0.8,0.0,2.0,18.1,47.5,205.0,18.03,4.08
Rānchi,1989-06-11,53.0,34.7,25.4,29.8,40.6,29.5,34.3,1989-06-10 23:31:00,1989-06-11 13:04:00,48780.84,41138.0,0.7,0.7,0.0,3.0,9.2,24.8,161.0,22.09,5.26
Kanpur,2004-07-04,51.0,33.7,26.0,29.7,39.9,30.9,35.0,2004-07-03 23:50:00,2004-07-04 13:35:00,49499.73,29897.21,1.8,1.8,0.0,9.0,11.1,28.4,86.0,17.42,4.21
Aurangābād,2022-10-18,61.0,27.8,20.7,23.7,32.0,23.5,27.7,2022-10-18 00:54:00,2022-10-18 12:33:00,41931.88,33144.15,6.5,6.5,0.0,11.0,9.4,21.2,157.0,14.55,2.87
Indore,1990-04-19,0.0,39.9,25.4,32.7,36.5,22.4,29.0,1990-04-19 00:33:00,1990-04-19 13:18:00,45926.5,42978.29,0.0,0.0,0.0,0.0,23.0,45.7,286.0,28.12,11.23
Nāsik,1991-10-14,2.0,29.6,19.4,23.7,30.4,21.4,25.2,1991-10-14 00:59:00,1991-10-14 12:42:00,42213.11,37746.85,0.0,0.0,0.0,0.0,14.9,33.1,247.0,21.08,4.68
Delhi,2021-08-05,51.0,33.0,26.3,29.4,40.1,32.3,35.7,2021-08-05 00:15:00,2021-08-05 13:39:00,48234.77,43200.0,0.3,0.3,0.0,1.0,7.9,21.2,93.0,21.71,4.72
Kolkāta,1985-03-16,3.0,36.0,23.2,28.6,40.3,27.9,32.7,1985-03-16 00:14:00,1985-03-16 12:15:00,43304.95,39725.75,0.0,0.0,0.0,0.0,14.4,29.5,193.0,23.57,5.32
Chennai,2018-10-06,53.0,30.0,25.3,27.5,35.8,30.9,33.0,2018-10-06 00:28:00,2018-10-06 12:25:00,43027.49,37427.34,2.7,2.7,0.0,16.0,15.0,35.6,72.0,19.7,3.98
Āgra,2000-11-23,0.0,26.0,13.4,20.0,26.6,12.8,20.3,2000-11-23 01:14:00,2000-11-23 11:54:00,38390.88,34915.89,0.0,0.0,0.0,0.0,8.4,20.9,113.0,15.52,2.97
Chandīgarh,1992-03-29,1.0,28.0,11.7,20.1,27.5,10.5,19.2,1992-03-29 00:45:00,1992-03-29 13:09:00,44691.41,41864.55,0.0,0.0,0.0,0.0,11.4,29.5,306.0,23.45,5.07
Vasai-Virar,2024-08-20,63.0,28.5,25.0,26.5,33.6,29.9,32.2,2024-08-20 00:51:00,2024-08-20 13:33:00,45724.9,12626.38,24.9,24.9,0.0,15.0,12.4,24.8,8.0,9.83,2.07
Thāne,2015-12-09,0.0,32.6,18.9,25.4,33.6,20.4,27.4,2015-12-09 01:29:00,2015-12-09 12:30:00,39618.25,36000.0,0.0,0.0,0.0,0.0,9.2,18.7,46.0,17.88,4.05
Bhopāl,2020-03-04,0.0,29.4,17.3,22.3,28.1,15.4,20.9,2020-03-04 01:08:00,2020-03-04 12:54:00,42365.45,38346.77,0.0,0.0,0.0,0.0,16.6,36.0,278.0,21.11,5.33
Prayagraj,2006-07-25,61.0,31.5,26.0,28.3,37.7,32.4,34.6,2006-07-24 23:56:00,2006-07-25 13:22:00,48358.21,25181.62,7.3,7.3,0.0,16.0,8.0,18.7,174.0,13.54,3.02
Alīgarh,2010-12-01,0.0,22.5,9.2,15.5,21.7,7.6,14.5,2010-12-01 01:21:00,2010-12-01 11:52:00,37831.46,34251.21,0.0,0.0,0.0,0.0,7.8,16.2,278.0,15.29,2.63
Gwalior,1998-03-03,2.0,27.2,12.1,20.4,28.4,10.8,19.8,1998-03-03 01:09:00,1998-03-03 12:49:00,42040.26,36658.08,0.0,0.0,0.0,0.0,12.5,21.6,33.0,21.21,4.51
Aurangābād,1997-11-12,53.0,28.2,20.6,23.6,30.7,23.6,26.5,1997-11-12 01:05:00,1997-11-12 12:19:00,40459.57,29876.06,1.2,1.2,0.0,5.0,6.8,17.6,260.0,11.3,2.39
Lucknow,2017-01-30,3.0,20.8,11.1,14.7,21.3,11.0,14.7,2017-01-30 01:22:00,2017-01-30 12:16:00,39263.99,27649.98,0.0,0.0,0.0,0.0,8.0,22.0,327.0,14.46,2.34
Pune,2011-09-04,63.0,25.5,22.1,23.2,27.8,24.9,25.9,2011-09-04 00:50:00,2011-09-04 13:17:00,44792.3,12045.9,18.5,18.5,0.0,20.0,18.3,48.2,233.0,7.56,1.6
Lucknow,1983-09-15,61.0,30.0,24.3,27.1,36.9,29.2,32.8,1983-09-15 00:21:00,1983-09-15 12:41:00,44412.25,29785.8,6.0,6.0,0.0,8.0,9.4,31.3,106.0,13.81,2.88
Supaul,1987-03-23,0.0,33.4,19.9,26.7,35.5,20.9,27.4,1987-03-23 00:14:00,1987-03-23 12:25:00,43865.93,40181.53,0.0,0.0,0.0,0.0,15.3,31.7,100.0,23.05,5.66
Jabalpur,2013-05-29,1.0,41.0,28.4,35.1,40.7,28.6,34.8,2013-05-28 23:54:00,2013-05-29 13:20:00,48377.62,44559.41,0.0,0.0,0.0,0.0,13.4,31.0,348.0,22.12,7.1
Delhi,2010-05-08,1.0,36.1,23.0,30.0,38.9,25.1,32.1,2010-05-08 00:05:00,2010-05-08 13:30:00,48322.07,44184.7,0.0,0.0,0.0,0.0,13.0,29.9,330.0,26.87,6.97
Ghāziābād,1981-03-15,53.0,23.5,14.9,19.1,25.1,15.7,19.9,1981-03-15 01:00:00,1981-03-15 12:58:00,43119.2,30268.76,1.6,1.6,0.0,2.0,13.1,25.6,276.0,14.32,2.76
Nāsik,1980-01-05,2.0,25.0,16.3,20.2,25.5,15.3,20.1,1980-01-05 01:40:00,1980-01-05 12:38:00,39467.73,35887.45,0.0,0.0,0.0,0.0,19.2,42.5,93.0,12.54,2.76
Haldwāni,2017-11-11,1.0,25.4,14.6,19.5,26.3,13.3,19.5,2017-11-11 01:02:00,2017-11-11 11:49:00,38804.59,34863.18,0.0,0.0,0.0,0.0,7.8,21.6,338.0,15.27,2.92
Prayagraj,1982-06-07,53.0,33.4,25.1,29.6,40.6,31.1,36.2,1982-06-06 23:41:00,1982-06-07 13:21:00,49203.66,38359.22,0.9,0.9,0.0,2.0,7.3,25.9,53.0,20.11,4.43
Nāgpur,2022-05-21,1.0,43.0,30.7,36.5,43.0,29.6,35.9,2022-05-21 00:03:00,2022-05-21 13:16:00,47594.43,42598.79,0.0,0.0,0.0,0.0,23.0,41.4,282.0,24.86,9.73
Chandīgarh,2023-11-20,0.0,25.0,13.7,18.9,24.7,13.6,18.5,2023-11-20 01:23:00,2023-11-20 11:53:00,37808.27,32501.93,0.0,0.0,0.0,0.0,9.7,19.4,345.0,11.52,2.52
Thāne,2015-07-18,51.0,29.7,25.9,27.7,34.2,30.4,32.1,2015-07-18 00:39:00,2015-07-18 13:48:00,47355.81,32108.5,3.3,3.3,0.0,17.0,19.7,43.2,239.0,15.51,3.45
Pune,2002-08-26,51.0,25.8,21.2,22.8,27.9,24.2,25.4,2002-08-26 00:48:00,2002-08-26 13:24:00,45317.53,29508.64,2.4,2.4,0.0,11.0,17.9,47.2,215.0,13.43,2.73
Aurangābād,1999-02-20,0.0,32.5,18.0,25.4,31.9,17.3,24.4,1999-02-20 01:24:00,1999-02-20 12:59:00,41703.71,38290.12,0.0,0.0,0.0,0.0,14.8,34.6,155.0,22.32,5.74
Ahmedabad,1984-08-08,51.0,30.6,24.0,27.1,34.3,28.1,31.0,1984-08-08 00:43:00,1984-08-08 13:47:00,47016.47,35717.72,0.9,0.9,0.0,6.0,13.6,29.2,222.0,16.43,3.79
Sūrat,2017-05-18,1.0,34.3,27.5,30.3,39.1,32.5,35.0,2017-05-18 00:29:00,2017-05-18 13:40:00,47479.7,43247.15,0.0,0.0,0.0,0.0,20.7,39.6,214.0,26.65,6.4
Chennai,2015-08-12,2.0,33.5,27.1,29.7,37.3,31.2,33.9,2015-08-12 00:26:00,2015-08-12 13:02:00,45342.05,18454.73,0.0,0.0,0.0,0.0,13.6,33.8,243.0,14.3,3.88
Pimpri-Chinchwad,1986-07-03,3.0,28.5,22.3,24.8,31.6,25.4,27.8,1986-07-03 00:32:00,1986-07-03 13:45:00,47595.73,40738.89,0.0,0.0,0.0,0.0,16.6,33.8,268.0,21.06,4.36
Bangalore,2004-01-05,3.0,26.4,15.8,20.7,26.7,15.1,20.3,2004-01-05 01:13:00,2004-01-05 12:36:00,40999.6,33645.84,0.0,0.0,0.0,0.0,18.6,36.7,115.0,19.8,4.12
Vārānasi,1989-02-10,0.0,24.7,10.6,17.4,22.8,8.4,15.1,1989-02-10 01:06:00,1989-02-10 12:18:00,40336.89,37547.18,0.0,0.0,0.0,0.0,10.6,24.1,292.0,19.68,4.27
Chandīgarh,2008-05-05,61.0,37.9,21.7,29.3,39.0,21.9,29.4,2008-05-05 00:05:00,2008-05-05 13:33:00,48547.32,36844.99,4.5,4.5,0.0,5.0,20.3,49.0,130.0,23.27,7.05
Sūrat,1992-05-05,0.0,34.4,26.2,29.7,38.3,30.6,33.9,1992-05-05 00:35:00,1992-05-05 13:35:00,46794.83,43200.0,0.0,0.0,0.0,0.0,16.2,28.1,229.0,25.92,6.36
Lucknow,2008-11-25,0.0,25.4,13.1,18.7,25.3,12.1,18.1,2008-11-25 01:03:00,2008-11-25 11:43:00,38352.07,34815.72,0.0,0.0,0.0,0.0,8.7,18.4,359.0,15.81,3.04
Vijayavāda,1981-12-27,1.0,28.1,17.0,22.3,28.5,17.5,22.7,1981-12-27 01:03:00,1981-12-27 12:12:00,40139.94,37389.77,0.0,0.0,0.0,0.0,12.6,27.4,80.0,18.4,3.99
Delhi,1981-05-25,0.0,41.5,26.0,34.6,42.0,26.8,34.8,1981-05-24 23:55:00,1981-05-25 13:40:00,49484.09,45560.31,0.0,0.0,0.0,0.0,11.3,33.1,242.0,28.18,7.9
Chandīgarh,1990-10-07,0.0,29.9,17.7,23.8,33.3,19.4,26.5,1990-10-07 00:49:00,1990-10-07 12:31:00,42088.7,38814.79,0.0,0.0,0.0,0.0,10.9,24.1,334.0,20.07,4.19
Aurangābād,2001-09-28,1.0,30.6,22.1,26.1,34.1,24.3,29.0,2001-09-28 00:48:00,2001-09-28 12:49:00,43250.18,39786.13,0.0,0.0,0.0,0.0,14.0,32.0,348.0,20.55,4.56
Najafgarh,2008-10-04,0.0,34.7,24.4,29.4,40.4,28.8,34.1,2008-10-04 00:46:00,2008-10-04 12:34:00,42453.5,39025.51,0.0,0.0,0.0,0.0,9.9,17.6,161.0,18.93,4.3
Kanpur,2002-06-29,51.0,35.0,26.4,31.5,41.1,31.8,36.4,2002-06-28 23:48:00,2002-06-29 13:35:00,49616.49,42403.01,0.1,0.1,0.0,1.0,13.6,28.8,201.0,21.62,5.58
Supaul,2004-10-20,0.0,29.3,19.4,24.0,32.9,21.6,26.9,2004-10-20 00:15:00,2004-10-20 11:41:00,41133.88,36438.47,0.0,0.0,0.0,0.0,7.4,18.7,285.0,18.58,3.74
Najafgarh,1986-07-24,53.0,31.8,26.6,29.0,35.8,31.3,33.3,1986-07-24 00:08:00,1986-07-24 13:48:00,49142.1,37283.67,1.3,1.3,0.0,2.0,19.3,37.4,72.0,16.46,4.24
Prayagraj,1981-09-08,63.0,28.5,24.1,25.6,34.1,29.1,30.9,1981-09-08 00:15:00,1981-09-08 12:45:00,44930.6,2511.75,21.0,21.0,0.0,24.0,10.2,20.5,6.0,6.24,1.43
Madurai,2018-11-01,63.0,28.1,23.4,25.5,33.9,27.1,30.2,2018-11-01 00:37:00,2018-11-01 12:24:00,42373.02,12013.21,27.0,27.0,0.0,19.0,9.0,29.2,13.0,9.19,1.98
Jamshedpur,1992-08-24,51.0,31.6,24.8,27.9,38.6,30.1,33.8,1992-08-23 23:55:00,1992-08-24 12:40:00,45875.39,37539.66,0.5,0.5,0.0,2.0,8.4,24.1,214.0,18.97,4.04
Ahmedabad,2002-08-10,51.0,29.0,24.3,26.5,32.8,28.6,30.6,2002-08-10 00:43:00,2002-08-10 13:45:00,46907.52,4475.01,0.2,0.2,0.0,1.0,14.7,29.5,225.0,8.23,2.23
Supaul,1998-01-25,1.0,23.2,9.1,15.7,21.6,7.4,13.9,1998-01-25 01:00:00,1998-01-25 11:50:00,39032.48,36139.21,0.0,0.0,0.0,0.0,10.9,24.8,283.0,17.61,3.43
Mumbai,2016-03-23,0.0,35.9,23.7,29.3,38.9,25.6,31.7,2016-03-23 01:09:00,2016-03-23 13:20:00,43839.45,41095.34,0.0,0.0,0.0,0.0,17.5,27.7,297.0,25.97,6.38
Lucknow,1988-07-30,63.0,32.0,26.3,28.8,39.8,31.8,35.7,1988-07-29 23:59:00,1988-07-30 13:25:00,48323.42,30356.26,18.6,18.6,0.0,19.0,12.9,21.6,238.0,14.34,3.17
Supaul,2003-06-09,61.0,30.9,24.1,27.2,36.3,29.0,32.2,2003-06-08 23:20:00,2003-06-09 13:04:00,49438.55,42557.81,10.5,10.5,0.0,15.0,14.7,34.2,107.0,16.29,3.39
Hyderābād,2000-02-03,1.0,31.4,17.0,24.5,32.2,17.0,24.4,2000-02-03 01:17:00,2000-02-03 12:42:00,41073.48,37220.35,0.0,0.0,0.0,0.0,11.2,23.8,155.0,21.52,4.93
Vārānasi,1992-03-05,0.0,32.1,16.9,24.0,30.4,14.3,22.5,1992-03-05 00:47:00,1992-03-05 12:31:00,42308.32,39018.86,0.0,0.0,0.0,0.0,20.7,39.6,275.0,22.26,6.18
Kalyān,2002-08-20,53.0,28.3,23.9,25.8,32.3,28.3,30.0,2002-08-20 00:49:00,2002-08-20 13:32:00,45749.81,32814.4,5.1,5.1,0.0,21.0,17.2,43.9,225.0,15.41,3.14
Kanpur,2021-08-21,61.0,30.8,25.9,27.9,36.8,30.3,33.5,2021-08-21 00:13:00,2021-08-21 13:10:00,46563.51,29325.52,8.1,8.1,0.0,13.0,16.6,32.0,114.0,15.31,3.26
Meerut,2024-02-13,2.0,22.3,9.2,15.7,21.3,7.9,14.8,2024-02-13 01:29:00,2024-02-13 12:36:00,40024.03,35972.89,0.0,0.0,0.0,0.0,8.1,16.6,275.0,14.29,2.67
Kolkāta,2005-01-23,2.0,24.8,12.3,19.2,25.1,11.5,19.2,2005-01-23 00:47:00,2005-01-23 11:48:00,39630.4,35834.24,0.0,0.0,0.0,0.0,8.1,18.4,76.0,16.96,3.18
Patna,2002-05-02,3.0,33.2,22.8,27.7,35.0,23.8,29.2,2002-05-01 23:42:00,2002-05-02 12:50:00,47312.93,43133.43,0.0,0.0,0.0,0.0,25.6,49.3,85.0,19.17,5.53
Aurangābād,2008-03-30,1.0,34.6,22.2,29.1,35.1,22.5,28.4,2008-03-30 00:53:00,2008-03-30 13:12:00,44327.12,41359.28,0.0,0.0,0.0,0.0,11.7,27.0,312.0,20.08,5.89
Farīdābād,1991-11-04,0.0,30.7,14.8,22.6,29.3,14.4,21.5,1991-11-04 01:04:00,1991-11-04 12:04:00,39589.48,36571.89,0.0,0.0,0.0,0.0,14.9,27.4,308.0,17.16,4.41
Vasai-Virar,1991-01-29,0.0,33.3,22.3,27.1,34.3,22.5,27.2,1991-01-29 01:44:00,1991-01-29 12:59:00,40500.18,37792.25,0.0,0.0,0.0,0.0,15.5,28.1,356.0,20.46,5.69
Aurangābād,1982-01-09,1.0,27.6,16.1,21.9,27.3,15.1,21.3,1982-01-09 01:35:00,1982-01-09 12:35:00,39616.3,36000.0,0.0,0.0,0.0,0.0,16.6,36.7,171.0,17.73,4.08
Lucknow,1988-03-12,53.0,31.5,18.0,24.0,33.1,17.9,24.5,1988-03-12 00:48:00,1988-03-12 12:43:00,42890.71,38524.58,2.4,2.4,0.0,6.0,18.9,42.1,75.0,20.34,4.95
Farīdābād,1991-11-28,0.0,26.5,12.2,18.9,23.5,10.9,16.9,1991-11-28 01:22:00,1991-11-28 11:54:00,37863.27,34062.7,0.0,0.0,0.0,0.0,18.0,35.3,292.0,14.91,3.77
Farīdābād,2012-07-15,53.0,34.4,26.4,30.6,39.9,32.2,35.7,2012-07-15 00:03:00,2012-07-15 13:50:00,49586.23,43229.1,0.8,0.8,0.0,3.0,13.2,29.2,267.0,22.72,5.45
Pune,1994-07-16,61.0,25.5,21.9,23.1,27.6,24.3,25.5,1994-07-16 00:36:00,1994-07-16 13:44:00,47270.37,19700.87,25.8,25.8,0.0,24.0,20.9,52.2,243.0,10.43,2.13
Hāora,2000-07-03,51.0,32.4,25.6,29.0,38.9,31.9,34.8,2000-07-02 23:26:00,2000-07-03 12:55:00,48541.47,42104.46,0.4,0.4,0.0,3.0,10.9,25.2,186.0,21.77,4.77
Jamshedpur,1986-10-14,53.0,32.4,21.2,26.4,37.2,24.0,30.4,1986-10-14 00:11:00,1986-10-14 11:51:00,41980.77,37499.78,0.6,0.6,0.0,1.0,9.1,27.7,243.0,20.15,4.32
Jabalpur,2016-01-28,0.0,25.9,12.7,19.6,26.2,12.5,19.4,2016-01-28 01:21:00,2016-01-28 12:24:00,39768.71,36222.5,0.0,0.0,0.0,0.0,7.5,18.7,29.0,18.64,3.6
Vijayavāda,1982-01-24,2.0,30.1,19.6,24.5,32.2,21.9,26.4,1982-01-24 01:09:00,1982-01-24 12:29:00,40803.96,36932.46,0.0,0.0,0.0,0.0,12.4,29.2,126.0,17.57,4.09
Srīnagar,1998-09-07,2.0,26.2,16.6,21.1,27.8,17.9,22.3,1998-09-07 00:38:00,1998-09-07 13:19:00,45657.48,39298.5,0.0,0.0,0.0,0.0,5.8,19.8,269.0,17.44,3.54
Ahmedabad,2008-07-23,2.0,32.4,25.9,28.9,36.0,30.8,33.2,2008-07-23 00:36:00,2008-07-23 13:55:00,47924.15,36274.04,0.0,0.0,0.0,0.0,15.9,27.4,200.0,17.27,4.39
Ahmedabad,1980-06-16,51.0,38.1,29.1,33.4,43.4,35.2,38.5,1980-06-16 00:23:00,1980-06-16 13:56:00,48757.83,43450.98,0.1,0.1,0.0,1.0,21.7,39.2,229.0,20.98,6.03
Pimpri-Chinchwad,1985-07-22,61.0,27.1,21.5,23.1,32.4,24.6,26.5,1985-07-22 00:38:00,1985-07-22 13:43:00,47073.72,31136.48,10.4,10.4,0.0,14.0,15.5,40.3,280.0,16.31,3.11
Chennai,2017-08-01,63.0,34.4,26.3,29.9,41.6,31.2,35.4,2017-08-01 00:24:00,2017-08-01 13:06:00,45703.82,41417.51,6.1,6.1,0.0,8.0,19.5,34.9,216.0,23.2,5.32
Jaipur,1982-10-14,51.0,33.9,21.6,27.6,34.8,22.0,27.5,1982-10-14 00:55:00,1982-10-14 12:30:00,41657.59,37527.14,0.2,0.2,0.0,1.0,12.1,27.7,117.0,18.93,5.1
Chandīgarh,2022-10-01,1.0,30.7,21.2,25.7,34.4,24.1,29.0,2022-10-01 00:46:00,2022-10-01 12:38:00,42723.89,38455.73,0.0,0.0,0.0,0.0,14.5,27.4,327.0,17.75,3.94
Madurai,2022-01-29,53.0,30.5,23.0,26.2,30.7,26.0,28.2,2022-01-29 01:09:00,2022-01-29 12:51:00,42071.38,18330.02,2.1,2.1,0.0,9.0,22.4,44.3,41.0,12.92,3.8
Jaipur,2009-03-16,1.0,33.0,17.8,25.7,32.4,16.1,23.7,2009-03-16 01:05:00,2009-03-16 13:05:00,43261.44,40541.4,0.0,0.0,0.0,0.0,12.2,23.4,39.0,23.54,6.28
Thāne,1997-01-12,0.0,30.2,17.7,24.0,31.3,18.7,24.4,1997-01-12 01:44:00,1997-01-12 12:48:00,39853.64,36917.94,0.0,0.0,0.0,0.0,13.1,23.8,0.0,18.47,4.52
Chandīgarh,1988-10-17,0.0,30.3,14.0,22.1,30.9,13.6,22.2,1988-10-17 00:56:00,1988-10-17 12:19:00,40949.79,38112.27,0.0,0.0,0.0,0.0,7.6,19.1,54.0,19.2,4.09
Chennai,1988-11-12,61.0,25.7,23.2,24.0,29.1,26.1,27.3,1988-11-12 00:36:00,1988-11-12 12:09:00,41568.48,18359.66,18.3,18.3,0.0,23.0,16.3,29.2,20.0,7.32,1.52
Alīgarh,1995-05-14,0.0,42.5,28.0,35.6,44.8,30.2,36.6,1995-05-13 23:59:00,1995-05-14 13:29:00,48599.98,45247.45,0.0,0.0,0.0,0.0,15.3,27.7,31.0,26.48,8.23
Sūrat,2008-04-06,1.0,34.1,22.5,28.9,37.0,25.3,30.6,2008-04-06 00:57:00,2008-04-06 13:25:00,44885.68,42056.12,0.0,0.0,0.0,0.0,14.1,24.5,340.0,25.55,6.87
Bilāspur,2007-11-09,0.0,29.2,17.2,23.7,32.5,18.0,25.4,2007-11-09 00:39:00,2007-11-09 11:51:00,40265.54,36918.21,0.0,0.0,0.0,0.0,6.8,13.3,318.0,18.54,3.73
Supaul,1998-10-12,53.0,31.8,24.8,28.1,39.4,29.7,34.3,1998-10-12 00:10:00,1998-10-12 11:49:00,41888.71,36559.43,1.7,1.7,0.0,6.0,8.1,20.5,91.0,17.29,3.6
Vishākhapatnam,1993-03-21,1.0,31.5,24.9,27.7,33.3,27.1,29.6,1993-03-21 00:30:00,1993-03-21 12:38:00,43671.52,39600.0,0.0,0.0,0.0,0.0,26.9,46.8,215.0,23.63,5.97
Ghāziābād,2001-07-06,53.0,34.8,26.8,31.1,42.0,32.7,37.7,2001-07-05 23:58:00,2001-07-06 13:52:00,50030.44,43436.27,0.9,0.9,0.0,3.0,11.6,22.7,286.0,22.87,5.21
Jabalpur,2018-12-30,0.0,21.1,5.8,13.0,18.4,2.6,10.2,2018-12-30 01:20:00,2018-12-30 12:04:00,38621.3,34904.32,0.0,0.0,0.0,0.0,11.4,21.2,42.0,16.22,3.12
Alīgarh,1983-04-05,2.0,33.1,18.1,26.0,30.7,16.1,23.7,1983-04-05 00:34:00,1983-04-05 13:07:00,45173.64,41795.04,0.0,0.0,0.0,0.0,21.5,41.4,305.0,22.36,7.29
Madurai,1989-03-27,1.0,38.7,22.8,30.3,39.6,25.3,31.5,1989-03-27 00:47:00,1989-03-27 12:58:00,43833.99,41380.32,0.0,0.0,0.0,0.0,18.1,39.6,119.0,27.57,7.05
Nāsik,1993-04-11,2.0,32.0,15.9,24.0,30.2,16.2,22.8,1993-04-11 00:50:00,1993-04-11 13:21:00,45112.3,42493.01,0.0,0.0,0.0,0.0,19.2,42.5,258.0,28.13,7.18
Kolkāta,2023-02-26,53.0,31.8,19.8,25.6,34.0,22.0,28.0,2023-02-26 00:30:00,2023-02-26 12:08:00,41884.11,37314.82,1.3,1.3,0.0,3.0,10.8,19.1,208.0,17.22,3.95
Pune,2011-01-05,2.0,27.2,15.9,21.8,28.1,15.4,21.8,2011-01-05 01:37:00,2011-01-05 12:41:00,39809.22,36246.85,0.0,0.0,0.0,0.0,9.4,27.0,78.0,17.31,3.78
Gwalior,2021-08-27,3.0,32.6,25.2,28.8,37.9,28.5,33.5,2021-08-27 00:25:00,2021-08-27 13:12:00,46012.26,36029.34,0.0,0.0,0.0,0.0,10.8,24.5,228.0,17.51,4.0
Ghāziābād,2021-04-02,0.0,32.9,16.3,24.3,30.3,12.4,20.7,2021-04-02 00:39:00,2021-04-02 13:08:00,45001.63,42229.7,0.0,0.0,0.0,0.0,14.8,30.2,326.0,24.64,7.52
Meerut,2000-12-24,1.0,21.5,6.3,13.3,19.6,4.2,11.6,2000-12-24 01:40:00,2000-12-24 11:57:00,37049.29,33947.57,0.0,0.0,0.0,0.0,10.7,20.5,305.0,13.91,2.48
Jamshedpur,1989-05-02,1.0,41.9,26.7,33.8,43.6,30.2,36.3,1989-05-01 23:42:00,1989-05-02 12:42:00,46856.83,42915.37,0.0,0.0,0.0,0.0,14.1,36.4,242.0,25.0,7.31
Chandīgarh,1994-05-27,1.0,42.2,24.2,34.3,41.9,23.1,32.6,1994-05-26 23:51:00,1994-05-27 13:47:00,50156.81,45752.7,0.0,0.0,0.0,0.0,18.9,42.1,332.0,27.9,9.04
Amritsar,2016-02-20,1.0,23.5,12.4,17.7,24.1,11.0,17.8,2016-02-20 01:37:00,2016-02-20 12:50:00,40374.65,36923.62,0.0,0.0,0.0,0.0,15.5,32.8,306.0,15.58,2.82
Amritsar,1986-11-19,1.0,25.0,9.7,16.7,22.6,8.0,14.8,1986-11-19 01:31:00,1986-11-19 11:59:00,37667.3,34438.65,0.0,0.0,0.0,0.0,12.1,25.9,311.0,14.46,3.22
Indore,2002-09-04,63.0,26.5,21.8,23.4,30.8,24.3,26.8,2002-09-04 00:39:00,2002-09-04 13:11:00,45082.57,405.8,24.5,24.5,0.0,24.0,17.6,29.5,318.0,7.16,1.56
Vārānasi,2017-12-20,1.0,22.8,11.7,16.9,22.7,11.3,16.9,2017-12-20 01:08:00,2017-12-20 11:42:00,38009.99,32504.24,0.0,0.0,0.0,0.0,7.7,15.5,346.0,12.63,2.28
Jamshedpur,2015-03-24,0.0,37.1,22.9,29.8,38.4,23.3,31.3,2015-03-24 00:16:00,2015-03-24 12:27:00,43914.51,40071.69,0.0,0.0,0.0,0.0,10.7,29.9,38.0,24.11,5.94
Vijayavāda,1985-03-06,3.0,36.7,22.6,29.1,41.0,27.3,32.8,1985-03-06 00:51:00,1985-03-06 12:45:00,42823.61,39203.52,0.0,0.0,0.0,0.0,15.2,29.5,179.0,23.5,5.69
Indore,2003-01-12,51.0,26.6,15.9,21.2,25.9,14.2,20.7,2003-01-12 01:39:00,2003-01-12 12:30:00,39073.83,35828.27,0.6,0.6,0.0,3.0,11.2,27.0,154.0,14.45,3.3
Jabalpur,1991-01-26,0.0,28.4,14.6,21.5,28.3,14.0,21.2,1991-01-26 01:22:00,1991-01-26 12:23:00,39650.75,36214.23,0.0,0.0,0.0,0.0,10.6,23.4,341.0,18.45,3.93
Bhopāl,1993-09-23,63.0,28.2,22.9,24.9,32.9,26.8,29.4,1993-09-23 00:39:00,1993-09-23 12:46:00,43595.45,25560.11,9.3,9.3,0.0,10.0,12.2,25.2,58.0,12.9,2.64
Vārānasi,2017-02-07,0.0,25.1,11.8,18.6,22.7,9.7,16.4,2017-02-07 01:07:00,2017-02-07 12:16:00,40123.97,37320.76,0.0,0.0,0.0,0.0,21.4,41.8,273.0,19.27,4.57
Vadodara,1986-07-15,61.0,27.7,25.8,26.7,33.7,30.6,31.8,1986-07-15 00:31:00,1986-07-15 13:54:00,48146.98,0.0,15.1,15.1,0.0,18.0,12.9,25.2,244.0,4.54,1.3
Vārānasi,1990-01-18,0.0,28.3,15.1,21.2,26.2,11.9,18.8,1990-01-18 01:15:00,1990-01-18 12:01:00,38773.87,35624.98,0.0,0.0,0.0,0.0,19.5,37.4,268.0,17.19,5.07
Kanpur,2005-10-22,51.0,27.0,18.6,22.6,29.2,21.1,25.1,2005-10-22 00:41:00,2005-10-22 12:04:00,40948.8,36598.54,0.2,0.2,0.0,2.0,12.0,24.8,64.0,13.29,2.77
Dhanbād,1985-04-06,51.0,36.2,22.7,29.5,37.5,23.4,29.5,1985-04-06 00:01:00,1985-04-06 12:32:00,45031.86,34372.78,0.1,0.1,0.0,1.0,10.8,22.3,269.0,20.36,6.0
Vasai-Virar,1984-01-23,1.0,25.9,14.5,20.6,26.8,15.0,21.0,1984-01-23 01:45:00,1984-01-23 12:55:00,40207.58,37472.83,0.0,0.0,0.0,0.0,13.1,25.9,343.0,19.83,4.0
Vasai-Virar,2005-06-01,3.0,32.6,28.4,30.1,37.1,34.1,35.4,2005-06-01 00:29:00,2005-06-01 13:43:00,47602.82,28305.32,0.0,0.0,0.0,0.0,14.9,30.6,272.0,14.21,3.76
Bhopāl,2012-05-06,51.0,37.9,25.6,31.5,38.6,24.8,31.0,2012-05-06 00:13:00,2012-05-06 13:20:00,47217.53,43440.36,0.7,0.7,0.0,2.0,15.8,31.7,294.0,25.27,7.91
Aurangābād,1995-03-28,0.0,33.5,18.3,27.2,36.1,18.2,27.5,1995-03-28 00:56:00,1995-03-28 13:11:00,44129.71,41554.85,0.0,0.0,0.0,0.0,11.0,21.2,307.0,24.95,5.91
Pimpri-Chinchwad,2009-10-09,3.0,27.5,18.0,22.4,30.6,19.9,24.7,2009-10-09 00:57:00,2009-10-09 12:47:00,42582.0,37339.48,0.0,0.0,0.0,0.0,10.7,24.8,282.0,21.52,4.24
Vārānasi,1986-03-18,1.0,33.7,16.1,25.6,33.9,14.7,24.6,1986-03-18 00:34:00,1986-03-18 12:37:00,43422.1,39658.61,0.0,0.0,0.0,0.0,13.4,25.6,54.0,23.97,6.34
Hāora,2011-03-05,0.0,35.6,21.8,28.5,37.5,24.2,30.4,2011-03-05 00:25:00,2011-03-05 12:11:00,42413.6,38995.09,0.0,0.0,0.0,0.0,11.4,30.2,247.0,21.21,5.43
Āgra,1981-10-17,0.0,34.7,19.3,26.9,33.7,19.5,26.3,1981-10-17 00:48:00,1981-10-17 12:18:00,41334.74,38597.56,0.0,0.0,0.0,0.0,17.8,33.5,304.0,20.07,5.9
Vadodara,1984-05-05,0.0,41.4,26.5,33.6,41.0,28.5,34.4,1984-05-05 00:32:00,1984-05-05 13:35:00,46980.19,43200.0,0.0,0.0,0.0,0.0,14.0,30.6,287.0,27.56,8.08
Sūrat,1989-08-14,53.0,28.0,25.0,26.5,32.7,28.7,30.0,1989-08-14 00:47:00,1989-08-14 13:39:00,46364.29,28046.12,1.8,1.8,0.0,7.0,21.4,36.0,230.0,16.24,3.49
Chandīgarh,1991-02-18,1.0,19.2,5.2,12.4,18.5,3.1,10.8,1991-02-18 01:31:00,1991-02-18 12:42:00,40273.66,36580.3,0.0,0.0,0.0,0.0,13.1,27.4,324.0,18.47,3.03
Rājkot,1991-12-30,0.0,25.3,13.3,18.9,23.0,10.0,16.4,1991-12-30 01:55:00,1991-12-30 12:42:00,38817.71,35239.12,0.0,0.0,0.0,0.0,9.8,22.7,35.0,17.03,4.02
Madurai,1991-01-05,2.0,30.1,19.9,25.0,32.4,22.7,27.8,1991-01-05 01:05:00,1991-01-05 12:39:00,41627.86,37041.59,0.0,0.0,0.0,0.0,10.0,28.4,67.0,18.08,3.92
Kolkāta,2003-03-08,0.0,30.5,14.4,22.7,29.5,13.8,22.0,2003-03-08 00:22:00,2003-03-08 12:12:00,42642.36,39183.75,0.0,0.0,0.0,0.0,10.7,27.0,287.0,23.99,5.51
Bilāspur,1994-12-13,0.0,25.4,12.0,18.5,24.5,9.3,16.7,1994-12-13 01:01:00,1994-12-13 11:49:00,38874.63,35761.47,0.0,0.0,0.0,0.0,10.8,22.3,18.0,17.05,3.62
Ghāziābād,2018-09-28,1.0,32.2,22.6,27.2,38.0,26.1,32.0,2018-09-28 00:41:00,2018-09-28 12:40:00,43104.05,39324.92,0.0,0.0,0.0,0.0,9.1,25.6,329.0,19.23,4.13
Ghāziābād,2016-02-22,0.0,25.9,13.0,18.6,22.9,10.0,16.3,2016-02-22 01:23:00,2016-02-22 12:44:00,40933.71,36944.23,0.0,0.0,0.0,0.0,23.8,44.3,292.0,20.29,4.77
Kolkāta,2006-03-09,1.0,34.7,22.3,28.9,38.2,25.9,31.9,2006-03-09 00:20:00,2006-03-09 12:13:00,42743.59,39210.98,0.0,0.0,0.0,0.0,7.9,18.7,270.0,21.85,5.08
Pimpri-Chinchwad,1988-03-26,1.0,29.8,16.3,22.5,30.2,17.2,22.7,1988-03-26 01:04:00,1988-03-26 13:17:00,44008.51,41454.63,0.0,0.0,0.0,0.0,19.7,43.9,278.0,25.28,5.69
Vishākhapatnam,1990-09-05,53.0,30.3,25.8,27.3,34.1,28.6,30.6,1990-09-05 00:13:00,1990-09-05 12:38:00,44668.13,30589.82,1.8,1.8,0.0,3.0,24.9,40.3,231.0,15.76,3.73
Chennai,2006-03-05,2.0,31.3,23.1,26.8,36.5,27.1,31.0,2006-03-05 00:52:00,2006-03-05 12:48:00,42941.27,37804.5,0.0,0.0,0.0,0.0,16.2,31.0,139.0,22.2,4.84
Lucknow,2014-08-25,1.0,36.0,26.0,30.8,41.1,30.3,35.4,2014-08-25 00:12:00,2014-08-25 13:04:00,46283.32,41816.98,0.0,0.0,0.0,0.0,16.5,29.9,264.0,23.5,5.9
Mumbai,2011-01-30,0.0,30.2,18.9,24.1,30.4,18.1,23.8,2011-01-30 01:43:00,2011-01-30 13:00:00,40608.34,37911.28,0.0,0.0,0.0,0.0,15.3,27.0,351.0,20.44,5.29
Jabalpur,1992-08-18,61.0,26.7,23.0,24.7,30.9,26.2,28.3,1992-08-18 00:17:00,1992-08-18 13:10:00,46353.23,3465.86,6.5,6.5,0.0,13.0,17.4,32.4,250.0,5.65,1.39
Pimpri-Chinchwad,1990-03-31,0.0,35.0,18.0,26.3,34.8,17.2,25.7,1990-03-31 01:00:00,1990-03-31 13:18:00,44297.29,41740.07,0.0,0.0,0.0,0.0,19.5,38.2,288.0,26.74,6.98
Dhanbād,2019-05-05,1.0,36.1,22.4,28.8,39.7,22.9,31.6,2019-05-04 23:38:00,2019-05-05 12:44:00,47201.68,41805.68,0.0,0.0,0.0,0.0,11.8,33.1,243.0,22.13,5.65
Alīgarh,2003-11-12,0.0,26.0,13.4,19.8,26.4,12.5,19.6,2003-11-12 01:06:00,2003-11-12 11:57:00,39026.8,36137.75,0.0,0.0,0.0,0.0,7.7,14.8,23.0,16.75,3.13
Hyderābād,1988-12-21,0.0,27.0,15.9,20.7,27.5,15.8,20.7,1988-12-21 01:11:00,1988-12-21 12:17:00,39929.61,37003.17,0.0,0.0,0.0,0.0,9.4,22.3,95.0,19.13,4.0
Bangalore,1997-06-17,3.0,30.2,19.6,24.5,31.8,21.1,25.5,1997-06-17 00:24:00,1997-06-17 13:17:00,46392.9,42893.13,0.0,0.0,0.0,0.0,18.0,42.8,256.0,22.61,5.3
Gwalior,2002-02-07,1.0,26.6,12.0,18.5,26.8,10.5,17.6,2002-02-07 01:28:00,2002-02-07 12:34:00,39962.64,36025.07,0.0,0.0,0.0,0.0,9.8,18.7,320.0,17.93,3.8
Najafgarh,1993-11-17,1.0,28.8,16.7,22.7,27.9,16.5,22.5,1993-11-17 01:16:00,1993-11-17 11:57:00,38489.45,34902.52,0.0,0.0,0.0,0.0,15.8,32.8,290.0,15.03,3.71
Jaipur,2006-11-13,1.0,29.6,16.8,23.1,28.9,16.8,22.6,2006-11-13 01:14:00,2006-11-13 12:07:00,39125.9,35593.91,0.0,0.0,0.0,0.0,8.0,20.9,53.0,15.14,3.61
Indore,2005-08-06,51.0,27.3,22.6,24.5,28.5,24.4,26.3,2005-08-06 00:29:00,2005-08-06 13:35:00,47102.5,18401.9,0.3,0.3,0.0,2.0,24.9,48.2,254.0,12.09,2.92
Vasai-Virar,2011-10-20,3.0,31.6,24.1,27.8,38.3,29.6,33.8,2011-10-20 01:04:00,2011-10-20 12:42:00,41869.7,37327.12,0.0,0.0,0.0,0.0,8.9,20.9,324.0,20.94,4.39
Vishākhapatnam,2002-08-15,53.0,31.2,26.6,28.4,34.5,29.4,31.3,2002-08-15 00:09:00,2002-08-15 12:53:00,45824.61,22413.28,1.9,1.9,0.0,6.0,21.5,45.7,233.0,13.34,4.05
Hyderābād,1987-08-02,1.0,32.9,25.3,28.9,34.3,26.5,30.2,1987-08-02 00:25:00,1987-08-02 13:19:00,46408.37,40165.76,0.0,0.0,0.0,0.0,19.8,40.0,262.0,21.47,6.26
Guwāhāti,1982-04-09,0.0,33.2,19.9,27.0,34.7,22.7,28.8,1982-04-08 23:36:00,1982-04-09 12:13:00,45444.08,42648.66,0.0,0.0,0.0,0.0,13.4,28.8,25.0,24.33,5.89
Najafgarh,2000-07-23,53.0,28.8,24.3,26.3,31.8,28.2,30.0,2000-07-23 00:08:00,2000-07-23 13:48:00,49169.93,17535.19,1.8,1.8,0.0,5.0,16.2,32.8,229.0,10.51,2.68
Kalyān,2024-03-21,1.0,40.7,21.1,30.5,40.8,18.8,28.8,2024-03-21 01:10:00,2024-03-21 13:18:00,43713.11,40114.07,0.0,0.0,0.0,0.0,19.1,38.9,25.0,24.45,6.84
Mumbai,1987-07-02,65.0,27.3,25.8,26.5,31.9,30.2,31.2,1987-07-02 00:34:00,1987-07-02 13:50:00,47730.04,255.24,92.7,92.7,0.0,24.0,19.3,37.8,229.0,5.15,1.32
Bangalore,2022-02-13,3.0,28.4,15.9,21.7,28.9,16.3,21.3,2022-02-13 01:12:00,2022-02-13 12:54:00,42126.57,38029.89,0.0,0.0,0.0,0.0,13.7,29.9,82.0,22.89,5.23
Ludhiāna,1982-12-22,51.0,19.7,7.6,13.1,17.0,5.3,10.7,1982-12-22 01:50:00,1982-12-22 11:59:00,36508.34,33002.53,0.2,0.2,0.0,1.0,12.1,27.7,310.0,10.17,2.19
Rājkot,1997-02-27,0.0,35.8,18.1,27.0,35.9,19.2,26.9,1997-02-27 01:39:00,1997-02-27 13:19:00,42002.92,39353.92,0.0,0.0,0.0,0.0,9.7,22.0,340.0,22.48,5.65
Ghāziābād,1983-09-06,55.0,31.2,24.9,27.1,38.3,30.5,33.2,1983-09-06 00:30:00,1983-09-06 13:07:00,45389.0,22959.68,3.1,3.1,0.0,8.0,8.8,21.2,163.0,12.57,2.7
Ludhiāna,2016-10-24,0.0,32.2,17.7,24.9,32.3,18.1,24.8,2016-10-24 01:05:00,2016-10-24 12:15:00,40177.9,36978.19,0.0,0.0,0.0,0.0,9.8,23.4,333.0,17.47,4.48
Meerut,1991-12-08,1.0,24.9,11.3,18.0,25.0,10.5,17.7,1991-12-08 01:30:00,1991-12-08 11:51:00,37274.53,33420.19,0.0,0.0,0.0,0.0,7.7,16.2,340.0,13.45,2.4
Meerut,1995-01-22,0.0,17.8,5.4,11.0,13.5,2.2,7.5,1995-01-22 01:42:00,1995-01-22 12:18:00,38199.47,35194.64,0.0,0.0,0.0,0.0,20.8,41.8,301.0,16.46,3.05
Vasai-Virar,1981-08-13,51.0,28.1,25.2,26.7,30.9,29.2,30.1,1981-08-13 00:48:00,1981-08-13 13:38:00,46165.5,19412.04,2.7,2.7,0.0,13.0,25.7,51.8,243.0,10.93,2.78
Alīgarh,1996-01-31,1.0,21.6,4.8,13.4,19.0,1.8,10.8,1996-01-31 01:35:00,1996-01-31 12:26:00,39075.89,36000.0,0.0,0.0,0.0,0.0,7.6,21.2,308.0,17.86,3.24
Meerut,2015-06-01,53.0,38.1,25.5,32.2,40.5,26.1,33.3,2015-05-31 23:50:00,2015-06-01 13:42:00,49932.17,43930.45,0.9,0.9,0.0,3.0,8.1,20.9,105.0,25.27,6.37
Mumbai,2005-08-29,51.0,29.3,24.8,27.2,35.3,30.4,32.8,2005-08-29 00:52:00,2005-08-29 13:26:00,45175.51,40719.47,0.4,0.4,0.0,2.0,13.1,24.8,290.0,21.41,4.27
Aurangābād,2012-07-20,53.0,29.5,23.5,26.0,31.2,25.8,28.1,2012-07-20 00:29:00,2012-07-20 13:39:00,47390.01,31916.14,2.6,2.6,0.0,9.0,22.0,43.9,267.0,16.2,4.13
Supaul,2006-12-17,0.0,26.6,11.6,19.5,27.3,11.2,19.3,2006-12-17 00:53:00,2006-12-17 11:24:00,37830.46,34840.05,0.0,0.0,0.0,0.0,8.8,14.4,300.0,14.74,2.89
Hāora,1996-02-04,0.0,27.4,13.4,20.2,27.1,12.9,19.5,1996-02-04 00:44:00,1996-02-04 11:56:00,40291.05,37538.18,0.0,0.0,0.0,0.0,11.9,28.4,356.0,19.53,4.24
Nāsik,1989-10-26,1.0,31.9,18.5,25.1,33.1,18.9,25.6,1989-10-26 01:03:00,1989-10-26 12:34:00,41412.55,38073.07,0.0,0.0,0.0,0.0,12.3,29.9,73.0,20.37,4.83
Chandīgarh,2004-01-13,1.0,20.6,8.6,14.4,20.3,7.3,13.9,2004-01-13 01:51:00,2004-01-13 12:10:00,37197.59,34076.2,0.0,0.0,0.0,0.0,8.8,19.1,349.0,12.69,2.15
Madurai,1985-02-24,0.0,35.3,19.4,27.0,34.7,20.1,27.1,1985-02-24 01:04:00,1985-02-24 12:57:00,42816.04,40333.08,0.0,0.0,0.0,0.0,14.6,36.4,44.0,26.22,6.62
Āgra,2001-10-20,0.0,34.8,16.2,25.7,34.5,15.2,25.3,2001-10-20 00:50:00,2001-10-20 12:15:00,41049.16,38299.59,0.0,0.0,0.0,0.0,10.1,19.1,29.0,19.76,4.97
Patna,2022-03-04,0.0,30.4,15.7,22.8,30.0,15.1,22.2,2022-03-04 00:39:00,2022-03-04 12:22:00,42179.86,39446.82,0.0,0.0,0.0,0.0,19.5,34.6,277.0,19.67,5.13
Bangalore,2020-10-30,1.0,26.9,17.3,21.6,27.4,17.5,21.9,2020-10-30 00:43:00,2020-10-30 12:23:00,42040.91,39349.75,0.0,0.0,0.0,0.0,14.0,28.4,66.0,22.01,4.63
Kolkāta,2023-06-21,63.0,33.7,27.4,29.5,39.6,33.1,35.4,2023-06-20 23:22:00,2023-06-21 12:53:00,48669.94,16365.38,11.7,11.7,0.0,10.0,19.9,35.6,171.0,12.11,2.99
Kanpur,1991-01-24,0.0,24.1,9.0,16.5,21.8,6.7,14.4,1991-01-24 01:26:00,1991-01-24 12:14:00,38873.93,35473.38,0.0,0.0,0.0,0.0,12.7,25.9,284.0,16.87,3.67
Supaul,2004-09-04,53.0,31.8,25.6,28.4,38.7,30.7,34.5,2004-09-03 23:54:00,2004-09-04 12:29:00,45294.27,38706.46,1.8,1.8,0.0,5.0,10.5,24.1,92.0,16.0,3.4
Vadodara,2000-12-31,63.0,23.0,14.8,18.6,23.2,15.1,18.5,2000-12-31 01:46:00,2000-12-31 12:34:00,38849.18,26882.07,11.5,11.5,0.0,7.0,13.2,29.5,106.0,10.72,2.24
Vasai-Virar,1986-04-24,2.0,33.3,25.9,29.2,38.9,32.0,34.8,1986-04-24 00:45:00,1986-04-24 13:29:00,45843.96,41274.53,0.0,0.0,0.0,0.0,15.8,34.6,227.0,25.12,5.6
Delhi,2003-05-06,1.0,37.7,21.0,29.8,37.2,18.4,27.3,2003-05-06 00:06:00,2003-05-06 13:28:00,48135.11,44517.3,0.0,0.0,0.0,0.0,10.7,23.4,26.0,28.21,7.68
Aurangābād,1999-01-19,0.0,28.0,14.2,20.9,27.8,12.5,19.6,1999-01-19 01:36:00,1999-01-19 12:42:00,39961.64,36751.76,0.0,0.0,0.0,0.0,9.7,24.8,121.0,19.58,4.21
Alīgarh,1996-05-17,1.0,37.2,23.7,30.8,37.5,23.9,30.9,1996-05-16 23:57:00,1996-05-17 13:31:00,48858.47,44879.56,0.0,0.0,0.0,0.0,19.7,37.1,313.0,27.59,8.12
Vārānasi,1981-06-08,0.0,38.5,27.4,33.6,43.1,30.9,36.8,1981-06-07 23:36:00,1981-06-08 13:17:00,49219.16,46298.69,0.0,0.0,0.0,0.0,15.1,28.8,78.0,25.18,7.28
Vārānasi,2021-10-17,63.0,32.2,25.4,28.0,38.2,29.9,32.7,2021-10-17 00:27:00,2021-10-17 11:59:00,41486.02,33751.57,6.5,6.5,0.0,8.0,19.6,37.8,82.0,16.07,3.68
Ghāziābād,2000-05-02,0.0,42.1,23.4,32.9,40.3,22.0,31.0,2000-05-02 00:08:00,2000-05-02 13:26:00,47872.94,44378.77,0.0,0.0,0.0,0.0,16.7,35.3,302.0,28.45,8.85
Ludhiāna,1984-11-25,0.0,22.5,8.8,15.2,20.6,7.3,13.6,1984-11-25 01:31:00,1984-11-25 11:55:00,37396.36,34173.06,0.0,0.0,0.0,0.0,9.2,22.7,307.0,14.34,2.71
Haldwāni,2014-11-29,0.0,26.7,11.3,18.7,25.3,10.6,17.9,2014-11-29 01:16:00,2014-11-29 11:43:00,37599.74,33599.29,0.0,0.0,0.0,0.0,13.2,31.7,308.0,14.58,3.13
Vasai-Virar,1980-04-18,0.0,33.9,24.8,28.6,38.1,30.7,33.3,1980-04-18 00:49:00,1980-04-18 13:27:00,45507.54,42548.98,0.0,0.0,0.0,0.0,18.3,36.4,268.0,26.2,5.89
Hāora,1982-03-31,1.0,35.9,23.7,29.5,36.0,27.7,31.5,1982-03-31 00:00:00,1982-03-31 12:21:00,44464.75,39606.79,0.0,0.0,0.0,0.0,18.2,37.8,241.0,25.03,6.8
Najafgarh,2024-10-13,2.0,32.0,19.2,25.8,33.4,21.1,27.3,2024-10-13 00:51:00,2024-10-13 12:24:00,41533.99,37132.05,0.0,0.0,0.0,0.0,10.4,17.3,20.0,17.94,4.2
Jaipur,1985-06-28,0.0,38.1,28.8,33.3,40.6,29.9,34.6,1985-06-28 00:05:00,1985-06-28 13:54:00,49748.11,43426.25,0.0,0.0,0.0,0.0,21.5,41.8,259.0,26.53,8.64
Meerut,2003-07-24,61.0,32.7,26.0,29.7,40.1,32.3,36.7,2003-07-24 00:05:00,2003-07-24 13:46:00,49253.62,39644.9,3.9,3.9,0.0,7.0,6.6,30.6,94.0,20.81,4.49
Prayagraj,2006-01-10,0.0,21.4,5.7,13.5,19.3,3.5,11.3,2006-01-10 01:20:00,2006-01-10 11:59:00,38389.3,34924.64,0.0,0.0,0.0,0.0,10.6,21.2,276.0,16.8,3.04
Kanpur,2023-11-24,0.0,25.9,12.4,18.8,26.8,11.8,19.1,2023-11-24 01:04:00,2023-11-24 11:46:00,38523.84,33096.36,0.0,0.0,0.0,0.0,9.5,14.0,330.0,13.97,2.72
Chennai,1983-06-05,2.0,36.4,28.1,31.9,41.5,31.6,36.1,1983-06-05 00:11:00,1983-06-05 13:03:00,46304.82,39996.25,0.0,0.0,0.0,0.0,22.0,34.6,220.0,20.84,5.94
Bilāspur,1993-11-12,1.0,27.9,14.1,21.7,29.3,13.9,21.9,1993-11-12 00:41:00,1993-11-12 11:49:00,40067.27,36889.23,0.0,0.0,0.0,0.0,7.9,16.9,322.0,18.87,3.82
Patna,1995-08-05,61.0,29.2,25.5,27.0,35.2,30.6,32.9,1995-08-04 23:47:00,1995-08-05 13:03:00,47720.48,10050.06,6.2,6.2,0.0,13.0,11.1,19.1,162.0,6.61,1.53
Dhanbād,1995-03-01,1.0,30.1,14.8,22.6,29.2,14.8,21.5,1995-03-01 00:36:00,1995-03-01 12:16:00,42013.69,39290.8,0.0,0.0,0.0,0.0,14.8,31.3,309.0,22.05,5.46
Bhopāl,1987-05-16,0.0,38.1,24.8,32.1,39.4,25.0,31.8,1987-05-16 00:08:00,1987-05-16 13:24:00,47755.43,44030.56,0.0,0.0,0.0,0.0,10.3,21.2,246.0,27.32,7.44
Rānchi,1987-11-26,0.0,22.5,10.3,16.4,21.7,8.4,14.8,1987-11-26 00:39:00,1987-11-26 11:31:00,39117.46,35809.12,0.0,0.0,0.0,0.0,12.3,24.1,324.0,18.01,3.63
Indore,2013-01-10,0.0,26.3,10.0,18.1,24.0,7.3,15.4,2013-01-10 01:38:00,2013-01-10 12:29:00,39020.17,35830.12,0.0,0.0,0.0,0.0,9.4,22.0,52.0,17.9,4.17
Supaul,2001-03-16,0.0,34.0,20.2,26.6,30.7,17.0,23.7,2001-03-16 00:21:00,2001-03-16 12:22:00,43264.89,39813.77,0.0,0.0,0.0,0.0,24.5,46.8,270.0,24.25,8.12
Mirzāpur,1996-03-12,0.0,36.4,20.4,28.8,35.3,20.4,28.2,1996-03-12 00:41:00,1996-03-12 12:37:00,42946.49,39481.91,0.0,0.0,0.0,0.0,21.5,41.0,274.0,23.05,7.09
Hāora,2005-10-21,63.0,25.0,23.6,24.3,28.8,27.2,28.0,2005-10-21 00:05:00,2005-10-21 11:36:00,41451.97,0.0,37.7,37.7,0.0,24.0,23.0,40.3,159.0,2.51,0.65
Bangalore,2022-07-18,61.0,26.7,18.8,21.8,28.3,20.1,23.4,2022-07-18 00:32:00,2022-07-18 13:19:00,46071.55,13079.52,5.0,5.0,0.0,10.0,22.1,41.0,266.0,13.76,2.83
Chennai,1986-09-12,53.0,34.5,26.9,29.8,41.0,30.9,34.2,1986-09-12 00:28:00,1986-09-12 12:42:00,44081.85,39677.69,1.1,1.1,0.0,2.0,23.4,31.3,184.0,21.76,5.45
Ahmedabad,2022-07-17,53.0,32.4,26.3,28.9,37.6,30.6,33.4,2022-07-17 00:33:00,2022-07-17 13:57:00,48211.71,41136.05,1.6,1.6,0.0,9.0,18.7,36.4,197.0,21.9,5.07
Nāgpur,1993-10-08,2.0,30.1,23.4,26.0,35.1,26.2,30.1,1993-10-08 00:36:00,1993-10-08 12:25:00,42516.98,33202.46,0.0,0.0,0.0,0.0,11.0,31.7,55.0,15.03,3.28
Mumbai,2021-01-29,0.0,28.3,16.8,22.7,30.4,17.2,23.2,2021-01-29 01:43:00,2021-01-29 12:59:00,40585.18,37886.18,0.0,0.0,0.0,0.0,17.9,33.5,338.0,19.56,4.39
Vārānasi,2015-12-18,0.0,21.6,9.0,15.3,19.7,7.7,13.8,2015-12-18 01:07:00,2015-12-18 11:41:00,38023.32,34386.33,0.0,0.0,0.0,0.0,11.8,25.9,269.0,15.49,2.89
Najafgarh,2008-10-15,53.0,32.5,21.6,26.4,35.3,24.5,29.0,2008-10-15 00:53:00,2008-10-15 12:22:00,41349.36,36203.71,1.4,1.4,0.0,3.0,14.8,31.7,122.0,17.5,4.07
Vishākhapatnam,2020-06-16,61.0,31.2,26.5,28.9,35.3,30.0,33.0,2020-06-15 23:52:00,2020-06-16 13:03:00,47461.55,11219.1,4.8,4.8,0.0,6.0,24.2,48.2,226.0,13.19,3.62
Sūrat,2019-03-18,0.0,36.4,19.8,27.7,36.0,19.4,26.3,2019-03-18 01:15:00,2019-03-18 13:19:00,43452.81,39732.15,0.0,0.0,0.0,0.0,16.1,34.6,331.0,24.3,6.96
Rānchi,1994-02-17,3.0,25.3,12.5,20.1,25.2,12.4,20.6,1994-02-17 00:49:00,1994-02-17 12:15:00,41127.16,30883.97,0.0,0.0,0.0,0.0,7.4,18.7,224.0,13.67,2.79
Ahmedabad,1997-02-20,0.0,29.3,13.4,21.4,28.2,10.0,18.9,1997-02-20 01:38:00,1997-02-20 13:08:00,41414.47,38727.94,0.0,0.0,0.0,0.0,16.0,31.7,43.0,21.9,5.64
Rānchi,2007-10-21,0.0,27.7,15.5,21.4,29.6,15.3,21.9,2007-10-21 00:18:00,2007-10-21 11:48:00,41402.96,37317.45,0.0,0.0,0.0,0.0,8.7,17.3,315.0,20.88,4.26
Aurangābād,1998-01-29,1.0,28.4,13.7,21.7,29.4,12.9,21.3,1998-01-29 01:34:00,1998-01-29 12:48:00,40432.05,37562.05,0.0,0.0,0.0,0.0,11.2,22.3,37.0,20.3,4.38
Sūrat,2016-03-21,0.0,33.5,22.1,27.4,35.8,23.6,29.3,2016-03-21 01:11:00,2016-03-21 13:20:00,43723.38,40521.91,0.0,0.0,0.0,0.0,12.6,20.2,281.0,25.28,6.03
Patna,1982-01-26,1.0,27.0,15.6,20.7,27.7,16.0,20.9,1982-01-26 01:05:00,1982-01-26 11:58:00,39187.71,35972.45,0.0,0.0,0.0,0.0,16.0,24.8,344.0,16.42,3.41
Rānchi,2011-03-07,0.0,31.2,18.6,24.4,27.1,15.2,20.4,2011-03-07 00:35:00,2011-03-07 12:23:00,42531.28,39600.0,0.0,0.0,0.0,0.0,22.6,47.5,304.0,24.01,7.88
Mirzāpur,1983-05-09,51.0,39.4,26.5,32.4,43.0,28.5,34.7,1983-05-08 23:49:00,1983-05-09 13:03:00,47694.06,38855.54,0.8,0.8,0.0,5.0,15.8,31.7,80.0,25.45,7.37
Rājkot,2014-04-17,2.0,37.9,22.9,29.3,39.9,26.0,31.3,2014-04-17 00:55:00,2014-04-17 13:37:00,45743.2,41171.81,0.0,0.0,0.0,0.0,17.1,32.8,244.0,26.18,7.04
Haldwāni,2012-03-03,0.0,27.6,8.7,19.4,24.3,6.0,16.4,2012-03-03 01:04:00,2012-03-03 12:42:00,41890.56,38486.16,0.0,0.0,0.0,0.0,21.6,51.5,289.0,21.84,5.55
Bhopāl,1985-12-07,1.0,27.2,11.3,19.2,26.6,9.0,17.3,1985-12-07 01:18:00,1985-12-07 12:04:00,38732.2,35301.77,0.0,0.0,0.0,0.0,10.4,21.6,117.0,17.12,3.83
Patna,2012-10-31,1.0,29.4,16.1,22.5,31.2,16.6,23.8,2012-10-31 00:27:00,2012-10-31 11:39:00,40284.13,36068.57,0.0,0.0,0.0,0.0,7.4,18.4,259.0,18.55,3.78
Vasai-Virar,1989-12-13,1.0,31.2,20.7,25.7,32.1,21.1,26.2,1989-12-13 01:33:00,1989-12-13 12:32:00,39515.41,36000.0,0.0,0.0,0.0,0.0,12.9,27.0,62.0,17.75,4.4
Mirzāpur,1982-07-11,63.0,35.9,27.9,31.9,42.5,34.2,37.6,1982-07-10 23:47:00,1982-07-11 13:23:00,48960.94,37251.47,7.1,7.1,0.0,6.0,13.5,25.6,111.0,20.04,5.17
Srīnagar,1982-12-11,3.0,4.8,-3.8,1.4,1.2,-8.4,-2.6,1982-12-11 01:55:00,1982-12-11 11:51:00,35746.52,29446.88,0.0,0.0,0.0,0.0,5.8,19.1,276.0,11.32,1.47
Patna,1995-02-03,51.0,24.4,8.3,17.4,23.3,6.5,15.9,1995-02-03 01:02:00,1995-02-03 12:04:00,39728.36,36893.89,0.1,0.1,0.0,1.0,9.8,20.2,289.0,18.78,3.74
Chandīgarh,1988-05-17,61.0,40.7,25.5,33.0,42.3,25.7,33.0,1988-05-16 23:56:00,1988-05-17 13:41:00,49528.96,43508.94,2.1,2.1,0.0,4.0,21.0,40.0,110.0,25.84,8.19
Ahmedabad,1987-06-29,63.0,35.2,29.0,31.0,41.7,34.3,36.3,1987-06-29 00:26:00,1987-06-29 13:58:00,48727.82,32400.0,9.5,9.5,0.0,3.0,16.3,33.1,216.0,18.28,4.88
Gwalior,2010-06-07,1.0,39.4,27.8,34.2,40.1,27.4,35.2,2010-06-06 23:54:00,2010-06-07 13:37:00,49410.98,44628.53,0.0,0.0,0.0,0.0,25.3,47.5,234.0,21.27,7.83
Alīgarh,2016-02-05,0.0,22.5,7.1,14.6,20.9,5.1,12.8,2016-02-05 01:32:00,2016-02-05 12:30:00,39484.82,36000.0,0.0,0.0,0.0,0.0,8.8,21.2,280.0,18.24,3.37
Bilāspur,1983-10-20,0.0,28.0,16.1,22.0,29.5,16.4,22.8,1983-10-20 00:29:00,1983-10-20 12:03:00,41623.32,38477.76,0.0,0.0,0.0,0.0,10.1,23.0,359.0,21.5,4.33
Mumbai,2004-12-24,0.0,30.5,19.7,25.0,31.6,20.4,25.5,2004-12-24 01:38:00,2004-12-24 12:37:00,39531.3,36018.39,0.0,0.0,0.0,0.0,14.3,23.4,4.0,17.74,4.76
Haldwāni,1987-07-05,63.0,35.1,25.3,30.1,40.3,30.8,35.2,1987-07-04 23:47:00,1987-07-05 13:45:00,50240.98,45890.92,14.6,14.6,0.0,10.0,11.1,32.8,86.0,19.67,4.77
Najafgarh,1985-04-19,1.0,39.9,23.3,31.7,39.7,19.9,29.2,1985-04-19 00:22:00,1985-04-19 13:19:00,46655.65,43009.88,0.0,0.0,0.0,0.0,14.6,31.3,272.0,27.13,8.7
Najafgarh,2013-03-23,53.0,32.4,17.4,25.7,32.6,17.9,25.2,2013-03-23 00:52:00,2013-03-23 13:04:00,43970.84,41209.58,1.7,1.7,0.0,4.0,15.4,30.6,120.0,23.0,6.24
Chennai,2018-02-21,3.0,28.8,20.0,24.5,32.2,23.1,27.5,2018-02-21 00:59:00,2018-02-21 12:46:00,42432.59,39355.83,0.0,0.0,0.0,0.0,13.1,32.4,67.0,23.51,4.74
Bangalore,1984-12-10,0.0,26.8,13.0,19.7,26.9,12.5,19.3,1984-12-10 01:01:00,1984-12-10 12:23:00,40961.41,38189.11,0.0,0.0,0.0,0.0,11.2,34.2,61.0,21.29,4.4
Pune,1986-12-24,0.0,30.2,18.4,23.2,30.0,18.3,23.2,1986-12-24 01:33:00,1986-12-24 12:34:00,39660.28,36084.34,0.0,0.0,0.0,0.0,12.3,30.2,255.0,17.79,4.01
Rānchi,1985-11-19,1.0,23.9,13.1,18.2,24.1,11.3,17.3,1985-11-19 00:35:00,1985-11-19 11:32:00,39441.57,36000.0,0.0,0.0,0.0,0.0,14.0,28.8,328.0,16.6,3.52
Delhi,2011-02-26,53.0,20.9,11.0,15.9,22.0,9.9,15.3,2011-02-26 01:19:00,2011-02-26 12:48:00,41359.54,37044.13,0.8,0.8,0.0,2.0,10.2,29.2,23.0,17.0,3.0
Srīnagar,2017-02-22,73.0,1.4,-4.3,-1.0,-0.5,-7.4,-4.1,2017-02-22 01:37:00,2017-02-22 12:50:00,40394.87,37392.79,2.7,0.6,1.47,5.0,4.7,12.6,136.0,16.59,1.61
Vishākhapatnam,2017-12-03,1.0,27.5,18.8,22.9,28.0,19.1,23.5,2017-12-03 00:42:00,2017-12-03 11:51:00,40078.84,36944.83,0.0,0.0,0.0,0.0,18.4,37.1,50.0,18.37,4.18
Lucknow,2008-08-27,63.0,32.3,25.8,28.0,38.6,31.9,34.3,2008-08-27 00:13:00,2008-08-27 13:01:00,46072.29,26274.15,10.9,10.9,0.0,14.0,11.9,25.9,241.0,13.52,2.9
Ghāziābād,1981-09-17,61.0,32.6,24.9,27.9,37.4,28.0,31.7,1981-09-17 00:36:00,1981-09-17 12:53:00,44232.16,39600.0,4.6,4.6,0.0,3.0,20.0,33.5,94.0,19.19,4.39
Kolkāta,1992-09-18,2.0,31.4,24.2,27.9,37.5,29.1,33.4,1992-09-17 23:53:00,1992-09-18 12:07:00,43967.44,38430.08,0.0,0.0,0.0,0.0,7.1,20.2,284.0,19.12,4.03
Nāgpur,2000-11-27,1.0,30.3,17.6,23.4,30.5,16.7,22.8,2000-11-27 01:01:00,2000-11-27 12:00:00,39520.85,36730.89,0.0,0.0,0.0,0.0,9.6,22.7,109.0,17.84,4.27
Alīgarh,1987-04-09,0.0,35.3,20.4,28.1,35.8,18.8,26.8,1987-04-09 00:30:00,1987-04-09 13:09:00,45571.37,42390.52,0.0,0.0,0.0,0.0,14.0,30.6,318.0,25.69,7.27
Bangalore,2014-03-15,1.0,32.4,16.0,24.3,30.0,14.8,21.9,2014-03-15 00:57:00,2014-03-15 13:00:00,43382.82,40901.19,0.0,0.0,0.0,0.0,17.3,38.2,90.0,27.37,7.46
Kalyān,2001-08-06,63.0,26.5,23.5,24.5,30.4,28.0,29.2,2001-08-06 00:45:00,2001-08-06 13:40:00,46511.18,1167.97,24.4,24.4,0.0,24.0,12.1,28.1,228.0,5.74,1.24
Jamshedpur,1990-11-13,1.0,29.2,20.3,24.6,31.9,22.4,27.6,1990-11-13 00:27:00,1990-11-13 11:32:00,39899.88,36000.0,0.0,0.0,0.0,0.0,11.0,28.1,26.0,14.78,3.11
Hāora,1981-07-25,61.0,32.3,25.6,28.8,38.6,31.4,34.4,1981-07-24 23:35:00,1981-07-25 12:51:00,47760.86,43200.0,2.3,2.3,0.0,4.0,14.8,29.9,182.0,19.06,4.2
Vasai-Virar,2007-02-23,0.0,33.4,20.7,26.7,35.2,23.2,29.2,2007-02-23 01:32:00,2007-02-23 13:11:00,41949.88,39012.49,0.0,0.0,0.0,0.0,13.4,25.2,230.0,22.55,5.14
Vishākhapatnam,1997-02-24,1.0,29.5,20.7,25.2,33.0,23.9,28.2,1997-02-24 00:49:00,1997-02-24 12:31:00,42182.2,38969.48,0.0,0.0,0.0,0.0,18.1,33.8,208.0,20.95,4.49
Farīdābād,1996-06-07,1.0,37.6,27.4,32.8,41.9,30.8,36.4,1996-06-06 23:52:00,1996-06-07 13:46:00,50024.61,44947.3,0.0,0.0,0.0,0.0,14.0,33.1,140.0,24.49,6.49
Meerut,1981-10-05,0.0,31.4,18.1,24.5,30.7,17.8,24.0,1981-10-05 00:44:00,1981-10-05 12:30:00,42378.16,39169.21,0.0,0.0,0.0,0.0,15.9,32.8,303.0,21.29,5.56
Rājkot,2009-03-30,1.0,37.5,22.6,30.2,39.2,25.5,31.0,2009-03-30 01:11:00,2009-03-30 13:31:00,44410.94,40280.62,0.0,0.0,0.0,0.0,12.0,25.6,333.0,25.28,6.88
